0,1,2,3,4,5,6,7,8,9,10,11
0.077195225,0.07720846913058517,0.07722168678607946,0.07728560926304391,0.07734937380419644,0.07758907390484114,0.07782661361632318,0.0780619911191545,0.07905426900578191,0.07950815366385436,0.07995262251438687,0.080243413739136
0.007719522500000001,0.00772155948269546,0.007723592315916032,0.007733423430184153,0.007743230360472939,0.007780096999119235,0.007816632966184171,0.007852837990301693,0.008005474913029413,0.008075295238538496,0.008143669980856503,0.008188404816413097
0.06947570250000001,0.06948709157399839,0.06949845481830738,0.06955341100543316,0.0696082359010722,0.06981437111757433,0.07001871457947217,0.07022126399760156,0.0710748293255563,0.07146512310202038,0.0718473682147833,0.07209741601727275
0.006947570250000002,0.006949321899509489,0.006951069507625885,0.006959521525342454,0.006967953449913712,0.006999657408012532,0.007031087280779638,0.007062242724851587,0.007193543041488545,0.007253582174368669,0.007312385967141095,0.007350853893267841
0.06252813225000002,0.06253773900391493,0.06254732379833397,0.06259368378812832,0.06263993882754085,0.0628139010097585,0.06298643112076194,0.063157526115666,0.06387876194165308,0.06420877015791726,0.06453217707484606,0.06474380896019105
0.006252813225000002,0.006254290738835027,0.006255764816286903,0.006262894711370542,0.006270008553907846,0.006296764056099812,0.0063233006312784345,0.0063496178201365855,0.006460563030585708,0.006511329021288914,0.006561082117526569,0.006593640741264142
0.05627531902500002,0.056283245881395716,0.056291156221273383,0.05632942369996584,0.05636761085482147,0.056511281348374284,0.05665385364539951,0.05679532404993194,0.05739227149656388,0.057665864325828625,0.05793428152129925,0.05811007002940739
0.005627531902500002,0.005628751066757119,0.005629967645614003,0.005635853066365779,0.005641726207423788,0.005663823236511099,0.005685752464843701,0.00570751333255351,0.0057993419038557745,0.005841430752957796,0.005882725725936701,0.0059097711230028
0.05064778712250002,0.05065421033258625,0.050660625102854934,0.05069166613503748,0.05072264818279618,0.05083925774617318,0.0509550538187128,0.05107003210102053,0.051556034922640416,0.051779485503136415,0.051999104311390584,0.05214314843358792
0.005064778712250002,0.0050657666118022636,0.005066753177755496,0.005071527195019313,0.0050762922031728904,0.005094227203239992,0.00511203801841994,0.005129723995860197,0.0052044868740877956,0.00523886268929378,0.005272651103815988,0.005294813256810207
0.045583008410250016,0.04558803387376708,0.04559305956013989,0.045617388544027186,0.045641677346262954,0.04573313881170945,0.04582403579847484,0.04591436366381716,0.04629725551157949,0.04647419573246817,0.04664856912897412,0.046763206658266644
0.004558300841025002,0.0045590737425694255,0.004559846648717562,0.004563588257142172,0.004567323737988193,0.004581390466786183,0.004595371157335859,0.004609265104070183,0.004668165277875112,0.004695385571402908,0.004722212748920692,0.004739850412516659
0.041024707569225015,0.04102838541640342,0.041032069943303884,0.041049915532730796,0.041067737181196766,0.04113488593908814,0.04120168743484942,0.041268137303988796,0.041550963879749395,0.041682574127404615,0.04181273825896153,0.04189858425264972
0.004102470756922502,0.00410303636449267,0.0041036029740088645,0.004106347300650289,0.004109087984893056,0.0041194147479642566,0.004129688698994279,0.004139909174964812,0.004183413547335019,0.004203658807583874,0.004223682875900585,0.004236889720256364
0.036922236812302514,0.0369246278560355,0.03692702712049997,0.03693865379967305,0.03695026901068448,0.03699406390953667,0.03703768420825227,0.037081126690590126,0.03726686232165872,0.03735392424493417,0.0374403597685774,0.03749755667197665
0.0036922236812302516,0.0036925914134005146,0.0036929603966683083,0.003694748474187902,0.0036965348079546563,0.0037032703232805523,0.003709979288167827,0.0037166612130497437,0.0037452312507044263,0.0037586236962129987,0.0037719204368368447,0.0037807195677966583
0.03323001313107227,0.033231493317720046,0.033232981787199856,0.03324019878048656,0.03324741083077659,0.03327461884372564,0.033301744085287965,0.03332878432436675,0.03344490012788167,0.033499752793588924,0.03355442354233782,0.03359072577077035
0.0033230013131072267,0.0033232289642094568,0.0033234578822330246,0.003324567818139139,0.003325677003640007,0.003329861581539012,0.00333403357893132,0.003338192655589088,0.0033560534770583792,0.0033644910964386993,0.0033729010548706065,0.0033784855459155607
0.02990701181796504,0.029907834313642433,0.029908664399317598,0.029912692108859596,0.029916718228799863,0.0299319139274137,0.029947075318621987,0.02996220090375802,0.030027486314949687,0.030058649553839932,0.030089862679684786,0.030110679910097245
0.002990701181796504,0.0029908276755486792,0.002990955332685919,0.0029915747470658184,0.0029921939214845542,0.002994530900604326,0.002996862673433773,0.0029991890110658732,0.0030092304726333494,0.003014023726845013,0.0030188247925506642,0.003022026872319656
0.026916310636168537,0.026916631800263165,0.026916959295764813,0.02691855112842755,0.026920143012255246,0.02692615355508891,0.0269321549946803,0.026938146381304564,0.026964255654767448,0.026977016398792332,0.02698993148992097,0.02699862459947741
0.002691631063616854,0.0026916804394046747,0.0026917307860349466,0.0026919755017899756,0.002692220226943295,0.002693144261664174,0.0026940669225747668,0.002694988064428762,0.0026990023413995725,0.0027009642406241813,0.00270294988828791,0.0027042864279610396
0.024224679572551682,0.024224566792074406,0.024224458189455237,0.02422393497861523,0.02422341239383203,0.02422143824148453,0.024219466503126303,0.024217496703575547,0.02420920065139918,0.024205612470533832,0.024202180517102156,0.024199984960513222
0.002422467957255168,0.0024224505697861124,0.002422433821466395,0.002422353129128384,0.0024222725319447934,0.002421968055900776,0.0024216639402943924,0.002421360112260736,0.0024200800547865275,0.00241952588551552,0.0024189955812483578,0.0024186561638556785
0.01614978638170112,0.016149673603458644,0.016149565005873855,0.016149041878790515,0.01614851944418582,0.01614654642269513,0.016144576755411748,0.016142609983959437,0.016134337979181578,0.016130767269343843,0.01612735638438081,0.016125176779365313
0.0016149786381701122,0.0016149612530842832,0.0016149445078832716,0.0016148638397078783,0.0016147832765745485,0.0016144790127414006,0.0016141752488132806,0.0016138719143786188,0.0016125956268778412,0.0016120441672802367,0.0016115171163707976,0.0016111801565604042
0.017944207090779023,0.01794452825075548,0.017944855728499656,0.017946447166383175,0.017948038309151093,0.017954043120846634,0.017960033946925098,0.01796600976722551,0.01799199406885855,0.0180046624771459,0.018017463766626097,0.018026069010225975
0.0017944207090779024,0.0017944700289752535,0.0017945203112846098,0.0017947646664058681,0.001795008980909209,0.001795931047005363,0.0017968510441385135,0.001797768817886369,0.0018017595344288352,0.0018037048387530288,0.0018056705501919255,0.001806991900831604
0.01993800787864336,0.019938830349156833,0.019939660359753104,0.019943686602103217,0.019947710019458557,0.01996288507604254,0.019978008485208497,0.019993078557651426,0.02005792381574897,0.020088764845030166,0.020119584350184426,0.020140100028005228
0.001993800787864336,0.0019939271462820164,0.0019940546446529125,0.0019946731216867585,0.0019952911829712546,0.0019976224881551614,0.001999946145260373,0.0020022619009190845,0.002012227428427252,0.002016966910792033,0.002021703452029349,0.002024856537545075
0.022153342087381508,0.02215482220468084,0.022156310484925123,0.022163523934887165,0.02217072950502172,0.022197888304740326,0.02222492331239915,0.022251832000492345,0.022366915019614995,0.02242101661555119,0.02247477528171197,0.02251038240902509
0.0022153342087381507,0.002215561595666976,0.0022157901995338808,0.0022168982193332453,0.002218005073245756,0.0022221773758988633,0.002226331346940608,0.0022304666099754516,0.002248155392085474,0.002256471252163634,0.002264735527951278,0.002270209786634824
0.024614824541535008,0.02461721542949409,0.024619614285511234,0.024631233477742098,0.02464283505097258,0.024686526797090547,0.02472995852810084,0.024773126793724738,0.024956731639243255,0.025042254098735357,0.02512683100193562,0.025182618602878657
0.002461482454153501,0.0024618496940137374,0.0024622180858741554,0.0024640024781795913,0.0024657842593264465,0.0024724953565364726,0.0024791679592895445,0.002485801556928225,0.002514022912667664,0.002527169427821538,0.0025401731605830704,0.0025487515016982248
0.02734980504615001,0.027353482469142956,0.027357166050166318,0.027374996017912236,0.027392789749892857,0.027459730349379274,0.027526154453091676,0.027592058375615475,0.027870703596595683,0.0279993174656401,0.0281258891877436,0.02820902721610285
0.002734980504615001,0.002735545845231997,0.0027361120819429222,0.0027388529368640225,0.002741588315625554,0.0027518797462780546,0.0027620931690734664,0.0027722280279153543,0.0028150874450749027,0.002834872960767697,0.002854347489605641,0.0028671406543538547
0.024614824541535008,0.02461653198101833,0.02461825859923027,0.024626634786310345,0.024635003213633308,0.02466654678444032,0.024697951290661768,0.024729212660251867,0.024863740316492185,0.024927793976658886,0.024991779758865254,0.025034389643063
0.002461482454153501,0.0024617447201888574,0.0024620098843019978,0.0024632962630041304,0.002464581499525654,0.00246942648100457,0.002474250875796845,0.002479054072506782,0.00249972602766961,0.0025095680644584895,0.0025194006598942627,0.0025259486982959155
0.016409883027690003,0.016411590302195377,0.0164133165458737,0.016421686449374768,0.016430043608034683,0.01646150283184514,0.01649275396739401,0.01652379290919243,0.01665659310998369,0.016719395029869796,0.016781866112175258,0.01682332467490747
0.0016409883027690003,0.0016412504305420906,0.0016415154076318962,0.001642800205603547,0.0016440831221804554,0.0016489131608916627,0.0016537124026427092,0.0016584802317794213,0.0016788829852068521,0.0016885311205971957,0.001698130074979218,0.0017045008233874794
0.03038867227350001,0.03039369703285552,0.030398721164217612,0.030423024668715708,0.0304472680324279,0.030538391736871614,0.03062867803533175,0.030718124757567355,0.03109433776675425,0.03126652308688664,0.03143522800400823,0.03154561331921086
0.003038867227350001,0.00303963977293269,0.003040412159320098,0.0030441485244894566,0.003047875758221846,0.003061886367523441,0.003075769920073031,0.003089526089199326,0.0031473949557184605,0.003173883949627951,0.0031998412625839864,0.0032168270372725386
0.02734980504615001,0.027352897545469258,0.02735600638740867,0.02737106686334533,0.02738610270636404,0.02744270681703789,0.027498940232944448,0.027554798054065997,0.027792253872638156,0.027903006920720837,0.02801256621440399,0.028084869802467195
0.002734980504615001,0.002735455939262117,0.0027359338470747704,0.0027382490564429544,0.0027405605459789916,0.002749263013085201,0.0027579094904135316,0.002766499235052574,0.0028030207341685678,0.002820056666216067,0.0028369111522092293,0.0028480352041364856
0.024614824541535008,0.0246162043332228,0.024617604254430686,0.0246244000919286,0.02463119140000278,0.024656800485409157,0.02468231446890489,0.02470772957135551,0.02481769925616128,0.024870563864602423,0.024923600487326187,0.024959061961718536
0.002461482454153501,0.0024616943917701428,0.0024619093837823505,0.002462953054963154,0.0024639960639569886,0.002467929429024712,0.0024718487174169254,0.0024757533597416733,0.002492649481212287,0.00250077080808246,0.002508919067071797,0.002514367225373164
0.016409883027690003,0.016411262705815964,0.016412662369122148,0.01641945387512509,0.016426237410775986,0.016451788232142574,0.016477196112920124,0.016502457099548777,0.016611219837482216,0.01666320476361108,0.01671517144538463,0.016749815982481143
0.0016409883027690003,0.0016412001475770977,0.0016414150135622707,0.0016424576089936246,0.001643499031800332,0.0016474221282340548,0.0016513240683531261,0.0016552042575568345,0.0016719124051486458,0.001679897467227238,0.0016878806940190216,0.001693203055842
0.018233203364100004,0.018236295507116758,0.018239403453189203,0.01825444789696844,0.018269454691154426,0.0183258407065615,0.018381677963799956,0.01843696313064185,0.01867006557175191,0.018777710150416536,0.018883556511286734,0.01895306977278089
0.0018233203364100004,0.0018237948870038802,0.0018242717131604976,0.0018265799344102593,0.001828882581365327,0.0018375363242826648,0.0018461089015284946,0.0018545998157964544,0.00189041412072055,0.001906954916154195,0.0019232245146847573,0.0019339111690854572
0.033765191415000013,0.033771613610393166,0.03377802613892236,0.03380903045199148,0.03383994705082825,0.03395607094794154,0.03407099049875173,0.03418470646931181,0.03466121426318275,0.034877937966949185,0.03508957137957452,0.03522764682308856
0.0033765191415000015,0.003377506509393002,0.0033784923039789153,0.003383258651228539,0.003388011661145041,0.0034058654709105095,0.0034235363012232664,0.0034410242736132397,0.003514317731287963,0.00354765700902212,0.003580217802115302,0.003601463307524016
0.030388672273500013,0.03039291269985985,0.030397161650543743,0.030417728653856137,0.030438253284186485,0.0305154614124925,0.030592063921558447,0.03066805661917456,0.030989086431977102,0.031137165505508116,0.031282855453421334,0.03137852723519778
0.0030388672273500015,0.0030395192243826952,0.003040172485870795,0.0030433346327937353,0.0030464903472204167,0.0030583620368595035,0.0030701418305177494,0.0030818290924437435,0.0031312091314997866,0.0031539887161860796,0.003176403471662698,0.0031911239934717802
0.027349805046150012,0.027352371546478595,0.027354955974268194,0.027367482090188144,0.027379991490510357,0.027427111818932745,0.027473969488142628,0.02752055974838364,0.027719423887941613,0.027812791855988096,0.027905463237914416,0.02796680411541989
0.0027349805046150014,0.0027353750915461816,0.0027357724051335435,0.002737698112593157,0.002739621297383822,0.002746865966911567,0.0027540709625870504,0.002761235563338435,0.002791820719501191,0.0028061817243071963,0.0028204370924666757,0.0028298736272352703
0.02461482454153501,0.024615914627927143,0.02461702258629559,0.02462240328002743,0.024627781430253064,0.024648068528673982,0.02466829198874383,0.024688448661684452,0.024775981837915243,0.024818315541352002,0.024860906377201807,0.024889455717407527
0.0024614824541535013,0.0024616498958092304,0.002461820054303536,0.0024626464135932957,0.002463472404337598,0.002466588367957944,0.002469694913354981,0.0024727915652015325,0.002486239556154548,0.002492742455997878,0.002499285088145964,0.0025036706871967565
0.016409883027690007,0.016410973037586492,0.016412080822200827,0.016417458595621232,0.01642283150326325,0.016443079252181227,0.016463230961204986,0.016483283273796244,0.01656999374124301,0.01661172526536594,0.016653580824683042,0.016681566848035616
0.0016409883027690008,0.0016411556828262756,0.001641325757479647,0.0016421513968596715,0.0016429763230836566,0.0016460853722631917,0.0016491802063786309,0.001652260319842289,0.0016655802242157751,0.0016719898451385549,0.0016784190667702558,0.0016827179240104073
0.018233203364100007,0.018235769615610745,0.01823835341206519,0.01825086816128145,0.01826335693438289,0.018310322004386252,0.018356897010271458,0.0184030777697421,0.01859879989407326,0.018689911141354685,0.01877987307038232,0.018839168769186412
0.0018233203364100008,0.0018237142743427071,0.001824110796472222,0.0018260314244198188,0.0018279482084353725,0.0018351577493488807,0.0018423095779980321,0.0018494030698961105,0.0018794754314245862,0.0018934754175807026,0.0019073023329679538,0.001916417126248346
0.020259114849000007,0.02026335470277332,0.02026760220322414,0.020288143170730945,0.020308620633327917,0.020385475386040755,0.020461437564278612,0.020536507102030702,0.02085060393803505,0.020993773148209435,0.021133639786807375,0.021224961806304957
0.002025911484900001,0.002026561971515782,0.002027213391306092,0.002030363798098551,0.002033504797317351,0.002045296439080529,0.002056956125963528,0.0020684838482750343,0.002116741638661675,0.0021387435090539737,0.0021602465446474346,0.0021742895871638946
0.03751687935000001,0.03752480483744441,0.03753271215031642,0.03757093004242149,0.0376090288444025,0.037752044618909096,0.03789343703136333,0.038033210881766165,0.038617471704137714,0.03888210934834895,0.03913992977838792,0.03930781887398711
0.003751687935000001,0.003752906354932526,0.003754121861586545,0.003759996776800211,0.0037658535756776666,0.0037878406248420997,0.0038095809334200885,0.003831075238410542,0.003920938987829566,0.003961647349106565,0.00400131272527502,0.004027144640878216
0.033765191415000013,0.033770549798330746,0.03377590959959504,0.03380184109285567,0.03382771171861419,0.03392497732533607,0.03402139151587667,0.03411695124118596,0.03451935543286731,0.03470386677141331,0.03488483834064301,0.035003356472258884
0.0033765191415000015,0.003377343026496501,0.0033781670680578142,0.0033821539498352145,0.0033861315768568857,0.0034010871680589336,0.0034159133874372286,0.003430609774403517,0.003492505695950169,0.003520889196588163,0.003548731427560723,0.0035669666755416517
0.030388672273500013,0.03039217028119738,0.030395680402242692,0.03041267985742796,0.030429650546229446,0.030493537006530767,0.030557001367081473,0.030620038942717274,0.030887550032906472,0.031011809938145476,0.031134513257326166,0.031215350040030735
0.0030388672273500015,0.0030394051046982247,0.0030399448116534664,0.003042558630980421,0.0030451680842502465,0.0030549919339596253,0.003064751730152792,0.0030744467610711815,0.0031155944718872074,0.0031347093332532634,0.003153586625281412,0.003166023785486134
0.027349805046150012,0.027351877830553296,0.02735396747673601,0.027364099388673457,0.027374220476033967,0.027412364827558135,0.027450330616077562,0.027488113718511824,0.02765002946556658,0.027726498027233377,0.027802619977780912,0.027853139272871384
0.0027349805046150014,0.002735299199996943,0.00273562046642256,0.002737178180657695,0.0027387342625129047,0.002744599115439509,0.002750436996108592,0.0027562472780156056,0.0027811493577239534,0.0027929105834338243,0.002804619494779531,0.0028123906855104094
0.02461482454153501,0.02461564572898302,0.024616481837635058,0.024620543890894138,0.024624604754832486,0.02463992759610679,0.02465521047593795,0.024670450914164015,0.024736880970217125,0.024769208344038656,0.02480182408825722,0.024823742451344326
0.0024614824541535013,0.002461608591225213,0.0024617369996705702,0.00246236084295484,0.0024629845172364495,0.0024653379619013946,0.002467685493891439,0.0024700267381343867,0.0024802317350541745,0.002485197015083853,0.002490206643753109,0.002493573123508436
0.016409883027690007,0.016410704166647607,0.016411540165136924,0.016415600365603886,0.016419657901965628,0.01643495573788642,0.016450192967250307,0.016465366924415265,0.016531269570497966,0.016563209368446973,0.01659535008655035,0.016616903323537574
0.0016409883027690008,0.001641114401348241,0.0016412427572823289,0.0016418661470686113,0.0016424891489372302,0.001644838212203836,0.0016471783054300315,0.0016495090264445874,0.0016596319391945962,0.0016645371831057764,0.0016694735441758791,0.0016727838009674926
0.018233203364100007,0.01823527598250216,0.018237365202473474,0.01824748938438506,0.01825759642002813,0.018295634738217076,0.01833340705446799,0.018370909276769834,0.018530650420223563,0.01860554847469193,0.01867977563644478,0.01872885869486768
0.0018233203364100008,0.001823638569401379,0.0018239592743537999,0.0018255134168828437,0.001827065023803678,0.0018329054663976572,0.001838706541350032,0.0018444676372458314,0.0018690127461438283,0.0018805214509980256,0.0018919293860476419,0.0018994736898184873
0.020259114849000007,0.020262612462321913,0.020266121577347293,0.020283102882157417,0.02030004064017623,0.02036367967224482,0.020426694455957503,0.02048908211566768,0.020751658295151357,0.020872399456960882,0.0209909045649554,0.021068589678663135
0.002025911484900001,0.002026448284289888,0.0020269866803077105,0.0020295921759669383,0.0020321912206902287,0.002041958540994258,0.0020516335312663466,0.002061215765129985,0.002101561881949415,0.00212011744999631,0.0021383354083017257,0.00215028026294318
0.022510127610000007,0.02251548518610821,0.02252084294685269,0.02254673787669466,0.0225725423161089,0.022669313037476345,0.022764832215512617,0.022859104151086884,0.02325191271274384,0.023429663499272717,0.02360265226213486,0.02371522993348362
0.0022510127610000006,0.002251834525544187,0.0022526559809628536,0.0022566263961066083,0.0022605834055946595,0.002275427093084044,0.002290085828243766,0.0023045602493391155,0.002364908516118425,0.002392225593261714,0.002418823161932562,0.0024361369989568966
0.04168542150000001,0.04169502642118675,0.041704607207583774,0.04175090211700963,0.04179704143154594,0.041970148109861674,0.042141139435363656,0.04231002552979272,0.04301483105663073,0.043333276761964926,0.04364303760532619,0.04384451881307494
0.004168542150000001,0.004170018957245374,0.004171491936128589,0.004178609551399841,0.004185703444678967,0.004212320296017996,0.004238614848868187,0.004264588651603769,0.004373001040818332,0.004421989548452257,0.004469648033441218,0.004500649590128563
0.037516879350000004,0.03752407666522744,0.03753127725403877,0.0375661032674213,0.03760083333702685,0.03773128810909218,0.03786040459847162,0.037988181973852196,0.03852403765126625,0.03876861296658955,0.03900786134123779,0.039164214738017
0.0037516879350000002,0.0037527944609943424,0.0037539013913277116,0.0037592551871281055,0.0037645943897420156,0.0037846511774789417,0.003804504541490795,0.00382415435858855,0.0039065721266034435,0.003944192988950847,0.003980999058549259,0.004005054414281285
0.03376519141500001,0.03377003528841939,0.033774893156118514,0.03379841046601899,0.03382187941421933,0.033910159757538916,0.03399774264671114,0.03408462294559275,0.03445160302572397,0.03462105456828443,0.034787858978660345,0.03489745409416043
0.0033765191415000007,0.0033772639364331486,0.003378010831213703,0.003381626645372388,0.0033852351081460935,0.0033988093970148416,0.0034122777044085554,0.003425639249787791,0.003482085169538235,0.0035081508797208754,0.0035338119964702817,0.0035506731506494745
0.030388672273500006,0.030391811693716016,0.030394969917531222,0.03041027340150966,0.03042555455507656,0.030483102641757125,0.03054030814482492,0.030597165746402057,0.03083915380067269,0.030952290439321163,0.031064373007271058,0.031138431309469028
0.0030388672273500006,0.0030393499698449403,0.0030398355751314467,0.003042188644573732,0.0030445383264931384,0.0030533875340553727,0.0030621847541663985,0.003070929177329694,0.0031081497423398447,0.003125552567509088,0.00314279472269806,0.0031541880671954333
0.027349805046150005,0.02735163985038181,0.027353494237798714,0.027362489922051658,0.027371477648569304,0.027405359813881952,0.02743909948207131,0.027472692477646412,0.027617050382191703,0.02768564815899501,0.027754136517483406,0.027799713412227804
0.0027349805046150005,0.0027352626067472124,0.0027355477007170496,0.0027369307088611176,0.0027383125187728126,0.002743521935168052,0.0027487098280194367,0.002753875561918491,0.002776076074243666,0.0027866259186009787,0.0027971596732362996,0.002804169862454408
0.024614824541535005,0.024615516501893735,0.02461622368714,0.02461966157658112,0.02462309901179915,0.02463607148005696,0.024649013915462217,0.024661923938734138,0.02471838334359616,0.024746076428574057,0.024774113484717204,0.024793015337875087
0.0024614824541535005,0.002461588728584895,0.0024616973232102287,0.0024622252390356135,0.0024627530951943375,0.0024647452651871075,0.0024667329936948258,0.0024687159201852776,0.0024773875986301643,0.0024816401371867652,0.0024859454570328988,0.002488847876288207
0.016409883027690003,0.0164105749510982,0.01641128205235682,0.01641471852791071,0.01641815342292519,0.016431106789798325,0.01644401433083385,0.016456873504698603,0.016512927916595276,0.0165403223934969,0.01656799233401579,0.016586611221574853
0.0016409883027690003,0.001641094548628998,0.0016412031041118354,0.001641730678384794,0.001642258025788366,0.0016442468661791096,0.0016462289259210258,0.0016482038207700628,0.001656812501857168,0.0016610187881672702,0.0016652674877426733,0.0016681263365505318
0.018233203364100004,0.01823503803876959,0.018236892088553905,0.018245881594068827,0.018254858069077996,0.01828865517742482,0.01832223943761095,0.018355606555768293,0.018498206962608628,0.018565530703657046,0.018632476937640353,0.018676881533869386
0.0018233203364100004,0.0018236020488578667,0.0018238866713486798,0.0018252667102019397,0.0018266448253481964,0.0018318342488435094,0.0018369921695039798,0.0018421179437455282,0.0018640278037071836,0.0018743714606561496,0.0018846588381222463,0.0018914828297034178
0.020259114849000004,0.020262253954094308,0.02026541136602272,0.02028070010822124,0.020295954477505988,0.02035330094527377,0.020410139538857668,0.020466465972125997,0.02070439693670689,0.02081462818317599,0.020923231361969392,0.020994669111637377
0.0020259114849000004,0.0020263933223082565,0.0020268778295754806,0.002029223969552628,0.002031565021390211,0.0020403675642743408,0.002049094975621342,0.002057746615932018,0.0020943047043243453,0.002111243452801552,0.0021279367449309845,0.002138919026709263
0.022510127610000003,0.022514970828723634,0.02251982703107936,0.022543314366583172,0.02256672899124145,0.022654602340611476,0.022741447841610345,0.022827265294175184,0.023186271817971824,0.023350077889703447,0.023510188009202182,0.023614783449797755
0.002251012761,0.0022517557872401613,0.0022525005281041695,0.0022561026676149744,0.002259694039049975,0.0022731756909913003,0.00228650540184504,0.002299683138652578,0.002354838503856301,0.002380010409310161,0.00240462425867146,0.0024207074201179103
0.025011252900000003,0.025018448551369303,0.025025645443234476,0.025060410762328636,0.025095032784094754,0.02522469070771119,0.025352378641096667,0.025478113281325664,0.025999005175585097,0.026233130498448082,0.026460128679416342,0.026607418871951973
0.0025011252900000005,0.0025022308128404003,0.0025033363262885965,0.002508676810544292,0.0025139956493842397,0.0025339177356519466,0.002553542504835104,0.002572872470874341,0.0026529821199854204,0.002688999476485339,0.0027239312897104346,0.0027466016837038375
0.022510127610000003,0.022513893918557494,0.02251771667390805,0.0225362527411762,0.022554750862689748,0.022624288291761625,0.022693210461336613,0.022761508436615722,0.02304967828816089,0.023184567469318074,0.023318183674780116,0.023406511566558028
0.002251012761,0.002251590714200821,0.002252177149708319,0.0022550207828008566,0.002257858819995302,0.002268529541889101,0.002279109273166433,0.002289596662735133,0.00233385681766998,0.002354574348734332,0.002375101419724911,0.0023886724321600904
0.015006751740000001,0.015010517317550364,0.01501433841159285,0.015032846665179804,0.015051295048087214,0.015120463767092286,0.015188722257395268,0.015256067903704828,0.015537175744209656,0.015667071847602333,0.01579477588999984,0.015878690615237973
0.001500675174,0.0015012525126057196,0.0015018381172978714,0.0015046747509139423,0.001507502548049234,0.0015181079289659013,0.0015285788190919356,0.0015389147947202273,0.001582074008691058,0.0016020183974987015,0.001621633766259418,0.0016345252770485566
0.046317135,0.04632852175704079,0.046339879954254544,0.046394754463172865,0.04644943425299661,0.046654498329577014,0.04685691766098169,0.04705670847338675,0.04788983310428046,0.04826577348138365,0.04863111121089872,0.04886860184145016
0.004631713500000001,0.004633464385374088,0.004635210753774336,0.004643648027644196,0.00465205556946955,0.00468358800172382,0.0047147168197943035,0.004745444505902551,0.0048735952142050475,0.004931427369447886,0.004987634498597466,0.00502417481079972
0.0416854215,0.04169445657362849,0.04170348834034296,0.041747153146478484,0.04179068280026477,0.041954075175533574,0.0421156001644,0.04227526197660469,0.04294283882021003,0.04324610393875254,0.04354197793828866,0.04373491623264396
0.00416854215,0.004169931373922101,0.004171319985228706,0.0041780334236050905,0.00418472625832489,0.004209849985181008,0.004234689183858156,0.004259244498903853,0.004361929503889411,0.00440858155738391,0.004454101871667946,0.004483787663886351
0.037516879350000004,0.03752363379614927,0.037530404721686096,0.03756316788445676,0.03759584824588714,0.03771865241494335,0.037840279116150566,0.03796072457156861,0.03846689857048972,0.03869912096488982,0.03892690325176297,0.03907611904570493
0.0037516879350000002,0.003752726398560811,0.003753767307626597,0.003758804121167903,0.003763828342314251,0.0037827092825547036,0.0038014112371271146,0.0038199336322308716,0.003897785269225883,0.003933504992754789,0.003968545733866636,0.003991501851135488
0.03376519141500001,0.03376972286145639,0.033774276144018366,0.03379632817621964,0.03381833894234438,0.03390115955496678,0.03398336920869902,0.0340649616559568,0.03441028618002951,0.03457050156811654,0.034728600236819125,0.03483270263699519
0.0033765191415000007,0.003377215905351406,0.003377915979872935,0.003381306548589285,0.0033846908460616184,0.0033974257196062014,0.003410067753457695,0.003422615996414637,0.003475730038237773,0.0035003742015864386,0.0035246949959237446,0.0035407102966069576
0.030388672273500006,0.03039159438004909,0.030394539561379882,0.030408816214224903,0.030423074185789444,0.030476781463109812,0.03053019059619956,0.030583295910699186,0.03080973426569694,0.030916077787191038,0.031021665471999357,0.031091573206984486
0.0030388672273500006,0.0030393165537523593,0.003039769401994047,0.0030419645838283996,0.0030441569330780156,0.0030524154926132693,0.0030606288086057923,0.003068796016369628,0.003103623902396397,0.003119981135558707,0.003136223343639911,0.0031469775392157892
0.027349805046150005,0.027351496019323927,0.02735320842557424,0.027361518428457462,0.02736982209849152,0.027401130662383116,0.027432316726541853,0.02746337606507609,0.0275970838353844,0.02766090069281244,0.02772474904476332,0.02776731945743655
0.0027349805046150005,0.0027352404884538922,0.002735503749711233,0.0027367813168530327,0.002738057931920241,0.002742871544907796,0.002747666655749905,0.002752442620774894,0.0027730043549249227,0.00278281834636017,0.002792637773631921,0.002799185033196473
0.024614824541535005,0.024615438687673737,0.024616068393638346,0.024619131258094718,0.024622194086902898,0.024633753908139232,0.024645289104026438,0.024656797332549725,0.024707245570169973,0.02473214513843619,0.024757422583515765,0.024774506293700177
0.0024614824541535005,0.0024615767663425194,0.002461673451221255,0.002462143718922557,0.0024626139893024275,0.0024643889843345055,0.002466160339318249,0.0024679276989215872,0.002475674845499704,0.0024794976923626505,0.0024833784672086507,0.0024860011489401066
0.016409883027690003,0.016410497143135253,0.01641112677930354,0.01641418846786977,0.016417249183513217,0.016428793107593688,0.016440299250865292,0.016451765126120527,0.016501875172680053,0.016526524794839598,0.016551494264954416,0.016568340116377197
0.0016409883027690003,0.001641082591760255,0.0016411792447387074,0.0016416492315629709,0.0016421190819230801,0.0016438913180791132,0.001645657965509299,0.001647418647617548,0.0016551132116311258,0.0016588973456768935,0.0016627306240002298,0.0016653166816576952
0.018233203364100004,0.018234894228008496,0.01823660634578595,0.018244911029047843,0.01825320499821141,0.01828444013058366,0.018315491904066967,0.01834635591483502,0.018478539128222574,0.018541248058402498,0.018603752439076728,0.018645299214983015
0.0018233203364100004,0.001823579969740045,0.0018238428080609563,0.0018251177330838209,0.001826391079028218,0.0018311871231868415,0.0018359560290401485,0.0018406971352063612,0.0018610051601072194,0.0018706388798582828,0.0018802425608382474,0.0018866265077942953
0.020259114849000004,0.02026203668497581,0.020264981163113947,0.02027924497871426,0.020293479600410398,0.020347010886076936,0.020400099421600013,0.02045274019589218,0.020675617252347858,0.020779403187098616,0.020881920517329365,0.020949510815059243
0.0020259114849000004,0.0020263600000451397,0.0020268118659766926,0.0020290008812562025,0.0020311855782513357,0.00203940293155841,0.0020475547812875824,0.002055640377697499,0.0020898841466225463,0.0021058312045825894,0.0021215873158694893,0.002131976749164655
0.022510127610000003,0.022514658487978758,0.02251921031644908,0.022541236077746593,0.022563199189323393,0.02264566229980213,0.022727223487260514,0.022807880239735123,0.02314615509211255,0.023301363118974495,0.023453507860667886,0.023553152985271282
0.002251012761,0.0022517079481768807,0.0022524061050474076,0.002255784535674963,0.002259153691819239,0.002271806654997378,0.0022843262692577256,0.0022967121555584756,0.002348681688171169,0.0023725306814908953,0.002395917480357122,0.0024112373734418943
0.0250112529,0.025018005887142664,0.025024773566265392,0.025057483340577332,0.025090068596797313,0.025212170361421097,0.025332536068916733,0.025451175883019667,0.02594405373534988,0.026166955624100395,0.026383776983328746,0.026524861509026245
0.00250112529,0.0025021628661815523,0.00250320252348102,0.0025082275956467195,0.002513233861007781,0.002531995953370331,0.0025504960115131352,0.0025687355613766127,0.0026445355115521825,0.0026788244076051356,0.0027121874575102177,0.002733900538848603
0.02251012761,0.022513622919231792,0.022517174700530117,0.022534402264318597,0.022551597764546107,0.02261626113182707,0.02268039048213883,0.022743976546494148,0.023013386696176932,0.023140188154718615,0.02326609237610988,0.023349514413513826
0.002251012761,0.002251549170736629,0.0022520940872450853,0.0022547372171431144,0.002257375622521938,0.002267299103010735,0.002277143600003815,0.002286907712938129,0.0023282860110923126,0.002347760392191979,0.002367101196116993,0.002379917226947639
0.01500675174,0.015010246414556838,0.01501379675338478,0.015031000153313299,0.015048152423325894,0.015112494927846302,0.0151760459898251,0.015238801166101608,0.015502009340351248,0.015624407866859133,0.015745081058937172,0.01582458705850266
0.0015006751739999999,0.0015012110560944886,0.0015017552581021573,0.0015043923413281019,0.001507021880775896,0.001516888630237032,0.0015266384162967925,0.0015362705470365976,0.0015766822768973625,0.0015954748770780666,0.001614009000248,0.001626222069224718
0.027790281,0.02779931370685395,0.027808340253432616,0.027851919909156024,0.027895298268324164,0.028057578613401815,0.028217116195085684,0.028373944721925313,0.02902098055111842,0.029309989202852906,0.029589237912418576,0.02976992869679248
0.0027790281,0.002780416130399653,0.002781802994326585,0.002788498884874127,0.002795164229951609,0.0028201029956514004,0.002844625864114079,0.002868737940829011,0.0029682486131742485,0.0030127068608938683,0.003055674557547576,0.0030834816035059205
0.0250112529,0.02501710242839921,0.025022997535447556,0.02505152850223119,0.02507997054923519,0.025186677131746382,0.025292085351120857,0.02539619407796332,0.02583025054525693,0.026028946067124813,0.02622355958332391,0.02635092876792561
0.00250112529,0.0025020241414189454,0.002502929861503398,0.002507313459076298,0.0025116836334982164,0.002528081442492618,0.0025442832498600945,0.0025602888705146846,0.0026270382014799455,0.002657599214426378,0.002687539329766973,0.0027071371075816143
0.02251012761,0.022513077075978157,0.022516085976080822,0.022530693282079788,0.022545279569166816,0.022600170957011553,0.022654676957463878,0.022708787697755868,0.02293945099463102,0.023049173469772755,0.023158671764734594,0.023231563756802374
0.002251012761,0.002251465450551063,0.002251927137364568,0.002254168528781578,0.0022564068340838878,0.0022648313675840918,0.002273198893810932,0.0022815079204841085,0.0023169320612330363,0.0023337808324572678,0.0023505979082744967,0.0023617934594319396
0.01500675174,0.015009700746831441,0.015012708603046685,0.015027298395894834,0.015041853321446814,0.01509651133412154,0.015150595618214595,0.015204098794943503,0.015430172486022544,0.015536610093174898,0.0156421787651357,0.01571211144156357
0.0015006751739999999,0.0015011274944542047,0.0015015886788352618,0.0015038257612291438,0.001506057708119488,0.001514441258611693,0.0015227399898947815,0.0015309527764229432,0.001565662179772909,0.0015820022890900283,0.0015982133734914463,0.0016089532727161752
0.0166741686,0.016680016856582623,0.01668590879520273,0.016714383546612088,0.01674272419313663,0.01684867879465866,0.016952737880006057,0.017054921010823433,0.017475060846983567,0.017664091337559033,0.017847433602257903,0.017966497287888468
0.0016674168600000002,0.0016683127272617336,0.0016692147742534429,0.0016735745148713913,0.001677914446036918,0.0016941462828823349,0.0017100984116445494,0.0017257736643128607,0.001790269454183765,0.0018192970882505968,0.0018474678576202298,0.001865767567144287
0.128017755,0.1280129806170643,0.1280082191549976,0.1279851743877842,0.12796216375811428,0.12787547027419735,0.12778924131117111,0.12770348296618217,0.12733352612900534,0.12716051906139045,0.12698951096860744,0.12687634117172514
0.012801775500000001,0.012801043145130418,0.012800312795257045,0.012796778026145771,0.012793248493750279,0.012779950816694495,0.012766724361629326,0.012753570060267666,0.012696823800633427,0.012670288549423654,0.012644060618761043,0.012626703895447785
0.11521597950000001,0.11521164921299916,0.11520733764440941,0.11518647574200706,0.11516564573640692,0.11508716903091352,0.11500911603879303,0.11493149144982957,0.11459715539126088,0.11444141358954948,0.1142877351057681,0.11418620205876429
0.01152159795,0.011520933836925016,0.011520272619059817,0.011517073275077613,0.011513878823344505,0.011501843758365018,0.011489873643697813,0.011477969194866475,0.011426696427823313,0.011402814081252476,0.0113792489101575,0.01136368019919935
0.10369438155,0.10369047170412231,0.10368658482947712,0.10366778241667081,0.10364900942820787,0.1035782819497852,0.10350793649939422,0.10343797655000468,0.10313709616418246,0.10299745500961724,0.10285988455858447,0.10276913672754043
0.010369438155,0.010368838631540903,0.010368242655636748,0.010365359691993536,0.010362481240631105,0.01035163661693816,0.010340850539252981,0.010330123536287487,0.010283990175476456,0.010262581092906363,0.010241490281359138,0.010227578268952122
0.09332494339500001,0.09332142747379295,0.09331793714488576,0.09330105654275965,0.09328420271618619,0.09322070362166976,0.0931575449107715,0.0930947290542441,0.09282493501466518,0.0927001380937774,0.09257736510799515,0.0924964935380666
0.009332494339500001,0.009331955349059111,0.00933142030775017,0.009328832655298476,0.00932624910794865,0.00931651521868669,0.009306833475822054,0.00929720425420181,0.009255847622496883,0.009236719398973919,0.009217902215118524,0.00920550766193706
0.08399244905550002,0.08398930609345587,0.0839861899259106,0.08397112152846242,0.08395607707155715,0.08389939127925476,0.08384300379489736,0.08378691626590083,0.08354630156504504,0.0834353261615448,0.0833262791832782,0.08325453799314879
0.008399244905550001,0.008398763233247567,0.008398285693627041,0.008395976542680053,0.008393671061050365,0.008384984247226767,0.0083763431140453,0.008367747909971255,0.008330875511195494,0.008313871251086435,0.008297163310105327,0.008286171774407226
0.07559320414995002,0.07559041678963271,0.0755876562943248,0.07557430959906299,0.07556098385999263,0.07551076864612033,0.07546080930695924,0.07541110680736599,0.07519809100187229,0.07510008994525942,0.07500388214999969,0.07494065408419331
0.007559320414995002,0.007558893378383405,0.007558470484051315,0.0075564258536701175,0.0075543844340809265,0.007546691754440676,0.007539038237767174,0.007531424027828095,0.007498791849339206,0.007483780834367625,0.007469045333110734,0.0074593616152372495
0.06803388373495502,0.06803143408329525,0.068029010555735,0.06801729431909646,0.06800559601264919,0.06796150684237595,0.06791763178075627,0.06787397122209915,0.06768699776984971,0.06760116334079995,0.06751696097172274,0.0674616720515864
0.0068033883734955015,0.006803013173196678,0.00680264199982142,0.006800847626374075,0.0067990559992452595,0.006792303599406023,0.006785583954206035,0.006778897120074154,0.0067502621208842045,0.006737118415516644,0.006724225432468691,0.00671576013648244
0.06123049536145952,0.061228357898968105,0.06122624523623504,0.0612160326572934,0.06120583512530332,0.06116739509996208,0.061129130340442484,0.06109104078505147,0.06092803230496416,0.06085333946532796,0.0607801073445591,0.060732058129526825
0.006123049536145952,0.006122722167571421,0.0061223986202582755,0.006120834612755552,0.006119272909612775,0.006113385979736479,0.006107525854591692,0.0061016925211132686,0.00607672897827054,0.006065291981111273,0.0060540793682519215,0.0060467229657438165
0.055107445825313565,0.05510557956209288,0.055103736100375646,0.055094825046612964,0.05508592648898937,0.05505237641189621,0.055018968510386936,0.05498570243693425,0.0548434083223736,0.054778286263759635,0.054714451856359106,0.05467258860978626
0.005510744582531356,0.00551045879404075,0.005510176517856517,0.005508812044910795,0.005507449485049079,0.0055023122246685525,0.005497196696994004,0.005492102845476659,0.005470314912656236,0.00546034497683065,0.005450572810101713,0.005444164520579045
0.04959670124278221,0.04959507588583507,0.04959347071871866,0.049585711142733475,0.049577961723731155,0.04954873771176406,0.049519626731514346,0.04949062828388463,0.04936661407839475,0.04930987253674836,0.04925423821420333,0.049217754547804436
0.004959670124278221,0.004959421305580666,0.004959175596227874,0.00495798781853964,0.004956801594862261,0.004952328173607206,0.004947872014486609,0.0049434330379783745,0.004924450110196856,0.004915765985128136,0.004907251873117062,0.0049016688743142665
0.04463703111850399,0.044635626528691824,0.044634239009012734,0.044627530591950966,0.04462083011702096,0.044595555057252365,0.044570366427545714,0.044545263674469114,0.044437881080239064,0.04438870043827625,0.0443404361244737,0.044308769392195024
0.004463703111850399,0.004463488198569093,0.004463275913861865,0.00446224956412533,0.004461224428278372,0.004457357455085402,0.004453503661575636,0.004449662960114226,0.004433234144626333,0.004425711026859212,0.004418328557937038,0.004413485152675573
0.040173328006653596,0.04017213173279749,0.0401709491196558,0.04016522999913288,0.040159516713160495,0.040137958405787544,0.0401164618855486,0.04009502660254285,0.04000325286881816,0.039961121065897956,0.039919707917976034,0.03989250547377174
0.00401733280066536,0.00401714985530543,0.0040169690134001105,0.004016094469464959,0.004015220816051185,0.004011924174389403,0.004008636934512986,0.00400535900960926,0.003991325323344849,0.003984883692207037,0.003978552321424627,0.003974393785039969
0.03615599520598824,0.036154992729460066,0.036154000610125914,0.03614920118792927,0.03614440572692875,0.03612630388437651,0.03610824233170749,0.036090220549574135,0.0360129533541685,0.03597735693487885,0.035942291883039976,0.03591922167948289
0.0036155995205988238,0.0036154460612637515,0.0036152941960987985,0.0036145595458105437,0.003613825500222161,0.003611054611524714,0.0036082898529222313,0.0036055311430809073,0.0035937036573641954,0.003588255410552844,0.003582888698082051,0.0035793579458084108
0.03254039568538941,0.03253952789796256,0.03253866790312926,0.032534506265347735,0.03253034737042003,0.032514643761425044,0.03249896709830525,0.03248331693702071,0.03241611772458378,0.03238503917164329,0.032354356786659565,0.03233413474329319
0.003254039568538941,0.0032539066111775578,0.0032537748528668462,0.0032531372576252104,0.003252500081058623,0.0032500941416829135,0.003247692300456436,0.0032452944880929967,0.0032349988151969635,0.0032302375515778086,0.0032255370747146907,0.0032224391749825928
0.02928635611685047,0.029285583374400556,0.02928481634534627,0.02928110329856179,0.02927739215035042,0.02926337579849226,0.029249377609440366,0.029235397233161087,0.029175262087677817,0.02914732719882245,0.029119683639578838,0.029101428771182974
0.002928635611685047,0.002928517140665951,0.0029283995484911856,0.002927830306999586,0.002927261355085611,0.0029251125083461964,0.0029229664202992025,0.0029208230363843265,0.0029116035121874995,0.002907320864675904,0.002903082902588928,0.0029002843243729633
0.026357720505165425,0.026357017964025654,0.026356319318354287,0.02635293603211486,0.02634955399642327,0.02633677791419908,0.026324013594857764,0.02631126079157594,0.02625628332865089,0.02623061003601846,0.02620513774608262,0.02618827811761159
0.0026357720505165425,0.0026356643170889994,0.002635557182592769,0.0026350383689632577,0.0026345197455264592,0.0026325605625730783,0.002630603158494509,0.0026286474947238925,0.0026202165284766963,0.002616279473048992,0.002612373212013716,0.0026097877259135985
0.023721948454648884,0.023721304120645516,0.02372066188297814,0.02371755036717025,0.023714439514172167,0.023702685243975775,0.02369093716201869,0.02367919513504612,0.02362841791039174,0.02360454527740471,0.02358078279046442,0.02356500869904248
0.0023721948454648884,0.002372096086161955,0.002371997648793055,0.002371520737665434,0.0023710439261064946,0.002369242289176571,0.0023674415708969006,0.0023656417501310032,0.002357858393849893,0.0023541989971083035,0.002350556395106808,0.0023481383097234128
0.015814632303099253,0.015813987975983167,0.01581334575391576,0.01581023449978677,0.01580712411708392,0.01579537339863109,0.015783631837261867,0.01577189936495142,0.015721199520830516,0.01569738416434996,0.015673692223691308,0.01565797258499594
0.0015814632303099252,0.0015813644771775035,0.0015812660480751149,0.0015807892052228307,0.001580312492972441,0.0015785114944774446,0.0015767118549986144,0.0015749135629576363,0.0015671422801876846,0.0015634917608702108,0.0015598600448108895,0.0015574503458390808
0.017571813670110282,0.017571111086222554,0.01757041241399456,0.017567029343158225,0.017563647908599777,0.01755087737703022,0.017538124091949613,0.017525387922470152,0.017470548547247423,0.017444978385701422,0.01741963329784974,0.01740287185603741
0.0017571813670110281,0.001757074005857603,0.001756967247005544,0.0017564503041798546,0.0017559336065213222,0.0017539821683875286,0.001752033288994024,0.0017500869461257054,0.0017417060761091047,0.001737798324673422,0.0017339248598221496,0.0017313631944429237
0.019524237411233648,0.019523464579919707,0.019522697486486187,0.019518984647807238,0.0195152742906239,0.019501265880583565,0.019487283912079354,0.0194733282035183,0.01941339903484517,0.019385618171141265,0.0193581644036894,0.019340055848767305
0.0019524237411233647,0.001952305990783009,0.0019521891244049518,0.0019516234757847666,0.0019510581988071449,0.0019489239372430095,0.0019467935972434613,0.0019446671476819033,0.0019355354596928438,0.001931302692451334,0.001927119742068159,0.0019243607010779823
0.02169359712359294,0.02169272919389344,0.021691869092361902,0.02168770769423309,0.02168354988695697,0.021667857588779354,0.02165220426735737,0.021636589713270017,0.021569688009832447,0.021538831749369585,0.021508422850164906,0.021488411307674326
0.002169359712359294,0.0021692278884529828,0.0021690972715541533,0.0021684653176405246,0.002167833901163868,0.0021654507378093876,0.002163073352815986,0.0021607017092259277,0.0021505402771600742,0.002145854520339532,0.002141236874337712,0.002138198263996545
0.024103996803992157,0.0241029941153355,0.024102001835898668,0.024097202747350235,0.024092408863131548,0.024074323528459174,0.024056296099898677,0.024038326384750643,0.02396149337104362,0.023926220774244673,0.02389155337016717,0.023868788692580578
0.002410399680399216,0.002410247906650578,0.002410097739902363,0.002409371481856746,0.0024086460020816573,0.0024059089556004247,0.002403180489978678,0.002400460568446626,0.002388831499149063,0.0023834945935586405,0.0023782497877926903,0.002374806151622907
0.026782218671102396,0.026781022375495737,0.02677983982747527,0.026774122856963636,0.026768413774189877,0.026746888754031892,0.026725454553113884,0.02670411110934064,0.02661307694926739,0.026571488648826008,0.026530738909555526,0.02650404411244366
0.0026782218671102397,0.0026780395710880867,0.002677859394933353,0.002676988354308836,0.0026761185104495176,0.0026728388591117057,0.002669572934240393,0.002666320721052159,0.002652450024049343,0.002646114885473798,0.0026399080452383164,0.002635842396771535
0.024103996803992157,0.024103094095719747,0.024102197841294252,0.02409786015632454,0.024093525918977326,0.02407716699082793,0.024060847135724248,0.024044566315632742,0.02397465890463553,0.023942250810597598,0.023910238368290697,0.023889123138567343
0.002410399680399216,0.0024102626455485524,0.0024101266076017726,0.0024094682167461906,0.00240881034129948,0.002406327203862961,0.0024038498576572555,0.0024013782919056494,0.002390765809952323,0.002385846848183639,0.002380988091497952,0.0023777834447327663
0.016069331202661435,0.016068428538842952,0.016067532385165072,0.016063196389131933,0.01605886518575134,0.016042529142127962,0.016026251244831632,0.01601003181889247,0.015940617365326967,0.01590857164377358,0.015877002808918877,0.015856228039106784
0.0016069331202661435,0.0016067961271503668,0.0016066601447677917,0.0016060022053363129,0.0016053449812784325,0.0016028659975146867,0.0016003956319279426,0.0015979339267414763,0.001587398438088887,0.001582535647464563,0.0015777453494378465,0.00157459313994641
0.029758020745669325,0.0297566161781006,0.029755228803686515,0.029748523686303284,0.029741829415271724,0.029716602397425174,0.02969150281461985,0.029666530752855556,0.029560194645903686,0.02951178077817305,0.029464450609282208,0.029433497551703117
0.0029758020745669325,0.0029755877363895453,0.002975376049919484,0.0029743529943083154,0.002973331590050696,0.0029694824204371103,0.0029656525996684417,0.0029618421354884834,0.002945617313581421,0.0029382321961543773,0.002931013122365471,0.0029262924768556835
0.026782218671102392,0.026781112525190207,0.026780017376032382,0.026774720856464526,0.02676943055737896,0.026749477021471332,0.026729594905014517,0.026709784166995206,0.026625093496281994,0.026586202068271756,0.02654798494691981,0.02652288766489077
0.0026782218671102392,0.0026780531685901927,0.00267788616559866,0.0026770784895385805,0.002676271757336372,0.0026732289283796016,0.0026701968941276314,0.002667175644099676,0.0026542602709096175,0.0026483304393848475,0.0026425037851071907,0.0026386776780920503
0.024103996803992153,0.024103142144629795,0.02410229279300599,0.02409818116566784,0.02409407232830028,0.024078560901126967,0.024063080969890512,0.02404763249780324,0.02398119791753276,0.023950301627112404,0.023919730800978128,0.023899537028061135
0.0024103996803992154,0.002410269751792012,0.002410140642780472,0.002409515641169991,0.0024088910567272278,0.002406533091927443,0.0024041797959946307,0.0024018311593011626,0.002391731022380464,0.002387034371734076,0.002382387251460202,0.002379317656522982
0.016069331202661435,0.01606847657911412,0.016067627308657993,0.01606351704230539,0.016059410650052855,0.016043917670550852,0.016028471571314366,0.0160130726172859,0.015947036235678416,0.015916432975776558,0.015886221293047023,0.015866303448511625
0.0016069331202661435,0.0016068032249812853,0.0016066741603871645,0.0016060495208025506,0.0016054254595734604,0.0016030708365084882,0.0016007231627361413,0.001598382472710048,0.0015883445160183908,0.0015836932870454848,0.0015791015897322726,0.0015760744926253355
0.017854812447401593,0.017853706140143973,0.01785261092362089,0.01784731609723581,0.017842029753605687,0.017822110349261542,0.017802294374797585,0.017782582340193028,0.0176986960008001,0.017660398400875885,0.017622907233996243,0.01759836591773244
0.0017854812447401593,0.0017853141538850612,0.0017851487871767514,0.001784349340767388,0.001783551159932306,0.0017805433634127698,0.001777550889418643,0.0017745738029396954,0.0017619052309803956,0.0017561242397674502,0.0017504657911754783,0.0017467624789093237
0.03306446749518814,0.03306284216798408,0.03306123719145778,0.03305348193315597,0.033045740628457485,0.03301657941631811,0.032987584779596846,0.03295875700403879,0.03283610718138926,0.03278036423525558,0.032725945280212644,0.03269038929453877
0.003306446749518814,0.003306198679182084,0.0033059537489144256,0.0033047702642023166,0.0033035889061316247,0.0032991387142571565,0.003294713849865298,0.003290314350481293,0.0032715975401784734,0.0032630933249897715,0.003254792062608683,0.0032493688548767856
0.029758020745669328,0.0297567387082292,0.029755471193111276,0.029749343420164952,0.029743224224219062,0.029720154207894006,0.029697183585816366,0.02967431233612523,0.029576716727255366,0.02953209887923048,0.029488371794013375,0.029459716800474996
0.002975802074566933,0.002975606319577766,0.0029754128036021594,0.002974477266337317,0.0029735430350995937,0.0029700208324004284,0.0029665137213728786,0.0029630216943336424,0.002948121277714175,0.0029413106807000674,0.002934636584241468,0.002930263318566218
0.026782218671102396,0.026781191540237302,0.02678017386510271,0.026775250874784523,0.02677033289985051,0.026751777927906027,0.02673327964656559,0.026714837952057133,0.02663587029233585,0.026599492271850843,0.026563679338730474,0.02654012509588714
0.0026782218671102397,0.00267806509965768,0.0026779097895577677,0.0026771584846369345,0.002676407940882201,0.0026735761717934345,0.002670752971643383,0.0026679383211581026,0.0026558862260473216,0.0026503350278475678,0.0026448703094123834,0.0026412763467932184
0.024103996803992157,0.024103183871076208,0.024102375627301515,0.024098462464941777,0.024094551613962734,0.02407978505432914,0.024065044138786316,0.02405032879601376,0.023986981793311477,0.023957465576262885,0.023928229207260027,0.023908899886788446
0.002410399680399216,0.0024102759342620387,0.00241015291155789,0.0024095572906372674,0.0024089620154977504,0.002406714318807268,0.0024044704241992683,0.0024022303175145403,0.00239258691415494,0.002388093988706955,0.0023836436623490198,0.002380701426200548
0.016069331202661435,0.016068518298856055,0.016067710121049388,0.016063798064908794,0.016059889201476222,0.016045137640160866,0.016030424236333697,0.01601574916983925,0.015952726427946817,0.015923449037643728,0.015894505622968808,0.01587540154911397
0.0016069331202661435,0.0016068094010569273,0.0016066864142740829,0.001606091086727622,0.0016054962360072527,0.0016032512528922785,0.001601011926906262,0.0015987782806056972,0.0015891855052913078,0.00158472959924703,0.0015803244811899964,0.0015774169368491684
0.017854812447401596,0.01785378517641227,0.01785276743632439,0.017847845745318665,0.017842930878033503,0.017824402992109658,0.01780595740848887,0.017787594484581812,0.017709270752377368,0.017673369041387152,0.017638139346552263,0.017615032412112583
0.0017854812447401596,0.001785325834093232,0.0017851719029817943,0.001784427520354795,0.0017836841561773772,0.0017808816934767407,0.001778091425375063,0.0017753133960981581,0.0017634645781030203,0.0017580353600911067,0.0017527082882972322,0.001749214743261163
0.019838680497112883,0.01983739816911007,0.01983613048916903,0.0198300046245694,0.01982389036855965,0.01980086470624942,0.019777981266972784,0.019755240710709592,0.019658712036567973,0.019614881639273368,0.01957211552583964,0.019544195141222027
0.001983868049711288,0.0019836749346939125,0.001983484099253579,0.0019825619515994536,0.0019816415352513638,0.0019781751258771225,0.0019747297793682216,0.0019713055790811385,0.001956772066945442,0.0019501773132398169,0.0019437442360011102,0.0019395454379994845
0.03673829721687571,0.03673643098111383,0.03673458774876099,0.03672568206758358,0.036716793648210615,0.03668332220164899,0.03665006007857265,0.03661700786457532,0.03647642209488295,0.036412549669430604,0.03635023536568591,0.036309531813705165
0.003673829721687571,0.0036735449370305833,0.0036732637036504478,0.003671904933975204,0.0036705487958560686,0.003665441875448322,0.0036603667971136862,0.003655323643179432,0.0036338742924521754,0.003624132071925483,0.0036146287145091974,0.003608421918209393
0.03306446749518814,0.03306300952366201,0.03306156869514215,0.03305460432589909,0.033047650707999345,0.03302144270979881,0.0329953608822578,0.03296940530266929,0.0328587014727699,0.03280816651495946,0.032758698640049655,0.03272630600392367
0.003306446749518814,0.0033062241008321555,0.003306004096030277,0.003304940698547209,0.0033038789399009107,0.003299877149019748,0.0032958945424934553,0.003291931127281118,0.0032750275194207063,0.003267313000095739,0.0032597620761667047,0.0032548180304797156
0.029758020745669328,0.029756851793306727,0.02975569521787838,0.029750102260898487,0.02974451603658133,0.029723446953958694,0.029702454415821877,0.029681538290867213,0.02959210804714167,0.029551074236159228,0.02951077222554013,0.029484314471269733
0.002975802074566933,0.002975623475234048,0.0029754467833783996,0.0029745923466408036,0.002973738935283003,0.0029705201525792274,0.0029673129924916606,0.0029641174314843878,0.0029504547742707026,0.0029441869244918577,0.0029380312329740847,0.00293399036651008
0.026782218671102396,0.026781264131531934,0.026780317775660267,0.026775738835162963,0.026771163914775013,0.026753898385808713,0.02673667737406369,0.02671950071714118,0.026645835563849432,0.02661180331771489,0.026578244585183593,0.02655614281359042
0.0026782218671102397,0.002678076063646378,0.0026779315209294434,0.0026772321551974967,0.002676533399746195,0.0026738962872669436,0.002671265904094423,0.0026686422226633913,0.002657390267394023,0.0026521926291286873,0.0026470674695901367,0.0026436921750341903
0.024103996803992157,0.02410322196006985,0.02410245127187381,0.02409871947157599,0.02409498957585636,0.024080904036397476,0.02406683917704282,0.02405279489683188,0.023992277370203388,0.023964029839018127,0.0239360227308263,0.023917491055280644
0.002410399680399216,0.0024102815793567486,0.00241016411886327,0.002409595355851121,0.0024090268779313555,0.0024068800320831006,0.002404736252930912,0.0024025955224205777,0.0023933708251767712,0.002389065274044472,0.002384796330645696,0.0023819716852297424
0.016069331202661435,0.01606855638216325,0.016067785747044292,0.01606405483685532,0.016060326540493795,0.016046253072097602,0.016032210359025977,0.016018198506724673,0.015957942342223117,0.015929887473075357,0.015902116876236296,0.01588376717922788
0.0016069331202661435,0.0016068150407710518,0.001606697609042398,0.001606129081415165,0.0016055609443471558,0.0016034162799353831,0.0016012761759680136,0.0015991406445795696,0.0015899567497997932,0.0015856810619949491,0.0015814486163928754,0.0015786519986536937
0.017854812447401596,0.0178538577879228,0.017852911371615057,0.017848333413815157,0.01784376090544505,0.017826516623470946,0.01780933711953472,0.01779222261043778,0.01771906705429937,0.017685412445100107,0.01765231682112259,0.017630570691455284
0.0017854812447401596,0.0017853365726692243,0.0017851931782468342,0.001784499566360715,0.0017838067682030793,0.0017811938896712598,0.0017785906109700485,0.0017759969569932164,0.001764910558023356,0.001759811758362611,0.0017547979517730523,0.0017515038265328293
0.019838680497112883,0.01983751129616799,0.019836354570072313,0.01983076298826831,0.019825180497372637,0.01980414551699485,0.01978322043775468,0.019762405693373206,0.019673806673417848,0.01963338789183985,0.019593837994692165,0.019567956228363912
0.001983868049711288,0.0019836916494082885,0.001983517186861796,0.0019826738638751683,0.0019818318973365136,0.001978659160514117,0.0019755027026709207,0.001972362576387694,0.0019589973819002936,0.0019529034056470133,0.001946941468685541,0.0019430407097365675
0.022042978330125425,0.022041519967071297,0.02204007890323971,0.022033116760704824,0.022026169139425577,0.022000015723628242,0.02197404167433167,0.021948247863419566,0.021838864228989036,0.021789302902950253,0.021741021837627494,0.021709535414904137
0.0022042978330125427,0.0022040786650409875,0.002203862193075754,0.0022028164118985654,0.002201772795530782,0.0021978439960386844,0.0021939417535365396,0.002190066179485049,0.0021736332097105245,0.0021661934664095055,0.002158948143131336,0.002154224664201623
0.04082033024097301,0.04081819280353947,0.04081608041440743,0.04080587440761156,0.040795689314522945,0.040757345908085406,0.040719260364264216,0.04068143371522722,0.0405205242132882,0.04044736620580953,0.040376000675519316,0.04032937514999199
0.004082033024097301,0.004081706947614997,0.004081384740651816,0.004079828028384604,0.004078274504392826,0.004072425950612179,0.004066616628377059,0.004060846687076227,0.004036303797480662,0.004025148701149138,0.00401426837692458,0.0040071608088452825
0.03673829721687571,0.036736647582526746,0.03673501691881692,0.03672713536161412,0.03671926675583258,0.036689617306975966,0.036660122390333345,0.03663078229917147,0.036505616699467405,0.03644846108825637,0.03639252652871497,0.03635589650085919
0.003673829721687571,0.003673577854901688,0.0036733289152414287,0.003672125722625742,0.0036709245047182822,0.00366639817970428,0.0036618953622505755,0.0036574160916453624,0.0036383084196231308,0.0036295852061698887,0.0036210492094779006,0.003615459771532172
0.03306446749518814,0.033063157937121695,0.033061862654176453,0.033055599793932126,0.033049345150785926,0.033025760391338366,0.03300227030266323,0.03297887481739285,0.032878855781356325,0.032833002902300686,0.03278800334696101,0.03275847440721652
0.003306446749518814,0.0033062466473760136,0.0033060487459016263,0.0033050918772204126,0.003304136261279413,0.003300532819214701,0.0032969437722509074,0.0032933691062954715,0.003278087507189305,0.0032710830870701407,0.0032642095095352522,0.0032596993639644007
0.029758020745669328,0.029756951792225157,0.029755893250780884,0.029750772973609976,0.029745657943084647,0.02972635915857792,0.029707118860112274,0.02968793685150074,0.02960576363117927,0.029567922151961138,0.02953067708083917,0.029506183279807103
0.002975802074566933,0.0029756386462688974,0.0029754768220652426,0.0029746940668513664,0.0029739121108495344,0.002970961788066809,0.0029680203462008744,0.0029650877525220945,0.002952525223287124,0.002946740840809562,0.002941047879167051,0.002937304153607558
0.026782218671102396,0.026781328070313838,0.026780444444755643,0.02677616810872815,0.026771894971724216,0.026755764314416487,0.02673966837305072,0.026723606956462465,0.026654619255227528,0.02662265439689786,0.026591082686426275,0.02657026099155272
0.0026782218671102397,0.0026780857203651423,0.0026779506477983134,0.002677296961886858,0.002676643761735294,0.0026741779616683507,0.0026717174096571477,0.002669262074296413,0.002658715888600669,0.002653829819011602,0.0026490039368895703,0.0026458213307409585
0.024103996803992157,0.024103255328015973,0.024102517463794514,0.024098944130764383,0.024095372353451536,0.024081882025045645,0.02406840825321503,0.02405495092393871,0.023996905303239502,0.02396976102619951,0.02394282082077989,0.02392497999509339
0.002410399680399216,0.0024102865232348814,0.00241017392236205,0.002409628617757509,0.0024090835461506714,0.002407024809582089,0.002404968528678796,0.0024029146839180037,0.0023940556088192077,0.0023899128913527864,0.002385801254009717,0.002383078366875587
0.016069331202661435,0.01606858974539874,0.0160678519235772,0.016064279301652013,0.016060708802136454,0.016047228119344475,0.016033772046883655,0.016020340638719748,0.015962504154598788,0.015935514166978564,0.015908763511485582,0.01589106863273167
0.0016069331202661435,0.0016068199802130641,0.0016067074022012501,0.0016061622850650633,0.0016056174852013398,0.001603560489588662,0.001601507143806383,0.001599457452912896,0.0015906310228315597,0.0015865122204596776,0.0015824298336323526,0.0015797294246024571
0.017854812447401596,0.01785392174538595,0.017853038065324966,0.017848762466202053,0.017844491187946825,0.01782837708074233,0.017812313603745872,0.017796300873645515,0.01772771355993749,0.017696045931275762,0.017664839247634512,0.017644298224613685
0.0017854812447401596,0.0017853460318115204,0.0017852119058282781,0.0017845629553626687,0.0017839146504097126,0.0017814687021480847,0.0017790302585012044,0.0017765993308297041,0.0017661868702250917,0.0017613802493835237,0.0017566437357088211,0.0017535262212896236
0.019838680497112883,0.019837611333828165,0.019836552658213217,0.0198314333556215,0.019826321120032384,0.019807048339584625,0.019787859821192244,0.01976875582841466,0.019687224957492675,0.0196498599118297,0.019613198611940757,0.019589152638855294
0.001983868049711288,0.001983706434667585,0.0019835464460748417,0.0019827728255877473,0.0019820002600662717,0.001979087586460167,0.001976187396512885,0.001973299719892107,0.0019609763553370386,0.0019553308952011384,0.0019497924150553298,0.0019461602728176898
0.022042978330125425,0.02204166844026035,0.022040372944257463,0.022034111607451928,0.02202786135032747,0.02200431742258527,0.021980908617054803,0.0219576355197185,0.021858620554165535,0.021813510397468407,0.02176941842565574,0.02174058397905279
0.0022042978330125427,0.0022041005963904675,0.0022039055983464114,0.0022029631759746073,0.0022020224060994857,0.0021984784406796462,0.0021949544850111604,0.0021914506119623386,0.0021765448093638614,0.0021697581539493306,0.0021631261757123934,0.0021587901835411704
0.024492198144583803,0.024490548024499768,0.024488917063719022,0.024481038138586406,0.024473176723106217,0.024443593022449226,0.024414228110962798,0.02438508319008416,0.024261509179931518,0.024205526574169394,0.024151020910072683,0.024115481243441983
0.0024492198144583804,0.002448972236955962,0.0024487276514917502,0.002447546159336018,0.0024463672762218155,0.0024419306943151745,0.0024375264991565514,0.0024331548480876343,0.002414621886654788,0.002406233357285035,0.0023980690250596857,0.0023927475314005093
0.04535592248997001,0.045353472962551905,0.04535104986799038,0.04533934223374133,0.04532765980139386,0.04528369208538408,0.045240040770973156,0.04519670753862808,0.04501233930968734,0.044928407500238264,0.04484651820542112,0.044792993145416286
0.004535592248997001,0.004535218042815235,0.004534847919025406,0.0045330596250861945,0.0045312751795296615,0.00452455922791679,0.004517891519709356,0.004511272304303678,0.00448311137596122,0.004470294564178455,0.004457791021913562,0.00444961922173373
0.04082033024097301,0.040818347496811305,0.0408163853956951,0.04080690199233918,0.04079743594273327,0.04076178452716609,0.040726347429209386,0.04069112563488482,0.0405409639860469,0.04047236055658152,0.04040525035289885,0.04036130155567881
0.004082033024097301,0.00408173044587939,0.00408143105679456,0.0040799840462159296,0.004078539681167168,0.004073099794555257,0.004067692514331748,0.004062317984204634,0.004039406005736202,0.00402894107429338,0.004018705050020962,0.004012002451304577
0.03673829721687571,0.03673675411856499,0.03673522684987386,0.03672784265112656,0.03672046929389806,0.0366926769837949,0.03666501416988903,0.03663748115569548,0.0365198159847177,0.03646586289757259,0.036412938374252794,0.03637821102452135
0.003673829721687571,0.003673594037033737,0.0036733607949141593,0.003672233105538677,0.0036711070691673635,0.0036668626644081282,0.0036626379587074097,0.0036584329937939344,0.0036404634615670567,0.003632225575230694,0.003624145399113458,0.003618843886500835
0.03306446749518814,0.033063230783013625,0.03306200611379908,0.03305608301478473,0.03305016686097299,0.033027852935835225,0.0330056190912906,0.032983465297647986,0.03288861581792558,0.032844977482604815,0.032802066248592505,0.03277386045396407
0.003306446749518814,0.003306257707280681,0.0033060705216337626,0.0033051652083836355,0.003304260953968139,0.0033008503429420633,0.003297451908564419,0.003294065643073438,0.0032795681357322367,0.003272899165174574,0.003266341687859668,0.003262031680661865
0.029758020745669328,0.029757000758012023,0.02975598964222167,0.02975109760469995,0.029746210046884904,0.02972776607815182,0.029709372087664738,0.02969102792180018,0.0296123465263856,0.02957600242003651,0.029540172041865508,0.029516575428214904
0.002975802074566933,0.002975646069624173,0.002975491431526263,0.0029747432569316758,0.002973995764725412,0.0029711749515609477,0.0029683617274939567,0.0029655560666922163,0.0029535223294842095,0.0029479643777095992,0.0029424851762480594,0.0029388769121082457
0.026782218671102396,0.026781359290863387,0.026780505911914238,0.02677637518974108,0.026772247228486784,0.0267566625510612,0.026741107869889525,0.026725583027511223,0.02665883250504034,0.026627828776245036,0.026597167146374678,0.02657692333396618
0.0026782218671102397,0.002678090430796274,0.002677959918693217,0.002677328185414071,0.002676696871371716,0.0026743133802250804,0.0026719344237282235,0.0026695599759208126,0.0026593508488095626,0.002654609314429897,0.002649920154276719,0.002646824278445515
0.024103996803992157,0.02410327156809095,0.024102549472415687,0.024099052104753216,0.024095556097169117,0.02408235096747908,0.024069160340721988,0.024055984121107557,0.023999112956226937,0.02397247679558082,0.023946020104776488,0.023928487504484234
0.002410399680399216,0.002410288923998442,0.0024101786512683797,0.0024096445602242154,0.0024091106728758127,0.002407094033589727,0.0024050795454999938,0.002403067192130513,0.002394381262505928,0.0023903131855882867,0.0023862724425516057,0.0023835946647175503
0.016069331202661435,0.016068605983154804,0.016067883924625194,0.016064387180006138,0.01606089229203099,0.016047695614651684,0.016034520499084406,0.01602136699821407,0.01596467924276354,0.01593817844941605,0.015911888143958764,0.015894483711700984
0.0016069331202661435,0.0016068223787829615,0.0016067121259964391,0.0016061781987835038,0.0016056445491150668,0.0016036294338185346,0.0016016175164271587,0.0015996088022260935,0.0015909514986657497,0.0015869044035763463,0.0015828893360875782,0.0015802312980196713
0.017854812447401596,0.017853952975887807,0.0178530995462388,0.017848969447650513,0.017844843084279697,0.017829272720114607,0.017813746179169674,0.017798263576201716,0.01773186099888192,0.017701115826270736,0.017670772023996417,0.01765077279052655
0.0017854812447401596,0.0017853506409439255,0.00178522097234068,0.0017845934554628477,0.0017839664966175786,0.001781600639579373,0.0017792412787362444,0.0017768884260089526,0.0017667972450048288,0.001762125620786521,0.001757515045359121,0.0017544763901361483
0.019838680497112883,0.019837660320280497,0.01983664908045465,0.01983175784046078,0.019826872647373987,0.019808450913561954,0.01979010136243963,0.01977182424724893,0.019693696236291327,0.019657763154780378,0.019622437045101384,0.019599227700683355
0.001983868049711288,0.001983713660503209,0.001983560657141586,0.0019828206105795354,0.0019820814667305766,0.00197929406601229,0.0019765173603605653,0.0019737513793440476,0.001961928115269332,0.001956492049582986,0.0019511482575349378,0.0019476377590046687
0.022042978330125425,0.022041741318298447,0.022040516450730782,0.022034594570902483,0.02202868207877544,0.022006402697021914,0.021984237938444433,0.02196218835397019,0.0218681963635867,0.02182519344374977,0.021783059911513532,0.02175545005661088
0.0022042978330125427,0.0022041113419758863,0.0022039267394166535,0.0022030342649346003,0.0022021431906367296,0.0021987852698315967,0.0021954443247233927,0.0021921204252439304,0.00217795245945315,0.0021714737475782547,0.002165127115392982,0.0021609690180805644
0.024492198144583803,0.024490654606365275,0.024489127057290713,0.024481744942679847,0.024474377524853944,0.024446640304693464,0.024419086985077554,0.02439171868585351,0.024275401527532128,0.024222444049834577,0.024170734712001825,0.024136936249203243
0.0024492198144583804,0.002448987944147694,0.0024487585704747695,0.0024476501351565,0.002446543889777529,0.0024423787992164368,0.002438240933148226,0.0024341304403661243,0.002416662707520224,0.0024087158108418464,0.002400958388093257,0.0023958894513566305
0.027213553493982006,0.027211570793617607,0.02720960903901766,0.027200133712300005,0.027190682891179638,0.02715514944567738,0.027119930819571886,0.027085029165904648,0.02693741335125247,0.026870667237401783,0.026805811160899914,0.026763578445667742
0.0027213553493982004,0.002721054259678459,0.0027207564204462242,0.002719317888156938,0.002717883068271328,0.0027124882531040246,0.0027071410096284718,0.0027018416516470093,0.0026794303979193594,0.002669301669589159,0.0026594616672597693,0.002653055370405485
0.024492198144583806,0.02449086516443204,0.02448953822194094,0.024483117204549182,0.02447670523158079,0.024452541427743613,0.024428496869224135,0.024404572963645187,0.024302281368001416,0.024254952193874444,0.02420832838999485,0.02417762356140658
0.002449219814458381,0.002449018886806562,0.002448818914521668,0.00244785127219957,0.0024468849757220772,0.0024432432509907103,0.002439619181330041,0.002436012967021636,0.002420594896180087,0.0024134638303195607,0.0024064397378649313,0.0024018145003469435
0.016328132096389204,0.01632679925348887,0.01632547262236698,0.016319056825803712,0.01631265422811415,0.0162885610362586,0.016264645725564686,0.016240910587768276,0.016140122636760946,0.016093893078731054,0.01604860989688374,0.016018930118296745
0.0016328132096389205,0.0016326124110339648,0.0016324126105618302,0.0016314463637912607,0.0016304820802836286,0.0016268531739182849,0.0016232506099437506,0.0016196747169522803,0.0016044914964770019,0.0015975308501119199,0.0015907136207875705,0.0015862462521385556
0.05039546943330001,0.050392682280461044,0.05038992236516834,0.05037658632363319,0.05036328000576947,0.0503132122683274,0.0502635236604155,0.05021421663109314,0.05000434311521358,0.04990863543093534,0.04981521558011681,0.04975411347139402
0.005039546943330002,0.005039120728158112,0.0050386987203214625,0.005036659585814298,0.005034624995673462,0.005026969386353874,0.005019371673899907,0.005011832225982206,0.004979742419571558,0.004965111704377508,0.00495083205799912,0.004941493147302854
0.04535592248997001,0.04535359660437441,0.045351293597036824,0.04534016318896681,0.04532905497073883,0.045287235636155755,0.045245695623035896,0.045204436572703455,0.045028623434621946,0.04494830690515974,0.04486978602335895,0.044818375861741276
0.004535592248997001,0.004535236870557066,0.00453488502591769,0.004533184588568227,0.00453148753959472,0.004525098570662237,0.004518752191109401,0.004512448645238441,0.004485589341235678,0.004473321952895289,0.004461329973738881,0.004453479157562104
0.04082033024097301,0.04081844092338304,0.04081656964145178,0.0408075230649336,0.04079849183036071,0.040764469430562486,0.04073063690393218,0.040696995212119176,0.04055337642595714,0.04048756175369652,0.040423067046803464,0.04038076914626395
0.004082033024097301,0.004081744639158904,0.004081459040775706,0.004080078356000382,0.004078700010024179,0.004073507457135437,0.004068343791549754,0.004063209154039297,0.0040412901821514705,0.004031247946539115,0.00402140806146457,0.004014955326361702
0.03673829721687571,0.03673681840420128,0.03673535355136585,0.03672826967079232,0.036721195431258305,0.03669452538370353,0.036667970707185187,0.03664153171638718,0.036528419581368266,0.03647641863238632,0.03642533394610104,0.03639177244875386
0.003673829721687571,0.0036736038024154454,0.00367338003728582,0.003672297943485567,0.0036712173196366965,0.003667143296486071,0.0036630868236553504,0.0036590479450852734,0.0036417693947408077,0.003633827401338314,0.003626025902230917,0.0036209008617134374
0.03306446749518814,0.03306327469805787,0.033062092607679366,0.033056374417532425,0.033050662443069465,0.033029115404056786,0.033007640160143556,0.032986236708525185,0.032894517315886246,0.03285222356598545,0.032810582633273556,0.0327831830354695
0.003306446749518814,0.003306264375124199,0.003306083651393729,0.0033052094333474434,0.0033043361629088537,0.0033010419247746343,0.0032977586034582,0.003294486195639571,0.003280463487317787,0.003273998215534596,0.0032676330487112284,0.003263445009259208
0.029758020745669328,0.029757030241600795,0.029756047681563907,0.02975129308595889,0.029746542526099626,0.02972861353220182,0.029710729646297028,0.02969289074352566,0.02961631803270709,0.029580879515114476,0.029545905618062668,0.029522852687368727
0.002975802074566933,0.0029756505395815576,0.002975500228538567,0.0029747728787034855,0.0029740461436236643,0.0029713033557101707,0.002968567417383785,0.002965838307437549,0.0029541239212793977,0.0029487029220229993,0.002943353146834105,0.00293982697928957
0.026782218671102396,0.026781378057996724,0.026780542854383603,0.026776499633946894,0.026772458918026383,0.02675720241981499,0.026741973188861238,0.026726771090225632,0.026661367344129997,0.026630942269926263,0.026600828667172297,0.026580932895823837
0.0026782218671102397,0.0026780932623171475,0.002677965490628068,0.0026773469490856913,0.002676728787841386,0.0026743947713700747,0.0026720648770312935,0.0026697390824789325,0.00265973286562223,0.0026550783501105265,0.002650471520712668,0.002647427880089684
0.024103996803992157,0.0241032813072479,0.024102568660364126,0.02409911680818203,0.024095666199777935,0.02408263196942057,0.024069611036680018,0.024056603318035,0.0240004362706698,0.023974104257991027,0.023947936754618974,0.023930588360006663
0.002410399680399216,0.0024102903635999694,0.002410181485770395,0.002409654112635579,0.002409126925771741,0.0024071355092911717,0.0024051460652873818,0.002403158579312054,0.0023945764410074383,0.002390553032689089,0.002386554679801222,0.002383903852211756
0.016069331202661435,0.016068615720952806,0.016067903108135564,0.016064451827385615,0.016061002245873944,0.016047975768325975,0.016034969063919827,0.016021982186320238,0.015965983451499882,0.015939775695291876,0.015913760966535757,0.015896530287574075
0.0016069331202661435,0.0016068238171054454,0.0016067149575171994,0.001606187734397702,0.0016056607652863801,0.0016036707457532538,0.00160168365893802,0.001599699510475254,0.0015911436401627457,0.0015871394913177302,0.0015831647134685945,0.0015805320157582972
0.017854812447401596,0.017853971749094873,0.01785313649728383,0.017849093836081322,0.017845054568039077,0.0178298110897414,0.01781460749324413,0.017799443894556333,0.017734357617436386,0.017704168596398274,0.017674345325914012,0.0176546730867463
0.0017854812447401596,0.0017853534117644202,0.0017852264218642655,0.0017846117863637727,0.0017839976577878947,0.0017816799537271847,0.001779368161895825,0.0017770622949032657,0.001767164704170208,0.0017625744804296323,0.0017580398884800954,0.0017550488366280298
0.019838680497112883,0.019837689816476194,0.019836707138943276,0.019831953242337115,0.019827204802893714,0.019809295885856115,0.01979145222289972,0.019773674064200407,0.019697603437778655,0.019662538165581864,0.019628022547362036,0.019605321807497324
0.001983868049711288,0.0019837180121943247,0.0019835692157427007,0.0019828493925896106,0.0019821303841057883,0.0019794184868632395,0.0019767162586615235,0.001974023729454941,0.0019625029121806315,0.0019571937954610368,0.0019519682402932004,0.0019485317338012625
0.022042978330125425,0.02204178525301329,0.022040602973976395,0.02203488583535903,0.022029177114756195,0.022007661046653755,0.021986247934516742,0.021964938311573007,0.021873992447436492,0.021832272525052425,0.021791334609432184,0.02176447418572633
0.0022042978330125427,0.002204117821856915,0.0022039394898980278,0.002203077152002516,0.002202216069655862,0.002198970491857538,0.0021957401627477114,0.002192525150948343,0.002178804834861675,0.0021725137365045497,0.0021663414447616667,0.0021622923199234633
0.024492198144583803,0.02449071892018425,0.024489253798587664,0.02448217170128401,0.024475102700852798,0.02444848172424145,0.024422024916947043,0.02439573335127592,0.02428383044392879,0.024232723786330707,0.02418273194439521,0.02415000670220991
0.0024492198144583804,0.0024489974259976404,0.0024487772397855773,0.002447712944507833,0.0024466506007462716,0.0024426497177098025,0.002438673139477138,0.002434721009835426,0.00241790164214745,0.002410225192969794,0.0024027179800285613,0.0023978049272077714
0.027213553493982006,0.027211664206432045,0.027209793222950095,0.027200753767690915,0.02719173599990989,0.027157818126556706,0.027124179378342266,0.02709082182054946,0.02694946681709186,0.02688530573016405,0.026822820503927494,0.026782054224177395
0.0027213553493982004,0.0027210683400175546,0.0027207841715759335,0.00271941127482915,0.0027180416634990643,0.002712890108706527,0.0027077807319027462,0.0027027138350593388,0.002681244404881386,0.0026715034916492126,0.0026620185866191013,0.002655831562662882
0.024492198144583806,0.024490917986338834,0.024489643267734777,0.024483474203584307,0.024477313227460884,0.024454090565941937,0.02443097450525673,0.02440796632158778,0.024309446204411708,0.024263765608764937,0.024218714122387398,0.02418901463799107
0.002449219814458381,0.0024490267081048495,0.002448834462133206,0.002447904090362991,0.002446974922191049,0.0024434724146351404,0.0024399856909709137,0.0024365149329055877,0.0024216540279709932,0.0024147657903455313,0.002407972960197349,0.0024034953721796515
0.016328132096389204,0.01632685206083968,0.016325577620582243,0.016319413224232155,0.01631326063103396,0.016290101122100983,0.016267100684473543,0.016244261415022155,0.01614708867286739,0.016102394306883965,0.01605854635908673,0.016029767891546233
0.0016328132096389205,0.0016326202182657356,0.0016324281254457705,0.0016314989991569433,0.0016305716285996614,0.0016270805762788356,0.001623613081935933,0.0016201694465066965,0.0016055189648287217,0.0015987835761551723,0.001592176457531805,0.0015878407163098952
0.030237281659980006,0.030234955944671443,0.030232653508991014,0.03022153434127378,0.03021044682869452,0.03016878563152059,0.030127536532478957,0.03008670252077207,0.029914254256207962,0.029836387219532447,0.029760835158921504,0.029711682667218912
0.0030237281659980008,0.003023374027364043,0.003023023500768038,0.003021330740688765,0.0030196427950456265,0.0030133002486263474,0.003007020266584266,0.003000803292109029,0.002974550590193802,0.0029627012908454158,0.0029512062874794687,0.002943729210978078
0.027213553493982006,0.027211844279123286,0.02721014728189779,0.027201942773626347,0.027193754730654367,0.027162934814808963,0.027132329645656823,0.027101941235557855,0.026972729366234054,0.026913590105527088,0.026855712016288898,0.02681779800986124
0.0027213553493982004,0.002721095473478863,0.0027208374970612726,0.002719590272732314,0.0027183455422961833,0.0027136602366807897,0.0027090073807313104,0.0027043872713538165,0.0026847438813513563,0.0026757560535424904,0.0026669608695397396,0.0026612001324544153
0.024492198144583806,0.024491018875725308,0.02448984323378309,0.024484151714147754,0.02447846646196459,0.024457028216393305,0.024435673535617295,0.024414403536541167,0.02432309646387837,0.024280562724896586,0.024238506123787338,0.0242107197943685
0.002449219814458381,0.0024490416311916488,0.002448864024687036,0.00244800420223125,0.002447145312227856,0.0024439064122186516,0.0024406798865581427,0.002437465895401263,0.0024236693381688543,0.002417243992506676,0.0024108909898808476,0.0024066939171554862
0.016328132096389204,0.016326952923788617,0.016325777500228504,0.016320089644277478,0.01631441097309069,0.016293022329819495,0.016271758510582542,0.0162506213248449,0.016160376490533455,0.016118621634532065,0.016077517399978033,0.01605046115378258
0.0016328132096389205,0.0016326351156097634,0.001632457628140938,0.0016315987775417286,0.0016307412929717584,0.0016275113679425808,0.001624299930749346,0.0016211072423567487,0.0016074765337155603,0.0016011719028242726,0.0015949658538229549,0.0015908812215095591
0.018142368995988003,0.018140659503820093,0.018138962503478684,0.018130763908729534,0.018122588413676036,0.018091872000625883,0.018061463652804647,0.018031366518060296,0.01790449110777301,0.017847061759464624,0.01779126089617889,0.017754928940423513
0.0018142368995988003,0.0018139804670645352,0.001813726031092515,0.001812496850286768,0.0018112711055292554,0.0018066654597928154,0.0018021054211401872,0.0017975914350990298,0.0017785661265329858,0.0017699623119153895,0.0017616052603252076,0.001756166025836947
0.05599496603700001,0.05599182334342886,0.055988707880617536,0.05597365208378636,0.05595863049508496,0.055902117860128185,0.05584604781203183,0.055790423681879205,0.055553488682912544,0.05544519847224133,0.05533941643652628,0.05527016543993476
0.0055994966037,0.00559901572470185,0.0055985390542424495,0.005596235522455075,0.005593937224533894,0.005585290767158154,0.00557671196002175,0.005568201306149022,0.005531951147239894,0.0055153862145947054,0.0054992062974067385,0.005488614817581152
0.050395469433300005,0.05039280443679996,0.050390164248703954,0.05037740452693361,0.05036467163490198,0.0503167491442614,0.050269168649618765,0.0502219324327503,0.05002063211354014,0.049928619875703045,0.04983868029845745,0.049779786427954824
0.005039546943330001,0.005039139367833283,0.005038735624306362,0.00503678440304546,0.005034837283720787,0.005027508908612974,0.005020232759549534,0.005013009179250669,0.004982226802341758,0.004968159232723615,0.004954409719504362,0.004945407045800239
0.04535592248997001,0.045353693698356616,0.045351485870397536,0.045340813800286754,0.04533016181628917,0.045290050961856836,0.04525019263340902,0.04521058834600353,0.04504164300567075,0.04496430167319738,0.0448885941646189,0.04483897457998579
0.004535592248997001,0.004535251662630937,0.004534914314140382,0.004533283679721159,0.004531656112468424,0.004525527332258614,0.004519437055741032,0.004513385508501136,0.004487571833692762,0.004475757046880019,0.004464192855526145,0.004456614187592069
0.04082033024097301,0.04081851420000112,0.040816714792364275,0.04080801451932426,0.04079932818749372,0.04076659891690989,0.04073404184990467,0.04070165786139946,0.04056327981151363,0.04049975231523092,0.04043743223337983,0.04039652446010252
0.004082033024097301,0.004081755777490753,0.004081481100539932,0.004080153034158838,0.004078827093079936,0.004073831017945765,0.004068861141883874,0.00406391759294243,0.0040427946518829545,0.00403309949347788,0.004023589437623841,0.00401734744397953
0.03673829721687571,0.03673686881531936,0.0367354533504343,0.03672860750386591,0.03672177046586777,0.036695990916628375,0.03667031651477421,0.03664474753787947,0.03653527739675516,0.036484873765595796,0.03643531400667481,0.036402730448335245
0.003673829721687571,0.0036736114643659648,0.003673395203158667,0.003672349273808959,0.003671304687517072,0.003667365955121405,0.003663443217871997,0.0036595365143763663,0.0036428111219271803,0.003635111515479053,0.003627541307813871,0.0036225645283173374
0.03306446749518814,0.03306330912838923,0.03306216072421426,0.03305660491553671,0.03305105481825688,0.033030116084409374,0.03300924313741582,0.03298843596409509,0.032899218083326576,0.032858023054852935,0.03281743314057293,0.03279070840254264
0.003306446749518814,0.0033062696057569126,0.0033060939978536543,0.0033052444388036012,0.0033043957505041847,0.0033011938871085533,0.00329800202700261,0.0032948201655035726,0.00328117721372478,0.003274878585843265,0.003268672751019188,0.0032645869722331524
0.029758020745669328,0.029757053347242747,0.029756093368652346,0.02975144763597157,0.0297468056328068,0.029729284872310503,0.029711805679566425,0.029694367931054785,0.029619478970286984,0.02958477969116251,0.02955051353498936,0.02952791510727408
0.002975802074566933,0.0029756540447010266,0.0029755071579653097,0.0029747963153455895,0.002974086040851167,0.0029714051535800648,0.0029687305783668975,0.002966062294364826,0.002954603128930504,0.0029492940669673348,0.00294405140268282,0.00294059398564461
0.026782218671102396,0.02678139275069539,0.026780571902885884,0.02677659790365822,0.02677262623235179,0.026757629538041165,0.026742658121047633,0.02672771185071115,0.026663381927658346,0.026633428408135026,0.026603766744347283,0.026584161295639955
0.0026782218671102397,0.0026780954808230647,0.002677969875720648,0.0026773617802523467,0.0026767540382806386,0.0026744592276985515,0.0026721682384711013,0.0026698810490264277,0.0026600368026343016,0.0026554533175032298,0.0026509145167373364,0.002647914548135183
0.024103996803992157,0.0241032889174965,0.024102583716257082,0.024099167782410398,0.02409575301239642,0.024082853725137226,0.02406996685235231,0.024057092313414158,0.02400148512393072,0.023975400050115954,0.023949469964546322,0.023932274447977134
0.002410399680399216,0.002410291490236638,0.0024101837136513435,0.0024096616521969054,0.0024091397650530984,0.00240716830364078,0.0024051986837779287,0.002403230891570973,0.0023947314654589992,0.0023907444421434575,0.0023867810250309683,0.0023841526642895813
0.016069331202661435,0.0160686233301992,0.01606791816075517,0.016064502760259874,0.016061088948721575,0.016048196898027004,0.01603532330668481,0.016022468222669572,0.01596701819365652,0.0159410491664461,0.015915261790837243,0.015898176255708153
0.0016069331202661435,0.0016068249428083583,0.0016067171832199842,0.0016061952616433948,0.0016056735776042443,0.001603703419595493,0.0016017359995418173,0.001599771322378099,0.0015912964227646608,0.0015873273863086649,0.0015833859910326198,0.001580774568957092
0.017854812447401596,0.017853986446401668,0.01785316555237861,0.01784919206566032,0.01784522173238813,0.01783023710739821,0.017815289480372955,0.01780037895555989,0.017736344016731184,0.017706609931764986,0.017677218265145785,0.017657820762601223
0.0017854812447401596,0.0017853555847310695,0.0017852307150976405,0.0017846262928404811,0.0017840223417306942,0.0017817428539175072,0.0017794688510895157,0.00177720034442454,0.0017674577761163522,0.0017629343964611767,0.0017584631023731005,0.0017555122684076196
0.019838680497112883,0.019837712931668267,0.019836752840684233,0.019832107735952998,0.019827467674898357,0.019809965408618943,0.019792523340718474,0.019775141698417698,0.01970071701536528,0.01966636309841597,0.01963252121031885,0.01961024898494969
0.001983868049711288,0.0019837214286318188,0.00198357596635848,0.0019828721995236312,0.001982169185692919,0.0019795173015439683,0.0019768743377957384,0.00197424032152191,0.0019629621206134554,0.0019577574837952322,0.001952630693223444,0.0019492568865950505
0.022042978330125425,0.02204181969825249,0.02204067111302637,0.022035116235154126,0.022029569094611335,0.022008658716137348,0.021987842799240303,0.021967121832110918,0.02187861566927507,0.021837949042237285,0.021798006921175925,0.021771779287091224
0.0022042978330125427,0.002204122911675382,0.0022039495521770955,0.0022031111553013146,0.002202273912546861,0.0021991176966989143,0.002195975472220434,0.0021928473018753025,0.0021794865169954985,0.00217335007860645,0.002167323718287257,0.0021633671512108705
0.024492198144583803,0.02449076935268683,0.0244893536283213,0.024482509348150383,0.024475677039442624,0.024449942159543055,0.02442435710884673,0.024398922875348027,0.02429055986145906,0.024240975809699816,0.024192418406818267,0.02416060239744974
0.0024492198144583804,0.0024490048758036183,0.0024487919768644215,0.0024477627575552508,0.0024467353222063486,0.0024428651217282427,0.0024390171041480226,0.002435191402030392,0.0024188934821218347,0.002411440477461809,0.002404143335103218,0.0023993631698149393
0.027213553493982006,0.027211737473517027,0.02720993832991419,0.02720124448647897,0.027192570343712603,0.027159935834185422,0.027127554589878783,0.02709542853221559,0.026959108329896557,0.026897085290621913,0.02683659503358206,0.02679708301719177
0.0027213553493982004,0.002721079394054164,0.0027208060576479703,0.0027194852667201484,0.002718167460293797,0.0027132093807746968,0.0027082895717333577,0.0027034083142919167,0.0026826973702721497,0.0026732779165269233,0.0026640926224516218,0.0026580937592880043
0.024492198144583806,0.024490958965085238,0.024489725016448152,0.0244837528844555,0.024477788173728247,0.02445530185338463,0.02443291299176506,0.024410622738736478,0.024315089331867906,0.02427074235787634,0.024226976642017433,0.02419810821996419
0.002449219814458381,0.002449032783906428,0.002448846579280078,0.002447945386638725,0.002447045298536143,0.0024436518938908804,0.002440272920307364,0.0024369085412923688,0.0024224897698348923,0.0024157985461577196,0.0024091954812330806,0.002404840430065954
0.016328132096389204,0.016326893029039575,0.016325659334814755,0.016319691469515764,0.01631373442178245,0.016291305839821576,0.016269022707440985,0.016246886944698277,0.016152587036637658,0.016109143491122004,0.016066480943151554,0.016038457186661723
0.0016328132096389205,0.0016326262840318298,0.0016324402192159073,0.0016315401641560153,0.001630641718392085,0.001627258783295563,0.001623897389799251,0.001620557813379701,0.0016063316726270913,0.0015997804671622744,0.0015933476273021292,0.0015891226643127696
0.030237281659980002,0.030235053015905067,0.030232845698351465,0.030222183761504116,0.03021155047207808,0.030171582556004498,0.03013198735811432,0.030092767694102216,0.029926871943741988,0.029851752765470963,0.02977874124834617,0.029731173711873952
0.0030237281659980003,0.003023388741210357,0.0030230526249908234,0.003021429128820004,0.003019809989669977,0.0030137239369746236,0.003007694469809679,0.003001722006010973,0.0029764612249835,0.0029650271830640464,0.0029539157163280933,0.0029466776729710886
0.027213553493982003,0.027211908841258528,0.027210275603463306,0.0272023783808946,0.02719449614143064,0.027164820268778662,0.02713533941248995,0.027106055411432534,0.026981375903416482,0.026924199642616393,0.026868178216121988,0.02683144454240601
0.0027213553493982004,0.00272110522265898,0.0027208568699929564,0.002719656023504116,0.0027184574464932314,0.002713944804096167,0.0027094616301584547,0.0027050081959553384,0.0026860484144090187,0.0026773562147983277,0.0026688404238337116,0.0026632571635605857
0.024492198144583803,0.02449105436657962,0.024489914167391297,0.02448439400470824,0.024478879610185477,0.024458082932715265,0.024437362800299105,0.024416720213949538,0.024328037644497848,0.024286690259108356,0.024245785509003095,0.024218748360252132
0.0024492198144583804,0.0024490468986083785,0.0024488745502506968,0.002448040148192242,0.0024472066044602943,0.0024440628810812547,0.002440930493233975,0.002437809584224329,0.002424402077731165,0.0024181523142886912,0.002411969670261041,0.002407883322627982
0.0163281320963892,0.01632698840653382,0.016325848407319862,0.01632033159958959,0.016314823231733715,0.01629407198441402,0.016273435083074793,0.016252914175971935,0.016165205565734087,0.016124572690775295,0.01608454202251845,0.016058175231174348
0.00163281320963892,0.0016326403754306168,0.0016324681359891182,0.0016316346234638561,0.0016308023663487827,0.0016276668612963468,0.0016245482929834628,0.0016214468989766751,0.0016081914536719521,0.0016020524296540574,0.0015960046605431608,0.0015920215551833885
0.018142368995988,0.018140724076456897,0.018139090821671262,0.01813119891807147,0.01812332804279814,0.018093746238885242,0.01806444454541923,0.018035425889708166,0.017912878915831633,0.017857265142095628,0.01780314392523364,0.01776785888481367
0.0018142368995987999,0.0018139900010169835,0.001813744964362841,0.0018125609948718402,0.001811380153508926,0.0018069417495790517,0.001802544815500573,0.001798189765971807,0.00177980118866121,0.0017714631478675058,0.0017633512878002888,0.0017580644382059658
0.033596979622200006,0.03359431483338434,0.03359167534398951,0.03357892937255372,0.033566221810770236,0.033518492722390734,0.03347126788468491,0.033424551072865204,0.033227357110442335,0.03313833185392641,0.03305201036303733,0.032995866387379655
0.0033596979622200008,0.0033592919074127967,0.003358889781499703,0.003356947980576149,0.0033550120285877638,0.0033477405710896123,0.0033405457803395906,0.003333428218995494,0.0033033875289536405,0.0032898307207418023,0.0032766879710849142,0.0032681413453342547
0.030237281659980006,0.030235290745913485,0.030233316510651868,0.03022377560648714,0.030214256578127163,0.030178447436115485,0.03014292262774714,0.030107684520741543,0.029958102404413586,0.029889928610842612,0.029823396836733847,0.02977990680518325
0.0030237281659980008,0.003023424782029339,0.0030231239849876695,0.0030216703453314984,0.003020220032841267,0.0030147640799355617,0.003009351293831649,0.003003982026605701,0.0029811916552920327,0.002970807827158058,0.0029606753290373307,0.002954052810972275
0.027213553493982006,0.027212065993474872,0.027210587874786207,0.02720343840470793,0.027196300559924343,0.027169411743309745,0.027142673540795165,0.02711608739870138,0.02700258014145656,0.026950297330339077,0.026898931537693935,0.026865175441146482
0.0027213553493982004,0.002721128955009487,0.002720904017644353,0.0027198160367218316,0.0027187298168301136,0.002714637842633425,0.002710568627808551,0.0027065223856852644,0.0026892480607945755,0.0026812931276261943,0.002673478295892915,0.002668343045763802
0.024492198144583806,0.02449114008837891,0.02449008534699053,0.024484978299504526,0.0244798758679474,0.024460626696930426,0.02444143810248205,0.02442231083593543,0.024340013171024164,0.02430157078642565,0.024263494267012017,0.024238302492254192
0.002449219814458381,0.0024490596190049,0.002448899946327199,0.0024481268164615595,0.0024473543737693884,0.002444440175237136,0.002441534948906211,0.002438638801903531,0.002426177765890102,0.0024203580308136403,0.0024145937945882533,0.0024107802862474146
0.016328132096389204,0.016327074109900024,0.0163260195266478,0.01632091513239618,0.016315817467455654,0.016296604239759628,0.01627748151949143,0.016258450595232194,0.016176925488802646,0.016139050519839392,0.0161016689102392,0.016077010609754395
0.0016328132096389205,0.0016326530785300945,0.0016324934917307497,0.0016317210641016064,0.0016309496377670718,0.001628041936480076,0.0016251476428011007,0.0016222669421908469,0.001609926513330046,0.0016041947221627332,0.0015985377151516008,0.0015948063680057622
0.018142368995988003,0.018140881257116857,0.01813940309472695,0.018132257621075076,0.018125128484361156,0.018098312458844083,0.018071713488878587,0.018045333971093577,0.017933495013283462,0.017882437941883742,0.017832566639831616,0.017799952454813375
0.0018142368995988003,0.0018140132163722872,0.001813791057444154,0.0018127171699438363,0.001811645713072239,0.0018076151625016636,0.001803616749694549,0.0017996508149574354,0.0017828387010096927,0.0017751686769072956,0.0017676783806662862,0.0017627812138705852
0.020158187773320003,0.02015619636428927,0.020154221980896288,0.02014468787784254,0.020135184062080196,0.020099503440817526,0.020064225234340965,0.020029353052124145,0.019882706067806927,0.0198166780343042,0.019752747277259303,0.019711233930231355
0.0020158187773320004,0.00201552069795719,0.0020152253367664006,0.0020137991562758687,0.0020123774807148565,0.002007039619922442,0.0020017613229111747,0.0019965430962329304,0.001974604026714432,0.0019647370621294086,0.0019551878496470846,0.0019489900891272972
0.062216628930000004,0.06221311332181695,0.06220962380470283,0.06219275764201975,0.06217592999782591,0.06211262903382061,0.062049833418971224,0.061987547511515965,0.061721961686676964,0.06160023619261777,0.06148119944456766,0.06140317866323954
0.0062216628930000005,0.0062211247670056645,0.006220590677140459,0.006218009246083292,0.0062154337108407814,0.006205745215468873,0.006196134004812473,0.0061866007392715906,0.006145952695700084,0.006127325664269574,0.006109111456701712,0.006097174073542744
0.05599496603700001,0.055991962300884913,0.05598898429785023,0.05597459118116876,0.05596022913180355,0.055906184160117174,0.05585253972341754,0.055799298813592704,0.05557225714973074,0.055468314015034846,0.05536666946510544,0.05530006927176608
0.0055994966037,0.005599036955193188,0.0055985812828996655,0.005596378978311735,0.005594181427125928,0.005585911910969174,0.005577703617223275,0.005569556997537821,0.00553481778946818,0.0055189164286250985,0.005503367919954561,0.0054931808683517346
0.050395469433300005,0.05039291765342562,0.05039038935441781,0.05037816910215167,0.0503659732775155,0.050320061645167176,0.050274460100976026,0.050229170670352444,0.05003596653336114,0.04994751823905176,0.04986097726522405,0.049804263630910096
0.005039546943330001,0.00503915664950728,0.005038769981879755,0.005036901088929276,0.00503503593075137,0.005028014428445307,0.005021040279521827,0.005014113787971154,0.004984566708246003,0.004971042622789947,0.004957811231272855,0.004949140847388922
0.04535592248997001,0.045353783631156046,0.045351664686228005,0.045341421310260935,0.04533119627856271,0.04529268540716404,0.045254404034186145,0.045216353480586405,0.04505388653388451,0.04497940961730574,0.04490644310738545,0.044858586546934365
0.004535592248997001,0.00453526536933939,0.004534941564758707,0.004533376252077451,0.004531813740677653,0.004525928753033228,0.00452007875801675,0.004514263951992355,0.004489437187720874,0.004478058500261295,0.0044669114879900785,0.004459601072556959
0.04082033024097301,0.04081858201014095,0.040816849648203986,0.04080847290064894,0.04080010893898789,0.0407685890584072,0.04073722619309489,0.04070602108224674,0.040572578058623666,0.0405112468132262,0.040451038170084795,0.04041149358199039
0.004082033024097301,0.0040817660899647905,0.0040815016067748296,0.004080222727899199,0.004078945798297815,0.0040741335918643125,0.004069345273857965,0.00406458095200347,0.0040442081203281325,0.00403484655756008,0.004025657103755376,0.004019622029345219
0.03673829721687571,0.036736915462378505,0.03673554606632031,0.0367289225839153,0.03672230722706789,0.0366973603257011,0.036672509775171586,0.03664775578065769,0.0365417118179927,0.03649283943057102,0.03644475695249318,0.03641312975454073
0.003673829721687571,0.0036736185576597743,0.003673409300172781,0.00367239717495772,0.0036713862887301644,0.0036675741355294976,0.003663776639441607,0.0036599938282756614,0.0036437891648454118,0.0036363221342281035,0.0036289762335150718,0.0036241446215681274
0.03306446749518814,0.03306334098571556,0.03306222400345855,0.03305681988144111,0.03305142105889935,0.033031051023614505,0.033010741598194414,0.032990492733574274,0.03290362670015367,0.032863484004593956,0.03282391106639271,0.032797845391477294
0.003306446749518814,0.003306274447894395,0.0033061036148013504,0.0033052771048474776,0.003304451402892378,0.0033013359536489283,0.003298229720593757,0.003295132693735431,0.003281847022672544,0.003275708154044758,0.003269656660381637,0.003265670873489328
0.029758020745669328,0.02975707472063948,0.029756135800396565,0.029751591733115257,0.029747051146065146,0.029729911898743376,0.02971281116302311,0.029695748798812795,0.02962244194064386,0.029588450240027184,0.029554868367725286,0.029532713445800485
0.002975802074566933,0.0029756572887931114,0.0029755135974884215,0.0029748181811005596,0.0029741232948994,0.002971500296148206,0.0029688831454542128,0.0029662718195616576,0.0029550526479287732,0.002949850841219258,0.0029447118637377927,0.0029413216263834132
0.026782218671102396,0.02678140633219251,0.02678059886085604,0.026776689450308058,0.02677278222433776,0.026758028097196875,0.026743297525372463,0.026728590370875986,0.02666526840803025,0.02663576572179907,0.026606540420556116,0.026587217862944053
0.0026782218671102397,0.0026780975329852726,0.0026779739483843074,0.0026773756084367277,0.0026767776002474108,0.002674519426827968,0.0026722648145059993,0.002670013740688678,0.0026603216798197645,0.0026558061968423438,0.0026513331846556797,0.002648375847237944
0.024103996803992157,0.024103295941956638,0.024102597666117394,0.024099215184702406,0.024095833802485804,0.024083060258676865,0.024070298362274433,0.024057548029621408,0.02400246525640293,0.0239766156211013,0.023950914016490812,0.023933866915050134
0.002410399680399216,0.002410292531606897,0.0024101857810487387,0.0024096686752095356,0.002409151734028297,0.0024071988998824083,0.0024052477935879992,0.0024032984008867534,0.0023948766027195273,0.0023909243645385482,0.002386994674381467,0.002384388202850011
0.016069331202661435,0.016068630353782833,0.01606793210775243,0.016064550126371046,0.01606116964276556,0.01604840288375475,0.016035653440082443,0.016022921349107443,0.015967985970140045,0.015942245190994575,0.01591667747639617,0.015899733575334096
0.0016069331202661435,0.0016068259833689775,0.0016067192487274607,0.0016062022739380473,0.0016056855230863825,0.0016037339106419984,0.0016017848665773142,0.0015998383943535018,0.0015914395979046995,0.0015875042320243518,0.0015835952026259385,0.0015810046253633546
0.017854812447401596,0.017854000032031678,0.017853192516328498,0.017849283578002723,0.017845377594606963,0.01783063470786437,0.01781592631540813,0.017801252499875922,0.017738205850448937,0.017708908049791167,0.017679934922629478,0.017660806636558123
0.0017854812447401596,0.0017853575964430623,0.0017852347061435455,0.0017846398325686208,0.0017840454005500328,0.001781801672236976,0.0017795630580171907,0.001777329566085188,0.0017677330468675357,0.0017632739741489203,0.0017588642921660094,0.0017559530387775328
0.019838680497112883,0.01983773431361851,0.019836795285667123,0.01983225178545247,0.019827712985996525,0.019810590855337273,0.019793524543171178,0.01977651423832164,0.01970363861239091,0.019669967875358216,0.019636780463418605,0.01961492893421884
0.001983868049711288,0.0019837245939840426,0.001983582247074389,0.001982893506072,0.0019822054669942904,0.0019796097978077554,0.0019770224004983165,0.001974443296818429,0.0019633939552455007,0.0019582899878555263,0.0019532595102862904,0.0019499475341984071
0.022042978330125425,0.022041851568935733,0.022040734412643315,0.022035331118091514,0.022029934995166967,0.022009591041761246,0.021989334203942654,0.02196916490246287,0.021882956609130248,0.021843302587614456,0.021804329050082758,0.021778723545747735
0.0022042978330125427,0.0022041276288791087,0.002203958916940326,0.002203142932176015,0.00220232801733439,0.0021992555470134586,0.002196195980780706,0.0021931493719864704,0.002180128014541868,0.00217414075759818,0.002168256902274065,0.002164391748784304
0.024492198144583803,0.024490816018924853,0.024489446372062573,0.0244828242701966,0.024476213201721213,0.02445130714735251,0.024426538537958495,0.02440190824514961,0.024296882302791777,0.024248764171992693,0.024201604741587918,0.024170684740356267
0.0024492198144583804,0.0024490117810718336,0.0024488056937873193,0.0024478093141422504,0.00244681457893876,0.0024430668814948795,0.0024393395345229624,0.002435632654251615,0.0024198275015621597,0.0024125903652986603,0.0024054987938759383,0.002400850205090058
0.027213553493982006,0.027211805275773777,0.027210073148526564,0.027201702234925938,0.02719334936017482,0.027161915806039088,0.027130713241191685,0.027099743394272326,0.026968179615453263,0.026908223234804327,0.02684968789182051,0.02681142040531907
0.0027213553493982004,0.0027210896319713566,0.0027208264103193683,0.002719554355430762,0.0027182850334570917,0.0027135081952296015,0.0027087662616449367,0.0027040594853282073,0.002684065951465256,0.002674957763303571,0.0026660666794406317,0.002660254974387101
0.024492198144583806,0.024490996556478007,0.024489800228779248,0.024484010019762092,0.024478226681611166,0.02445642115673224,0.02443470522785267,0.02441307990774523,0.024320333132174913,0.024277252566564024,0.02423471881295704,0.02420665351758719
0.002449219814458381,0.0024490383643470223,0.0024488577425195892,0.0024479835452132434,0.0024471103707796853,0.0024438179907721735,0.002440538878382701,0.002437273177123029,0.0024232676514534834,0.00241676396806156,0.002410343234479374,0.0024061069741929705
0.016328132096389204,0.016326930611339177,0.016325734517410616,0.016319948228947116,0.01631417193238144,0.016292419470789417,0.01627080072468599,0.0162493174303044,0.016157705520079182,0.01611545655078844,0.016073938709291725,0.01604665158066006
0.0016328132096389205,0.0016326318559394602,0.0016324513625570326,0.0016315782104393021,0.001630706545049256,0.0016274237862805628,0.0016241608322066137,0.0016209179315737933,0.0016070896314124602,0.001600714835494442,0.0015944508644801453,0.0015903344512682902
0.030237281659980002,0.03023514292944333,0.030233024442487866,0.030222790246552077,0.03021258217585024,0.03017420112628787,0.030136158886874518,0.03009845802409961,0.02993876735893907,0.029866315076700685,0.02979580682229008,0.029749822649273693
0.0030237281659980003,0.003023402378946205,0.003023079731132287,0.003021521084330972,0.0030199664110857204,0.003014120933760974,0.0030083268940602876,0.0030025846727024168,0.0029782641274362777,0.002967233680077202,0.002956500778686873,0.0029495020197402503
0.027213553493982003,0.027211968338287876,0.02721039426807572,0.02720278259578552,0.027195184672774802,0.02716657324944904,0.02713813988439436,0.027109886214024857,0.026989466597781456,0.026934174514167214,0.026879956137505275,0.026844381341592935
0.0027213553493982004,0.0027211142132892475,0.002720874798762801,0.00271971708679871,0.002718561457589942,0.0027142096069170596,0.002709884662474548,0.0027055868653430935,0.0026872702603311068,0.0026788622350328744,0.002670618239703906,0.0026652095788171014
0.024492198144583803,0.02449108684896495,0.024489979263348817,0.024484616936684182,0.024479259967941647,0.02445905466383186,0.024438919870189948,0.024418856465365787,0.0243326147610197,0.02429238907309067,0.024252582237478736,0.024226264764225538
0.0024492198144583804,0.0024490517248721864,0.0024488842212002453,0.002448073264799469,0.0024472631059092643,0.002444207230360353,0.0024411617973729162,0.002438126932252903,0.0024250818301790955,0.0024189984392907595,0.0024129785756324337,0.0024089988848904212
0.0163281320963892,0.016327020881927955,0.01632591348041244,0.01632055424233708,0.016315202821917976,0.0162950393465554,0.01627498119528717,0.01625502985260144,0.016169685703144303,0.016130118737574785,0.016091118017075023,0.01606541896529204
0.00163281320963892,0.0016326451952247362,0.0016324777918352525,0.001631667654416167,0.0016308586800942565,0.001627810371576983,0.0016247776643102106,0.0016217607719102183,0.0016088558020813746,0.0016028745057262176,0.0015969790305473165,0.0015930945837434776
0.018142368995988,0.018140783583178013,0.018139209484572986,0.018131602618907568,0.018124015036824637,0.018095489509966985,0.018067219992419253,0.01803920915903395,0.017920744442434734,0.0178668860908786,0.01781441282068621,0.017780169404807263
0.0018142368995987999,0.0018139988018347154,0.0018137625054919387,0.0018126206433740615,0.0018114816502074022,0.001807199276868782,0.0018029548065552946,0.0017987486179154898,0.0017809621180317717,0.0017728820396688346,0.0017650118819904116,0.0017598775025781201
0.033596979622200006,0.03359442802267772,0.03359190034912471,0.03357969252480876,0.033567519628811555,0.03352178325632546,0.03347650422013076,0.03343168599769589,0.03324221270828983,0.03315648071606752,0.03307323286174687,0.033019024107108386
0.0033596979622200008,0.003359309097857879,0.003358923947464998,0.003357063840817605,0.0033552090530991124,0.0033482400910934866,0.003341340662631835,0.003334511285999749,0.003305641997328476,0.0032925842181275138,0.003279906878539186,0.0032716530743161355
0.030237281659980006,0.030235368513660616,0.030233471341661596,0.030224301933369505,0.030215152516393944,0.030180725074615396,0.030146556425507925,0.03011264869789893,0.029968537548071734,0.029902750493445554,0.02983848183168038,0.02979643541085309
0.0030237281659980008,0.003023436582060842,0.0030231474745909467,0.0030217501834983434,0.0030203559330888932,0.003015109552594311,0.0030099024614073386,0.003004734975844208,0.002982774066091678,0.002972751721606906,0.0029629617977819465,0.00295655768649117
0.027213553493982006,0.027212117020542655,0.027210689722696243,0.02720378568538808,0.027196892345798897,0.027170919980056708,0.027145085400407,0.02711938988218073,0.027009587732590306,0.026958960605677602,0.02690918933933225,0.026876463813581223
0.0027213553493982004,0.0027211366679727625,0.002720919410454627,0.0027198685169272834,0.0027188192440661305,0.002714865754545484,0.0027109330862158595,0.0027070214268543782,0.0026903067567503637,0.002682601688981283,0.0026750273913164428,0.0026700475368276076
0.024492198144583806,0.02449116764115121,0.024490140555701527,0.02448516737471068,0.024480198494821862,0.024461451303998183,0.024442760052112454,0.024424125393700487,0.02434391269702112,0.02430643277453638,0.02426930069359951,0.024244729445026304
0.002449219814458381,0.0024490637134704013,0.0024489081497774136,0.002448154908701268,0.0024474023081238593,0.002444562691778172,0.002441731361311345,0.0024389084096377747,0.002426757021986991,0.0024210801012565283,0.0024154559574920036,0.0024117344623037365
0.016328132096389204,0.016327101657296846,0.016326074717779387,0.01632110398520751,0.01631613950406423,0.016297425485538714,0.016278795035554922,0.01626024931134567,0.016180750148167604,0.016143794467301173,0.016107304605394814,0.016083226506159738
0.0016328132096389205,0.0016326571680291388,0.0016325016835855657,0.0016317490905433953,0.0016309974278931655,0.0016281638078968308,0.0016253425682837604,0.0016225338752880176,0.0016104938798975662,0.001604898212422109,0.001599373168042067,0.001595727623768501
0.018142368995988003,0.018140932293631496,0.018139504945425846,0.018132604523095255,0.01812571911958809,0.018099813331779617,0.018074106296115423,0.018048600186862836,0.01794032961166439,0.01789082872351511,0.017842431602296868,0.01781075667904666
0.0018142368995988003,0.001814020771318348,0.0018138061281580656,0.001812768480605893,0.0018117330679067452,0.0018078371260505128,0.0018039706131308907,0.0018001338374856162,0.0017838487390691383,0.0017764078564893322,0.0017691342955955982,0.0017643750030183754
0.020158187773320003,0.0201562741520577,0.020154376821922382,0.02014521351399364,0.020136077880343026,0.020101767432252775,0.020067823714274777,0.020034250061116567,0.019892824072771473,0.019829002412600875,0.019767118707725437,0.019726886501061757
0.0020158187773320004,0.0020155321858248694,0.0020152481897085417,0.002013876688218057,0.0020125093034078665,0.0020073734733701476,0.0020022919265409163,0.001997265130973211,0.001976094507716683,0.0019665508370895093,0.0019573008133525476,0.001951289813793707
0.037329977358,0.0373269738419017,0.03732399663215743,0.03730961946482824,0.03729528688812394,0.03724146732327349,0.03718823764665201,0.03713560248357827,0.036913348350657196,0.036812887178648675,0.03671546005101122,0.036652065041577066
0.0037329977358,0.0037325400076665457,0.0037320863700530827,0.003729895772769742,0.003727711968225853,0.0037195115721381077,0.0037114009070046373,0.003703380664102646,0.0036695180385840722,0.00365421775031346,0.0036393821797527756,0.003629730461529045
0.0335969796222,0.033594737494679436,0.03359251445647111,0.03358177255895189,0.03357105667382692,0.03353075655103862,0.03349079550002533,0.033451176297897414,0.03328295975469045,0.03320632079005641,0.03313157959320705,0.033082736625407234
0.00335969796222,0.003359356094083553,0.003359017186996134,0.003357379590553241,0.0033557459554691502,0.0033496021188733683,0.003343509834246946,0.0033374695158930917,0.003311825082670875,0.0033001450805159207,0.003288755747421745,0.0032813138175359752
0.03023728165998,0.030235580459976697,0.030233892467381576,0.030225731092689348,0.030217584835722608,0.030186910371741267,0.030156430049495322,0.03012614546781113,0.029996998576522615,0.02993774156830073,0.02987966817778737,0.029841575285300206
0.003023728165998,0.003023468735935392,0.003023211351668722,0.003021966925467979,0.00302072479889055,0.00301604753182706,0.0030113997390726357,0.0030067816579655263,0.0029870890463829926,0.0029780554922366875,0.002969203141561646,0.0029633970181045187
0.027213553493982,0.027212255523912245,0.02721096553739849,0.027204724272596435,0.027198491268978046,0.027174995199959494,0.027151604208728752,0.027128319201541913,0.027028574606869967,0.02698243152135129,0.02693697423532714,0.026907034388398025
0.0027213553493982,0.0027211575965727882,0.0027209610809829435,0.0027200102992871148,0.0027190607693847756,0.002715481321290862,0.0027119177523353224,0.002708370195436891,0.002693174114011179,0.0026861454368605855,0.0026792215707083936,0.002674661527590903
0.0244921981445838,0.024491242047017907,0.02449028926138507,0.024485675462008232,0.024481065106098935,0.024463665787924985,0.02444631037320696,0.024428999308993095,0.024354392773176286,0.024319487089996348,0.02428487454027199,0.02426195495322119
0.00244921981445838,0.002449074761250703,0.00244893022586321,0.002448230325221057,0.0024475309377154156,0.0024448913794709584,0.0024422583256388064,0.002439631838938681,0.002428312183714491,0.0024230167720159035,0.00241776586072551,0.002414288927351288
0.016328132096389197,0.016327176049252445,0.016326223377979603,0.016321611497314332,0.01631700458874823,0.016299631275013413,0.01628232353846031,0.01626508223565888,0.016191036262622367,0.016156542841653434,0.01612243578400283,0.016099904666032047
0.0016328132096389198,0.0016326682028395582,0.0016325237294124554,0.0016318243359118372,0.001631125682779687,0.001628490822546522,0.0016258656789246418,0.0016232503744182572,0.0016120182252950229,0.0016067867121639364,0.001601613803145892,0.0015981966989547763
0.018142368995988,0.018141070825634792,0.018139780776206572,0.018133542173559232,0.01812731515538656,0.01810386986621325,0.01808057661256844,0.018057437051910444,0.017958873596068386,0.017913601201794103,0.017869208494805475,0.017840084059393833
0.0018142368995987999,0.0018140412666446896,0.001813846916944652,0.0018129070744417992,0.0018119689563474237,0.0018084366166752897,0.001804926791701089,0.0018014397160495618,0.0017865872880861715,0.0017797685431398247,0.0017730831971275818,0.0017686979367257767
0.02015818777332,0.020156486158623574,0.020154797991804536,0.020146640982801854,0.02013850492344546,0.02010791832158967,0.020077607973052174,0.020047576545585016,0.019920476495852595,0.019862722925795384,0.019806479672886856,0.019769782822831056
0.002015818777332,0.0020155634853646384,0.002015310327341312,0.0020140871552504222,0.0020128671002054466,0.0020082801094847363,0.0020037340133663493,0.0019992291872021656,0.001980166431939243,0.0019715116444116816,0.0019630857702390902,0.0019575900142195434
0.022397986414799998,0.022395743648929115,0.022393520378043184,0.022382786155120554,0.02237208778976637,0.02233193696345965,0.02229226326060593,0.022253070781251917,0.0220882762794904,0.02201413783920397,0.02194242530543174,0.021895882178256044
0.0022397986414799996,0.002239463368362891,0.0022391312131860752,0.002237527640675357,0.0022359294006621742,0.0022299308057552266,0.00222400282238501,0.0022181460246160412,0.0021935255244146953,0.0021824626174526724,0.002171767165606782,0.0021648292431487833
0.06912958770000001,0.06912567820177445,0.06912179223513036,0.06910300603057354,0.06908426244957296,0.069013757581922,0.06894382014180551,0.06887445570292564,0.06857830603807642,0.06844211906991579,0.0683087531658383,0.06822121526550493
0.006912958770000001,0.006912360240115818,0.006911765355891434,0.006908889493622009,0.0069060201568857515,0.0068952269705675065,0.006884520588448713,0.006873901857049348,0.006828567066831464,0.006807722643772519,0.00678731141046434,0.006773914852242417
0.06221662893000001,0.06221327858614114,0.062209953430588986,0.062193880334704674,0.062177842133894545,0.06211749510522519,0.06205760364310692,0.0619981715995108,0.06174444840768206,0.06162799244682885,0.0615140009295774,0.06143922945920184
0.006221662893000001,0.006221150034220104,0.0062206410703729035,0.006218180873159995,0.006215726017264022,0.006206489077507814,0.006197321808916079,0.006188224794907555,0.0061493898539065,0.006131567908907963,0.006114124360897637,0.00610268321409299
0.05599496603700001,0.055992098556352767,0.05598925581210809,0.05597551528227669,0.05596180296569463,0.055910190502678384,0.05585893977716826,0.055808053401420706,0.05559081341694448,0.055491223235882084,0.055393748693233213,0.05532983473234329
0.0055994966037,0.0055990577759711556,0.005598622769299521,0.005596520168393739,0.005594421884327116,0.005586524009010172,0.005578681425805508,0.0055708945287294,0.00553765258342051,0.005522415882648479,0.005507503961658916,0.0054977269024008
0.050395469433300005,0.05039302866177251,0.050390610454646795,0.05037892141841334,0.05036725462676281,0.05032332491711457,0.05027967583400997,0.05023630911467695,0.05005112251673574,0.049966240229335296,0.049883121021326214,0.04982861406435537
0.005039546943330001,0.005039173596889712,0.00503880373417658,0.005037015926355799,0.005035231519659939,0.005028512536659291,0.005021836408007929,0.005015203394037741,0.004986879890646641,0.0049738997755023225,0.0049611902304673135,0.004952856308410956
0.04535592248997001,0.045353871762339605,0.0453518402174771,0.045342018693012215,0.0453322139300647,0.045295278800293486,0.045258551890227754,0.0452220343035107,0.045065975789130894,0.04499436035191696,0.04492414794593324,0.044878071630506805
0.004535592248997001,0.004535278803981878,0.004534968320315279,0.004533467301528174,0.0045319688424516535,0.0045263240098936735,0.004520710925601551,0.004515129753115552,0.004491279493733155,0.004480336613808365,0.004469608950077121,0.0044625695355250804
0.04082033024097301,0.04081864841198548,0.04081698191859963,0.040808923232933114,0.040800876283667915,0.04077054620215121,0.040740359083873245,0.040710315516306224,0.040581746627336886,0.04052260439839976,0.04046451132290213,0.04042633876398959
0.004082033024097301,0.004081776190486686,0.0040815217247018535,0.004080291215686395,0.00407906249606655,0.0040744312292802,0.0040698217131816036,0.004065234032682587,0.004045602277042246,0.004036573347448681,0.004027705275778288,0.004021878575070308
0.03673829721687571,0.036736961130100006,0.0367356369827525,0.03672923204710619,0.03672283461651637,0.03669870653755752,0.036674666650684924,0.03665071507728986,0.036548051153189265,0.0365007021969952,0.036454096524473116,0.03642342932493053
0.003673829721687571,0.0036736255034989754,0.0036734231267835323,0.0036724442339757662,0.0036714664856268286,0.003667778842520248,0.003664104615530652,0.003660443819899625,0.003644753019222501,0.003637517467531139,0.003630395902136667,0.003625710083380283
0.03306446749518814,0.03306337216656257,0.033062286038780274,0.03305703095625315,0.03305178079860527,0.03303196980235286,0.033012214598920626,0.03299251509510773,0.03290796709832124,0.03286886992037891,0.03283031190911729,0.03280490651621237
0.003306446749518814,0.003306279188204654,0.0033061130448681065,0.003305309187598275,0.003304506081272732,0.0033014756005365427,0.003298453603626826,0.003295440073964082,0.0032825066464397096,0.0032765265632198016,0.003270629167834922,0.003266743607484996
0.029758020745669328,0.029757095632208075,0.02975617738123924,0.029751733159991654,0.029747292191834074,0.029730527778063606,0.029713799021123338,0.029697105758536325,0.029625356817290355,0.029592067211428773,0.02955916720282837,0.029537455848207782
0.002975802074566933,0.002975660463496012,0.0029755199094198916,0.002974839647355598,0.002974159880917432,0.0029715937729200997,0.0029690330795630535,0.002966477774281269,0.002955494998403742,0.002950399659172659,0.002945364050439061,0.0029420410376281773
0.026782218671102396,0.026781419611254957,0.026780625258943463,0.026776779229153988,0.02677293525295557,0.026758419232885942,0.026743925151873803,0.026729452860838252,0.026667122232265694,0.026638066150199178,0.026609274833781688,0.026590234604488446
0.0026782218671102397,0.002678099540012978,0.0026779779376913753,0.002677389174122742,0.0026768007224544964,0.002674578525078038,0.0026723596445301315,0.0026701440566139303,0.0026606017273965773,0.002656153643339331,0.0026517461000666767,0.0026488313373790695
0.024103996803992157,0.024103302802206274,0.02410261130931182,0.024099261608587927,0.024095912947765315,0.02408326265161988,0.02407062327795461,0.024057994738169036,0.024003426756217094,0.023977809748453777,0.02395233469314026,0.0239354352099709
0.002410399680399216,0.0024102935491803353,0.002410187804189143,0.0024096755576573196,0.0024091634669345155,0.002407228902480889,0.002405295958432346,0.002403364619868171,0.0023950190795733175,0.0023911012448205988,0.002387205034027823,0.002384620361583768
0.016069331202661435,0.01606863721320184,0.016067945748233607,0.016064596515965104,0.01606124869701229,0.016048604757436025,0.016035977050907906,0.016023365602598084,0.015968935752603095,0.01594342078062359,0.015918071246561027,0.015901268527691203
0.0016069331202661435,0.0016068270001783817,0.0016067212700838134,0.0016062091462534878,0.0016056972337706004,0.0016037638136446146,0.0016018328014755208,0.0015999041990027248,0.001591580214457414,0.001587678194824901,0.0015838013533561164,0.0015812315839228651
0.017854812447401596,0.01785401331510469,0.017853218920282077,0.017849373325240312,0.017845530502067535,0.01783102494202825,0.01781655152200815,0.017802110299887645,0.017740036410216008,0.01771117146814001,0.017682615475647184,0.017663756582078097
0.0017854812447401596,0.0017853595645947289,0.0017852386170099646,0.001784653121144086,0.0017840680395613793,0.0017818594458458576,0.0017796556174678134,0.0017774565591394068,0.0017680039187427821,0.0017636087254230533,0.0017592605358684647,0.0017563889529407751
0.019838680497112883,0.01983775523348303,0.01983683687946973,0.019832393169308033,0.01982795384472351,0.019811205256957277,0.019794508387721385,0.01977786338249769,0.019706514583512687,0.019673522967926908,0.019640989327275413,0.019619559850595367
0.001983868049711288,0.0019837276930398068,0.0019835884064421903,0.001982914435350359,0.0019822411192586347,0.0019797007371592217,0.001977168019862402,0.00197464298301123,0.0019638194273338,0.0019588156618027116,0.0019538815402996516,0.0019506317018431324
0.022042978330125425,0.022041882762753467,0.022040796467974234,0.022035542118369722,0.022030294421716078,0.02201050738550607,0.021990800614532263,0.021971174454910026,0.02188723358116254,0.021848587784829374,0.021810583694866305,0.021785603726165677
0.0022042978330125427,0.002204132249241369,0.0022039681049100075,0.002203174161814875,0.0022023812114799523,0.0021993911554728796,0.0021964129896337873,0.002193446756744648,0.0021807606615047537,0.0021749221460009706,0.0021691811537843633,0.0021654080837823744
0.024492198144583803,0.024490861705310826,0.024489537316029146,0.02448313359109692,0.024476740040837223,0.02445264925238831,0.024428684396998145,0.02440484621939902,0.02430311698380253,0.024256461117318235,0.02421070412361688,0.024180687454088964
0.0024492198144583804,0.002449018546550213,0.0024488191558645436,0.002447855084583358,0.0024468925300848506,0.0024432654474757,0.0024396570119907704,0.0024360673218287677,0.0024207494927723835,0.0024137280054575064,0.002406843020692657,0.0024023273476082023
0.027213553493982006,0.027211871670684586,0.027210205385166424,0.027202151982929506,0.027194115100184494,0.02716386352625849,0.027133822308171247,0.027103992964454503,0.026977137220568985,0.026919249177308036,0.02686268341558326,0.026825677133001546
0.0027213553493982004,0.0027210996611196107,0.0027208463813542007,0.002719622266720091,0.0027184006550257742,0.0027138022779495895,0.0027092356879176893,0.002704701106340653,0.00268541806486305,0.002676621633238461,0.002668027236901477,0.0026624053970077154
0.024492198144583806,0.024491033147032132,0.024489873515137827,0.02448426083549937,0.02447865452452083,0.02445751370263801,0.02443645517896186,0.024415479827627623,0.024325466550944162,0.024283637909276522,0.02424232693329827,0.024215061736389473
0.002449219814458381,0.002449043798888153,0.0024488686256960612,0.002448020787232289,0.002447173897165728,0.0024439802122762284,0.0024407987151625816,0.0024376295290426528,0.002424029653908023,0.002417711545270336,0.0024114719835705537,0.0024073542129493994
0.016328132096389204,0.016326967193443717,0.016325807776137027,0.01632019869530667,0.01631459884823236,0.016293506742378276,0.016272537452148704,0.01625169252947202,0.016162722207904528,0.016121658160189675,0.016081281610993547,0.016054732414026576
0.0016328132096389205,0.0016326372825893902,0.0016324622273248032,0.0016316153483970637,0.0016307698436925425,0.0016275849921393243,0.001624418331864717,0.0016212700847279997,0.0016078330819238654,0.0016016334783024674,0.0015955381070102282,0.0015915306095335767
0.030237281659980002,0.03023523104315803,0.030233199908113118,0.03022338668306613,0.030213597277867873,0.030176779827562665,0.03014026982072037,0.030104069545278396,0.029950533426769222,0.029880758858931364,0.029812783127173947,0.029768411466438695
0.0030237281659980003,0.0030234157477551974,0.0030231063489646187,0.0030216115490889527,0.0030201203723136,0.003014512034187909,0.003008950371702563,0.0030034357238953825,0.0029800481727046725,0.002969423218658272,0.0029590736059640333,0.0029523187581194576
0.027213553493982003,0.02721202643544626,0.027210510296941662,0.027203178384442243,0.027195859095217514,0.027168291387862465,0.02714088604618407,0.02711364449584212,0.026997426137316226,0.02694401084087886,0.02689159852302205,0.026857190419441714
0.0027213553493982004,0.0027211229950472086,0.0027208923350924633,0.002719776898487917,0.002718663374268029,0.002714469242336734,0.0027102996456577016,0.002706154793792057,0.0026884727925586115,0.0026803480038854618,0.0026723764568599376,0.00266714371970363
0.024492198144583803,0.02449111841626233,0.024490042582438965,0.024484833980244314,0.02447963036190295,0.02446000128041165,0.024440437104808536,0.024420938590633243,0.02433708566881699,0.02429796549849573,0.02425924456241534,0.024233641227410632
0.0024492198144583804,0.0024490564171345164,0.002448893632415963,0.00244810552222744,0.002447318154128072,0.002444347918471962,0.002441387296044239,0.0024384363940789444,0.002425746175589994,0.002419826892529369,0.002413968178064802,0.0024100944337804163
0.0163281320963892,0.016327052442723776,0.016325976778238455,0.016320771016871235,0.01631557250187547,0.016295981898221654,0.01627648823318875,0.016257092828802354,0.016174066246492504,0.01613555275725982,0.016097574472565802,0.016072541022412113
0.00163281320963892,0.001632649881492977,0.0016324871890537314,0.0016316998323570669,0.001630913554032979,0.0016279502799539365,0.0016250013658445793,0.0016220670015029525,0.001609505797640513,0.0016036805447423791,0.0015979364270902552,0.0015941504519297806
0.018142368995988,0.018140841690119418,0.018139325513401295,0.018131997934828985,0.01812468803853525,0.018097198637556072,0.01806994290066358,0.01804292323900148,0.0179284940236459,0.01787639210071686,0.017825579610889056,0.017792392860971985
0.0018142368995987999,0.0018140074022888182,0.0018137796717512744,0.001812679106513036,0.0018115811724320758,0.0018074520013429474,0.0018033574263570812,0.001799297788211349,0.0017821071682753622,0.0017742856451942186,0.0017666595787049003,0.0017616802491383589
0.033596979622200006,0.033594539006229045,0.03359212135732766,0.0335804435283851,0.03356879744612883,0.033525026214426844,0.03348166895297407,0.03343872879666162,0.03325692436548815,0.03317450660592911,0.0330943776349767,0.03304214676481292
0.0033596979622200008,0.0033593259582552445,0.003358957517318298,0.0033571778966703636,0.0033554031106293506,0.0033487325696485073,0.0033421249686653104,0.0033355807746441304,0.003307875531046934,0.003295320275835319,0.003283115561701099,0.0032751613055638307
0.030237281659980006,0.030235444605005844,0.03023362306938537,0.030224818545552715,0.03021603229286666,0.030182963317430606,0.03015012951665853,0.030117532762640804,0.029978834106664833,0.029915434639735734,0.02985344481284017,0.029812860523918728
0.0030237281659980008,0.0030234481308164616,0.00302317050012701,0.0030218285729159797,0.003020489424922711,0.00301544916175937,0.003010444602411147,0.0030054760246433264,0.00298433603187187,0.002974675501253311,0.0029652307602117955,0.0029590480269704256
0.027213553493982006,0.02721216680189539,0.027210789209574957,0.027204125354279567,0.027197471350763912,0.027172396456847245,0.027147447471542185,0.027122625493669398,0.02701647087052533,0.026967488592132684,0.026919309347395098,0.026887617436920964
0.0027213553493982004,0.0027211441947205244,0.00272093445094584,0.0027199198634675404,0.0027189067686727146,0.002715088941760883,0.0027112901415066054,0.002707510529245682,0.0026913470354509783,0.002683890336140087,0.0026765563498387596,0.0026717324642886405
0.024492198144583806,0.024491194414521095,0.024490194250589202,0.02448535142915922,0.02448051262169244,0.0244622544500188,0.024444047902665935,0.024425893536897933,0.02434771981662248,0.02431118731528016,0.024274987958091174,0.0242510313935895
0.002449219814458381,0.002449067693710385,0.002448916131742268,0.0024481822676146545,0.0024474490014428827,0.0024446820763046515,0.0024419227985307836,0.0024391712467126798,0.0024273228477900183,0.002421786617882799,0.00241630094917959,0.0024126706889328344
0.016328132096389204,0.016327128425658397,0.016326128396288025,0.01632128783241705,0.01631645308086403,0.0162982254986062,0.016280075024357167,0.016262002684946847,0.01618448739953383,0.016148438811307696,0.016112832414874812,0.016089331274653593
0.0016328132096389205,0.0016326611436585693,0.0016325096547829268,0.001631776388279007,0.0016310439870430608,0.0016282825917593058,0.0016255326204477852,0.0016227942202076224,0.0016110486124621332,0.001605587386088241,0.0016001932165764577,0.0015966330973746492
0.018142368995988003,0.018140982084420956,0.018139604436204725,0.018132943844169577,0.01812629706157101,0.018101282974249733,0.01807645066118641,0.018051802068227554,0.017947051460766354,0.01789910245007796,0.017852184711740885,0.017821457810908277
0.0018142368995988003,0.001814028146986472,0.0018138208608350279,0.0018128187110847444,0.0018118186166211424,0.0018080546558440008,0.0018043176113682758,0.0018006077585178985,0.001784843064610617,0.0017776310328654389,0.0017705753608679067,0.0017659555173891272
0.020158187773320003,0.020156350263280273,0.020154528561484256,0.02014572949207651,0.02013695569860062,0.020103993006242604,0.02007136396979574,0.020039071622354174,0.01990282457135205,0.01984122161041879,0.019781413927312502,0.019742490993717336
0.0020158187773320004,0.00201554343642446,0.0020152706074558434,0.0020139528790016443,0.002012638910985268,0.0020077020380822627,0.002002814554194213,0.001997976884593796,0.001977569579130521,0.0019683516817640342,0.001959405852734725,0.0019535862929077725
0.037329977358000005,0.0373271100653056,0.03732426802659882,0.03731054184641779,0.03729685609268117,0.037245447037611776,0.03719457086796762,0.037144231789312934,0.036931324135455204,0.03683488777882531,0.036741236527141515,0.0366802304538977
0.0037329977358000004,0.003732560711281695,0.003732127610889945,0.00373003591584309,0.0037279503793662535,0.0037201161918968017,0.003712363063980863,0.003704691623994424,0.0036722482746852757,0.003657558496252422,0.003643295326121055,0.003634005539453492
0.033596979622200006,0.03359483179593473,0.03359270243684564,0.03358241226841163,0.0335721457992673,0.033533525285626226,0.03349521213840215,0.03345720882263363,0.033295651078210885,0.03322193571201405,0.033149974445460396,0.03310291018751164
0.0033596979622200008,0.0033593704246419913,0.0033590457498804366,0.0033574767799775798,0.0033559114193478672,0.0033500227439825707,0.003344180800163166,0.0033383859552800796,0.0033137527417555455,0.0033025163422196733,0.0032915486231655574,0.0032843763399308798
0.030237281659980006,0.030235644790836357,0.03023402082011678,0.030226168519760788,0.03021833007772319,0.030188808638466624,0.030159463987192506,0.03013029751025879,0.03000580301217202,0.029948622276518358,0.029892544963313727,0.029855740977715997
0.0030237281659980008,0.0030234785019398,0.0030232308346699937,0.0030220333169773492,0.003020837907486114,0.0030163356348486352,0.0030118602020744695,0.003007411814549911,0.002988425083546034,0.0029797063260143647,0.002971156507954279,0.002965545669330506
0.027213553493982006,0.027212297328639164,0.02721104908567055,0.027205009603596488,0.02719897775549079,0.02717623669492051,0.02715359190486812,0.02713104415424411,0.027034397384968028,0.026989661578493536,0.02694557228187614,0.02691652411441069
0.0027213553493982004,0.0027211639181281763,0.0027209737136814393,0.0027200534383909013,0.0027191343199998684,0.002715669017790998,0.0027122182640540995,0.0027087821711249344,0.002694054307557037,0.0026872381985347886,0.0026805209078789006,0.0026760954771156446
0.024492198144583806,0.02449126432964978,0.024490333920342482,0.02448582846884178,0.0244813262410245,0.024464333631554164,0.024447381652046744,0.02443047067675309,0.024357568874659292,0.02432345699874901,0.02428962689426416,0.02426722358708896
0.002449219814458381,0.0024490780736626185,0.0024489368641283735,0.002448253067281248,0.0024475697509927243,0.0024449906436507345,0.0024424175562114563,0.002439850540684935,0.0024287842030261205,0.0024236066768881025,0.002418471937716716,0.0024150716409891675
0.016328132096389204,0.016327198328084512,0.016326268024512113,0.016321764346950655,0.016317265306403688,0.01630029674122637,0.016283388849610936,0.016266542388448952,0.01619415919667963,0.016160428833718703,0.016127066615123812,0.01610502294378608
0.0016328132096389205,0.0016326715117508832,0.0016325303595030375,0.0016318470315405322,0.001631164394235513,0.0016285896308293123,0.0016260238580235863,0.0016234671837020585,0.0016124818032467283,0.0016073634101645357,0.001602300870685454,0.0015989559625922173
0.018142368995988003,0.018141112639183058,0.018139864330920387,0.018133827256401978,0.018127800867101185,0.01810510629650632,0.01808255112783907,0.018060136834914146,0.017964575212655987,0.01792063989312156,0.01787752984908766,0.017849232072785978
0.0018142368995988003,0.0018140474638095644,0.0018138592966748847,0.0018129493010362622,0.0018120408962817639,0.0018086197399297275,0.0018052192284872311,0.0018018395699755019,0.0017874313158242768,0.0017808099886873394,0.0017743138323247614,0.0017700503751157562
0.020158187773320003,0.020156550507869988,0.020154926360562875,0.020147077963020458,0.020139248750989727,0.02010980726248986,0.020080617611950017,0.020051682200763036,0.019929059281287968,0.019873254617704686,0.01981885374199357,0.019783329442666725
0.0020158187773320004,0.0020155730065780407,0.002015329312332637,0.0020141517544268297,0.0020129770515547305,0.0020085593073929267,0.0020041788449873693,0.0019998360015786617,0.001981434132422792,0.0019730661423704625,0.001964910953323828,0.0019595871901844524
0.0223979864148,0.02239583797681569,0.02239370837506943,0.022383425036410748,0.0223731743527883,0.02233468910806278,0.02229663691291664,0.022259021524730308,0.022100581626627834,0.022029147424761225,0.02195995218171708,0.021914990366408094
0.00223979864148,0.0022394773036687266,0.0022391589701538177,0.0022376219159001343,0.0022360897184641754,0.0022303368220403953,0.0022246480157502775,0.0022190238254914344,0.0021953391857589075,0.0021846729067473976,0.002174345812379818,0.002167638743175306
0.04147775262,0.04147440250316818,0.041471078225193955,0.041455023123879185,0.04143901826894807,0.041378926671801146,0.0413195055099918,0.04126076042227688,0.04101246784086738,0.0408999624642749,0.04079075774703671,0.04071962532187732
0.004147775262,0.0041472647266620356,0.00414675821652872,0.0041443120064014035,0.004141873451142755,0.004132717587686744,0.004123663723938155,0.0041147127046656596,0.004076883628570045,0.004059749106811501,0.004043120130764662,0.004032290339993311
0.037329977358000005,0.03732748845628314,0.03732501908847873,0.03731308623759386,0.03730118277039013,0.03725642226034272,0.03721204780516785,0.03716806275630213,0.03698110582514478,0.036895766551913456,0.03681249301623833,0.03675803057034677
0.0037329977358000004,0.0037326182018443638,0.003732241701060116,0.00373042235003198,0.003728607475424893,0.003721782929638351,0.003715017107351307,0.0037083105099872168,0.0036798061612861774,0.003666798732881184,0.0036541077528162943,0.0036458086263228278
0.033596979622200006,0.03359509317622354,0.03359322145080894,0.033584172408159,0.03357514084745617,0.03354113883521312,0.0335073620973078,0.033473812495161175,0.03333064175727924,0.0332649260512037,0.03320053786044571,0.033158298158527125
0.0033596979622200008,0.003359410130459373,0.0033591245790964637,0.0033577440714249143,0.0033563662263295453,0.0033511788423244925,0.003346025708608556,0.0033409071025770425,0.0033190647768905077,0.0033090413846913443,0.0032992213573381198,0.0032927798408888213
0.030237281659980006,0.03023582266040764,0.030234374265492227,0.0302273686410215,0.030220373428237718,0.03019401210606949,0.03016778229084508,0.030141684975130225,0.030029965641944087,0.029978423021817493,0.029927736390194085,0.02989439509544954
0.0030237281659980008,0.0030235054914600256,0.0030232844574118907,0.003022215365993354,0.0030211478586405095,0.0030171249140427516,0.0030131219350404063,0.0030091390683387267,0.002992089423563352,0.0029842248020879917,0.002976491258376792,0.0029714045176520328
0.027213553493982006,0.027212412570092184,0.027211278427050515,0.02720578980931221,0.027200307062861355,0.02717962755285877,0.02715902105563866,0.027138488091046464,0.02705029526593814,0.027009349616657716,0.02696892102770051,0.02694224455721884
0.0027213553493982004,0.0027211813326005227,0.002721008364776421,0.0027201713022720945,0.002719335129736414,0.0027161812399185935,0.0027130383843481584,0.002709906638450361,0.0026964553733678726,0.0026902110956266603,0.002684045869342706,0.002679977962182079
0.024492198144583806,0.024491325536275765,0.02449045605636356,0.024486245234267328,0.024482036983202525,0.024466150207579508,0.024450295203128608,0.024434472211720154,0.024366188960085845,0.0243341950268059,0.02430243749528018,0.024281392509401246
0.002449219814458381,0.0024490871585456293,0.002448954989120399,0.002448314903947013,0.0024476752022924656,0.002445260159361698,0.0024428498247276967,0.0024404442312954346,0.00243006282614985,0.0024251990411556157,0.002420371171049417,0.0024171718956931933
0.016328132096389204,0.016327259524489494,0.01632639012712233,0.016322180689924998,0.016317974927300617,0.016302106928444082,0.01628628636214567,0.01627051377857358,0.016202636274246583,0.016170941094160653,0.016139550250980714,0.016118787322330883
0.0016328132096389205,0.0016326805870898794,0.001632548462232298,0.001631908742360384,0.0016312695700693033,0.001628857916604332,0.0016264532928910542,0.0016240557768863032,0.0016137377051191287,0.0016089202260245925,0.0016041489399839244,0.0016009931052009883
0.018142368995988003,0.018141227907816793,0.018140093697045268,0.018134606834082873,0.01812912817624127,0.018108483910619633,0.018087945688973737,0.018067514605391924,0.017980153412924228,0.017939822602735914,0.017900147537845548,0.017874049398276304
0.0018142368995988003,0.0018140645242158125,0.0018138932289936262,0.0018130645828705295,0.001812237158852595,0.0018091191330921522,0.0018060168145917438,0.0018029303572709827,0.0017897332120464422,0.0017836427645312079,0.0017776518099953723,0.001773711413876723
0.020158187773320003,0.020156728434021925,0.020155279864837505,0.02014827697693224,0.020141288511200776,0.020114986648908494,0.0200888728955794,0.020062949095175392,0.01995264291333857,0.019902142581952647,0.019852729182475503,0.01982036208184708
0.0020158187773320004,0.002015599300476225,0.0020153815225415457,0.0020143287418265803,0.0020132781079152426,0.002009323665818195,0.0020053970747142685,0.00200149859363557,0.0019849117797275362,0.001977322603611409,0.0019698982454035277,0.0019650361940603493
0.0223979864148,0.022396099440686025,0.022394227461216342,0.022385183130916145,0.02237616293481717,0.022342260108825757,0.022308676144258095,0.022275414059806795,0.02213456990973531,0.022070563298595282,0.022008254986828752,0.021967601248785103
0.00223979864148,0.0022395158891955693,0.0022392355198264237,0.002237881004568212,0.002236530079457452,0.0022314522144972634,0.002226421544028026,0.0022214384924503497,0.0022003414588769687,0.00219076242970443,0.0021814407420793925,0.0021753609021592127
0.024886651572000002,0.02488416191696281,0.024881692253463875,0.02486976790660428,0.024857884057074408,0.024813291446356096,0.02476924063495086,0.024725736389134636,0.024542636039336006,0.024460115084754132,0.024380255513260438,0.0243283856410653
0.0024886651572,0.002488293279307933,0.0024879246137443096,0.0024861447033082554,0.0024843708136618545,0.0024777140781841777,0.002471137515950163,0.002464641796310188,0.002437309100251603,0.002425005673389873,0.0024131052369139104,0.002405379850885774
0.076810653,0.07680632312053158,0.07680201258336596,0.07678116882626308,0.07676037166218985,0.07668214318567522,0.07660454484154026,0.07652758365127414,0.07619851893986693,0.0760466276179466,0.07589763955775031,0.07579968979038862
0.0076810653000000005,0.007680402153456509,0.0076797420094592015,0.0076765498861364285,0.007673364898664786,0.007661384537885504,0.007649500620808607,0.007637714216409911,0.0075873203434265995,0.007564062272945125,0.007541250072878506,0.007526253347819685
0.06912958770000001,0.06912583494182346,0.06912210449889286,0.06910406838810876,0.06908607136601971,0.06901835942707674,0.06895116687695911,0.06888449885147233,0.06859955752439273,0.06846832565258312,0.06833968926993383,0.06825518990995579
0.006912958770000001,0.0069123842090219835,0.00691181310440673,0.0069090519288998705,0.006906296737795335,0.006895930576012538,0.00688564386931045,0.006875437397669392,0.006831816036051473,0.006811728787815622,0.006792040098790559,0.006779107651469939
0.06221662893000001,0.06221340846941504,0.062210211844956606,0.062194758505217385,0.06217933722597042,0.06212129922980937,0.06206367883865477,0.06200647958945111,0.06176205199319034,0.061649698647653614,0.061539621533437734,0.06146736367339794
0.006221662893000001,0.006221169889419181,0.0062206805710573205,0.006218315098706756,0.006215954533839386,0.0062070705074993154,0.006198250346611365,0.006189494586817987,0.006152080162089916,0.006134884885411043,0.006118039114460766,0.0061069817415119335
0.05599496603700001,0.0559922056157866,0.055989468607303,0.055976237859606745,0.055963033085067074,0.055913321258648424,0.05586394154459736,0.05581489632693099,0.05560533159851885,0.0555091265955201,0.055414882906210786,0.05535304360795499
0.0055994966037,0.0055990741329704444,0.00559865527833914,0.005596630548766322,0.005594609793335768,0.005587002244699939,0.005579445459862997,0.005571939798313514,0.005539870071107767,0.005525150132190116,0.005510731289069298,0.005501270779928838
0.050395469433300005,0.05039311585016769,0.050390783662769154,0.05037950938074372,0.0503682556231391,0.050325873600333075,0.05028374967265009,0.05024188540939335,0.050062971175552674,0.04998085827273236,0.04990038589861275,0.04984758008598011
0.005039546943330001,0.005039186905416358,0.00503883017038117,0.005037105657193545,0.005035384282182447,0.005028901485127239,0.005022458101649875,0.005016054366761186,0.004988687889985506,0.004976130102392766,0.004963824084550674,0.0049557494460975805
0.04535592248997001,0.04535394094561257,0.045351977647244815,0.04534248527135009,0.04533300840323882,0.045297302888729865,0.04526178928756259,0.0452264685801133,0.045075417561691214,0.04500602061956506,0.044937934488523366,0.04489322762364509
0.004535592248997001,0.004535289347941974,0.004534989263232896,0.0045335383961713355,0.004532089897421683,0.004526632416757167,0.004521204198089854,0.0045158053864566075,0.004492717946851842,0.004482112823803552,0.004471708777653906,0.004464877732802618
0.04082033024097301,0.04081870050461481,0.040817085406802234,0.040809274696400236,0.040801474884404464,0.04077207247105001,0.04074280221853667,0.0407136646315084,0.04058889872159319,0.04053145012037382,0.04047498653053549,0.04043786666319905
0.004082033024097301,0.004081784112214035,0.004081537460166484,0.004080344649580537,0.0040791535006886575,0.004074663260962723,0.004070193128510108,0.004065743175899395,0.004046689427466572,0.0040379177332751145,0.004029297068612493,0.004023630147524167
0.03673829721687571,0.03673699693426101,0.036735708065595334,0.036729473376931124,0.03672324569174272,0.03669975545390999,0.03667634710172535,0.03665302071606623,0.03655298970063948,0.036506816529151574,0.0364613451046589,0.036431412080501886
0.003673829721687571,0.003673630947547071,0.0036734339336242775,0.0036724809193775564,0.003671528973148089,0.0036679382847078406,0.003664360053102718,0.003660794287584606,0.00364550361114038,0.0036384466250007404,0.003631497259277373,0.003626922867033703
0.03306446749518814,0.033063396596171434,0.033062334503842626,0.03305719541766841,0.03305206094960984,0.03303268500732849,0.03301336110967103,0.03299408914617689,0.03291134377918994,0.03287305145505156,0.03283527058754634,0.032810368394001255
0.003306446749518814,0.003306282900971637,0.0033061204095374574,0.003305334175782604,0.0033045486462282263,0.0033015842632871184,0.0032986277942870018,0.0032956792201451982,0.003283019600902781,0.003277161684661528,0.0032713822091771576,0.0032675729769005373
0.029758020745669328,0.029757112003852185,0.02975620983924014,0.02975184325209178,0.02974747972952217,0.02973100671713554,0.029714567122993998,0.0296981607787743,0.029627621230257143,0.029594870622301536,0.029562491029768653,0.02954111644075766
0.002975802074566933,0.002975662948051685,0.0029755248345179506,0.0029748563501510736,0.002974188332711925,0.0029716664321074665,0.002969149606255768,0.0029666378277937613,0.002955838472263183,0.002950824813766412,0.0029458680386774427,0.002942596020680709
0.026782218671102396,0.026781429999161614,0.026780645847258696,0.026776849049179752,0.026773054194388635,0.026758723086843107,0.026744412639277577,0.026730122701354494,0.026668560214535366,0.026639846002696713,0.026611384792125707,0.02659255806840317
0.0026782218671102397,0.0026781011092631957,0.002677981047274112,0.0026773997175719142,0.0026768186830347803,0.0026746244066389742,0.002672433253742826,0.002670245200033454,0.002660818810722744,0.0026564222711993536,0.002652064472394646,0.0026491818670608615
0.024103996803992157,0.024103308164550002,0.024102621940796855,0.024099297678922757,0.02409597440601546,0.024083419727857776,0.024070875391220343,0.02405834130742665,0.024004171465679673,0.023978732025555883,0.02395342872969055,0.023936640462948435
0.002410399680399216,0.0024102943437017063,0.002410189378834081,0.0024096808981995924,0.002409172565759338,0.002407252156035062,0.0024053332805859455,0.002403415924553846,0.0023951292737323347,0.0023912376459839188,0.0023873667583953007,0.002384798466385751
0.016069331202661435,0.01606864257488419,0.01606795637755848,0.01606463255900395,0.016061310082802444,0.016048761420356855,0.01603622812553387,0.016023710217636464,0.015969671133266427,0.01594432829644068,0.015919143855750797,0.015902447226442237
0.0016069331202661435,0.0016068277940895401,0.0016067228433042427,0.0016062144787144638,0.0016057063148793285,0.001603786987849912,0.001601869940476303,0.0015999551737136746,0.0015916889272890962,0.0015878122725944616,0.0015839597256316269,0.0015814055470090326
0.017854812447401596,0.01785402370626367,0.017853239513398157,0.01784944312093903,0.017845649348996066,0.017831328087864876,0.017817037105835404,0.01780277644868412,0.017741456059004845,0.017712922146494548,0.017684682970727672,0.0176660273809495
0.0017854812447401596,0.0017853611025965726,0.0017852416635829225,0.0017846634422177211,0.0017840856125574084,0.0017819042660970875,0.001779727409255241,0.001777555045132163,0.0017682136862486918,0.001763867243367249,0.001759565644760092,0.0017567239177397284
0.019838680497112883,0.01983777161186114,0.019836869348089408,0.019832503229408997,0.019828141238961924,0.019811683047798078,0.019795273362875104,0.01977891230727413,0.01970874859884706,0.019676278013732097,0.019644242819041882,0.01962313328348334
0.001983868049711288,0.0019837301168121307,0.0019835932090369645,0.001982930707457095,0.0019822688225168456,0.0019797713651280354,0.001977281096831991,0.0019747980302519392,0.0019641494755140688,0.001959222436222338,0.0019543616115598197,0.0019511587560616332
0.022042978330125425,0.02204190720291893,0.022040844949531395,0.022035706525214378,0.022030574335277893,0.0220112207150652,0.021991942033656325,0.021972738595879095,0.02189056108106883,0.021852691188847487,0.02181542894020333,0.021790925203326122
0.0022042978330125427,0.002204135865678201,0.0022039752752939586,0.0022031984662710625,0.0022024225876678626,0.002199496589574665,0.002196581693187589,0.002193677935633034,0.0021812522215765837,0.0021755279652577878,0.0021698960636301755,0.002166192931036029
0.024492198144583803,0.024490897524722145,0.024489608421800764,0.024483374817002888,0.0244771507016623,0.024453695027860683,0.02443035639499619,0.024407135473304673,0.024307974910158223,0.02426244764910968,0.02421776754521864,0.02418844135214718
0.0024492198144583804,0.002449023845848951,0.002448829670381318,0.00244789073827395,0.0024469532209803182,0.0024434199879727896,0.002439904086259635,0.0024364056037128215,0.002421466997560842,0.002414611668763565,0.0024078850013777207,0.002403470697589445
0.027213553493982006,0.02721192375835096,0.027210308848191776,0.027202503001038054,0.027194712475359217,0.027165382583999698,0.027136247200657004,0.02710730771401335,0.026984127522049522,0.026927840484321047,0.026872792163933568,0.026836753520333073
0.0027213553493982004,0.0027211075256732913,0.002720861999328694,0.0027196752420903347,0.002718490806386094,0.0027140315123711923,0.0027096016108282346,0.002705201304037838,0.0026864726188026884,0.0026779173151082218,0.0026695512896776287,0.002664074970662073
0.024492198144583806,0.024491061796768777,0.02448993074500855,0.024484456220583938,0.024478987659333824,0.02445836409271233,0.024437817171169808,0.024417347679607685,0.0243294599961498,0.024288596135359143,0.02424822320155491,0.024221569314517757
0.002449219814458381,0.002449048050093214,0.0024488771159068084,0.0024480497673326535,0.002447223306939797,0.0024441063375107816,0.0024410007192765004,0.002437906562512552,0.0024246217470822893,0.0024184464318402696,0.002412345616884213,0.0024083182078120987
0.016328132096389204,0.01632699583665029,0.016325864984657216,0.016320393810552235,0.016314931267081716,0.016294353059050755,0.016273889230960344,0.01625354120933825,0.016166625435972918,0.016126474363583703,0.0160869728622873,0.016060986923364023
0.0016328132096389205,0.0016326415276245107,0.0016324707031555219,0.0016316442475395082,0.0016308190765639283,0.0016277103303546081,0.0016246185266719296,0.0016215438692081816,0.0016084108284505215,0.0016023459899949096,0.001596379645647383,0.0015924551093577301
0.030237281659980002,0.030235300213386933,0.030233337288332537,0.030223852540430887,0.030214389806494803,0.030178792697571413,0.030143479012781898,0.03010845086564352,0.02995972792075408,0.029892031119285397,0.029826011953532634,0.029782881270372773
0.0030237281659980003,0.0030234262391157013,0.0030231271820759034,0.0030216821813940494,0.0030202405292222845,0.003014817196791541,0.003009436893432773,0.003004099932248226,0.0029814417264077127,0.0029711312373143033,0.002961077548388217,0.002954510271732301
0.027213553493982003,0.027212071974896945,0.027210601004373718,0.027203487042797625,0.02719638481218144,0.027169630291680468,0.027143026070021715,0.027116573438619455,0.02700363052777553,0.0269516661168615,0.026900643755613633,0.026867129984532355
0.0027213553493982004,0.0027211298756047173,0.0027209060378214733,0.002719823518771971,0.002718742777033921,0.0027146714609362116,0.0027106228568704914,0.0027065971544325924,0.0026894096275826103,0.0026815036358471484,0.0026737415865428706,0.002668643575031535
0.024492198144583803,0.024491143120030395,0.024490092003740783,0.02448500297340662,0.024479918622273427,0.024460737711322844,0.02444161735327481,0.02442255822401093,0.024340560986539805,0.02430229185936032,0.024264403128496374,0.024239344906974564
0.0024492198144583804,0.0024490600857750206,0.002448900970617331,0.0024481306113270066,0.002447360948915321,0.002444457247256448,0.002441562514609209,0.0024386768465763913,0.002426261985056649,0.002420468846089685,0.002414733427364134,0.0024109404077589116
0.0163281320963892,0.016327077141455877,0.016326026183072957,0.01632093980178578,0.016315860209585194,0.016296715182778674,0.016277660588750405,0.016258697638611964,0.016177471582562553,0.01613976882148817,0.016102573589650823,0.01607804767008834
0.00163281320963892,0.0016326535454374376,0.0016324945162990625,0.0016317248594891827,0.001630956213161927,0.0016280590032348142,0.0016251751901502998,0.0016223049475440332,0.0016100104875757576,0.001604305131083857,0.0015986767251602106,0.0015949656866400092
0.018142368995988,0.01814088723795062,0.018139416222526426,0.018132306236139564,0.018125212674848373,0.01809853064886922,0.018072065110393245,0.01804581829313278,0.01793453712661336,0.01788379351880324,0.01783425923439263,0.017801882178283913
0.0018142368995987999,0.0018140141377801758,0.0018137930786921964,0.0018127246517468953,0.0018116586691391218,0.0018076487403989082,0.0018036708656899588,0.001799725360495022,0.0017829990134419465,0.0017753771104702582,0.0017679385393130028,0.0017630777547639211
0.033596979622200006,0.033594626176118865,0.033592294496056344,0.033581030492236964,0.03356979575329637,0.03352755941329955,0.03348570389898025,0.03344423212887862,0.03326843357389752,0.03318859264805098,0.03311087881904174,0.03306017404944268
0.0033596979622200008,0.0033593391973451465,0.003358983808210488,0.0033572670103865906,0.0033555546693052173,0.003349117132008241,0.0033427374952571336,0.0033364161937936452,0.0033096222488356434,0.0032974575207625843,0.0032856185806547965,0.0032778953002868074
0.030237281659980006,0.030235504300985774,0.030233741790332745,0.030225221797785057,0.03021671872274297,0.030184709232868506,0.03015291680977695,0.03012134316383929,0.029986872128229012,0.029925322780259587,0.029865091165005343,0.0298256306710483
0.0030237281659980008,0.0030234571882697824,0.003023188510370613,0.0030218897379852678,0.003020593539006445,0.0030157139647038356,0.003010867345184676,0.0030060539340566413,0.0029855548783119697,0.0029761745582054756,0.0029669959677493755,0.0029609832625393396
0.027213553493982006,0.027212205806157436,0.027210866950374963,0.02720439012398291,0.027197922474731618,0.027173546458991005,0.027149287198712346,0.027125145681119754,0.027021831907862757,0.026974119638002166,0.02692716405950473,0.02689626343187819
0.0027213553493982004,0.002721150089392405,0.0027209461981539534,0.002719959866795308,0.0027189749260007365,0.0027152626841842062,0.002711568086050646,0.0027078912763094116,0.0026921568130005517,0.0026848917383567243,0.0026777423036974794,0.002673037707275422
0.024492198144583806,0.024491215361857145,0.024490236149366684,0.024485494695578657,0.02448075701982642,0.02446287906911819,0.024445049380124977,0.024427268447912296,0.024350677584738484,0.024314873704799848,0.02427938837802225,0.024255900446548496
0.002449219814458381,0.0024490708049026188,0.0024489223538430357,0.0024482035403949327,0.0024474852898840487,0.002444774819566772,0.0024420714989084862,0.0024393753974185444,0.002427761924593058,0.002422333730482999,0.0024169538912539538,0.0024133930615151465
0.016328132096389204,0.016327149369103573,0.01632617028234354,0.0163214309379377,0.01631669705195481,0.016298847685494892,0.016281070398268132,0.01626336612881427,0.016187390904396283,0.016152039608696152,0.01611710898668807,0.016094047187862198
0.0016328132096389205,0.001632664251230955,0.0016325158684370946,0.0016317976132471763,0.0016310801707774848,0.001628374867291799,0.0016256802432459822,0.0016229964328666965,0.0016114790690015834,0.0016061210230791947,0.0016008267801336973,0.0015973315802670653
0.018142368995988003,0.01814102109664778,0.018139682181400173,0.018133208351072964,0.01812674737598512,0.01810242773969779,0.0180782767996102,0.01805429634843901,0.017952288391619275,0.017905537775460913,0.017859756938853145,0.017829755393074284
0.0018142368995988003,0.0018140339206871108,0.0018138323618203218,0.0018128578237987098,0.001811885199276064,0.0018082239059787055,0.0018045875934124577,0.0018009765149743539,0.0017856168045027778,0.0017785812052527642,0.0017716926582798658,0.0017671792786555587
0.020158187773320003,0.020156409976010883,0.02015464729453577,0.02014613226929749,0.02013764064723406,0.020105729268044662,0.02007412619358889,0.020042834256403554,0.019910635768013326,0.019850753328750314,0.019792548178719,0.01975463168208195
0.0020158187773320004,0.002015552255337646,0.002015288131949407,0.0020140122912523134,0.0020127399326561246,0.0020079580812089578,0.0020032218673898157,0.0019985316884069816,0.0019787203926084013,0.001969754709310958,0.0019610432364035053,0.001955370503629573
0.037329977358000005,0.037327217100883554,0.037324480731644724,0.03731126311787732,0.037298082692587255,0.03724855752489929,0.03719952173961039,0.03715097927345045,0.036945399377046925,0.036852097510508504,0.036761375907231254,0.03670221724067775
0.0037329977358000004,0.0037325769747761136,0.00373215992439154,0.0037301454697549192,0.003728136680490326,0.0037205886042502565,0.003713114969782009,0.0037057163653932174,0.0036743853830681146,0.003660170855024081,0.003646351569994172,0.003637341504564049
0.033596979622200006,0.03359490582290591,0.033592849619362625,0.03358291195581517,0.03357299617900752,0.03353568664492554,0.03349866021634906,0.033461919161080225,0.03330556939463742,0.03323412366151878,0.03316431171595032,0.03311861777124928
0.0033596979622200008,0.0033593816710896177,0.0033590681068739565,0.0033575526709676245,0.003356040568377259,0.0033503509832922516,0.0033447044411361836,0.003339101279794635,0.0033152586751806243,0.003304366486153676,0.003293724558633043,0.0032867598798155917
0.030237281659980006,0.030235695239003785,0.030234121206748177,0.030226509802615417,0.030218911259807222,0.030190288589756895,0.030161829376379585,0.030133534873702083,0.030012670178864637,0.02995709607801629,0.029902556575009537,0.029866741760954395
0.0030237281659980008,0.0030234861579358664,0.003023246067193512,0.0030220850959371166,0.003020926081295835,0.0030165601593465786,0.003012219053412841,0.003007902949081574,0.0029894667128011246,0.0029809914118932106,0.0029726745210927807,0.002967213447189957
0.027213553493982006,0.02721233007385891,0.027211114351686282,0.02720523194176882,0.02719935666178123,0.02717720330509448,0.027155139411887165,0.02713316566597242,0.027038929440815724,0.02699527887613283,0.026952239639453916,0.02692387311286956
0.0027213553493982004,0.0027211688675055695,0.002720983577210631,0.002720087035796643,0.0027191915749794487,0.0027158150754797695,0.0027124520959471076,0.0027091027360401933,0.0026947389974020424,0.0026880866890453144,0.0026815278287257195,0.0026772052047489186
0.024492198144583806,0.02449128176134069,0.024490368762772007,0.024485947544217127,0.02448152936707841,0.024464852902305545,0.024448214505986002,0.02443161450698651,0.02436003531856738,0.0243265333413021,0.02429330154736866,0.024271291343901696
0.002449219814458381,0.0024490806624871703,0.0024489420378821783,0.002448270746370507,0.0024475999083477308,0.002445067736963223,0.0024425412062849886,0.0024400203617125004,0.0024291503178119176,0.0024240632255253824,0.002419017167109641,0.0024156751140386725
0.016328132096389204,0.016327215756813077,0.016326302857257002,0.01632188329984735,0.016317468107365854,0.01630081415978675,0.016284217054124674,0.016267677480703315,0.016196584205873693,0.01616343977276535,0.01613064655875902,0.016108973527245146
0.0016328132096389205,0.0016326740978204093,0.0016325355268282285,0.0016318646742378925,0.0016311944718881077,0.0016286663679903686,0.0016261466873257813,0.0016236355280850226,0.0016128413362230941,0.0016078096621186249,0.0016028312813330034,0.0015995411572129398
0.018142368995988003,0.018141145391761898,0.018139929603000593,0.018134049406886794,0.018128179182130204,0.01810606901625943,0.018084088492998127,0.01806223896435684,0.017969013810404656,0.01792610953018843,0.017883983673694592,0.017856317348756916
0.0018142368995988003,0.0018140523135121267,0.0018138689576896547,0.0018129821694935358,0.001812096866090777,0.0018087621603833288,0.001805446655098507,0.0018021505407815376,0.0017880875746248209,0.0017816182265243377,0.0017752669564718283,0.0017710963389441867
0.020158187773320003,0.02015660097137461,0.02015502676193114,0.020147418911539906,0.020139828862622108,0.020111280097878773,0.020082964421675998,0.020054884059025457,0.019935756401608693,0.019881460526375114,0.01982847936678873,0.019793854832943228
0.0020158187773320004,0.0020155804665671403,0.0020153441464890332,0.002014202102906328,0.0020130627086563644,0.0020087767578654777,0.0020045253143285958,0.002000308690351935,0.001982422150885439,0.001974275830391227,0.0019663288275770276,0.001961136755202092
0.0223979864148,0.022395912026246384,0.022393855574505066,0.022383924105529935,0.0223740227996368,0.022336837855248422,0.02230005224420346,0.022263669496592916,0.022110204782852017,0.02204087216859269,0.021973624957490154,0.02192988212039071
0.00223979864148,0.002239488233993607,0.002239180683268887,0.0022376954845173386,0.0022362147722505173,0.002230653480564244,0.0022251512902388194,0.0022197086957191645,0.002196755938690317,0.002186397415953621,0.002176354840717187,0.002169825339125707
0.04147775262,0.04147453235617512,0.04147133652477081,0.041455899626168705,0.041440508863633964,0.04138270489801468,0.04132551569222385,0.04126894654216844,0.04102950699496417,0.0409207853459512,0.040815112251072594,0.04074620488163143
0.004147775262,0.004147284461141997,0.004146797464823674,0.004144445167032898,0.0041420998979820635,0.0041332915391244784,0.004124576708950542,0.004115956201057585,0.004079471312401126,0.004062910601986282,0.004046816834687653,0.0040363240187726345
0.037329977358000005,0.03732757855904124,0.037325198358857586,0.0373136951655748,0.037302219048144146,0.03725905511897275,0.03721624611121621,0.037173795121979415,0.03699316240754575,0.03691057924254761,0.03682991334527099,0.03677711288179543
0.0037329977358000004,0.0037326318973327777,0.0037322689457947498,0.003730514878904434,0.0037287649369346773,0.0037221829769742715,0.0037156550046225294,0.0037091814831877452,0.0036816376965767748,0.0036690484875702006,0.0036567529928038934,0.003648705804378089
0.033596979622200006,0.03359515527925719,0.033593345035728875,0.03358459251300773,0.0335758561707062,0.03354295954171455,0.033510270730357,0.033477791431483155,0.033339075616596936,0.03327532903334806,0.033212822345147,0.03317179173586924
0.0033596979622200008,0.0033594195679219,0.0033591433571355557,0.003357807895960213,0.003356474899211779,0.003351455439415241,0.0033464675758704677,0.003341511560989756,0.003320345808994086,0.0033106212327832043,0.00330108660680275,0.0032948284231998854
0.030237281659980006,0.030235864803077245,0.03023445816822766,0.030227654112246684,0.03022085974394509,0.030195251766429784,0.030169765622322618,0.030144402199990875,0.03003575983736178,0.02998559318809395,0.02993623184193392,0.02990374783095597
0.0030237281659980008,0.00302351188826069,0.0030232971913859825,0.0030222586871789608,0.00302122165695551,0.0030173130283608937,0.003013422896821061,0.003009551393434327,0.002992968544493022,0.002985312519048505,0.002977779816531068,0.0029728229501445854
0.027213553493982006,0.027212439765850475,0.02721133263318804,0.02720597451342621,0.027200621892360374,0.027180431221069126,0.027160308556769198,0.027140254355804097,0.027054083136538124,0.02701405330274312,0.026974514083721087,0.026948416907165006
0.0027213553493982004,0.0027211854436617966,0.0027210165578697137,0.002720199216548846,0.002719382708786762,0.0027163026932989463,0.0027132329556974013,0.0027101735619503467,0.0026970277313494804,0.002690921722724942,0.0026848907281632806,0.0026809102260854697
0.024492198144583806,0.02449133990000317,0.024490484748805278,0.024486343245981153,0.024482204174294336,0.024466577711580718,0.024450981082632644,0.024435414496690552,0.02436822505763182,0.0243367361666257,0.02430547447008408,0.024284755535797474
0.002449219814458381,0.002449089291595919,0.0024489592493474517,0.0024483294545421595,0.002447700022466539,0.0024453236231275705,0.002442951645225277,0.0024405841169255075,0.0024303650435926957,0.002425576145434752,0.002420821768483954,0.002417670803818507
0.016328132096389204,0.016327273885977784,0.01632641881224483,0.016322278609079068,0.01631814187269947,0.016302533032177467,0.016286968725674835,0.016271449453809893,0.016204640970459025,0.016173432635756095,0.016142515352527628,0.016122061383451673
0.0016328132096389205,0.0016326827180620498,0.0016325527176095978,0.0016319232654837573,0.0016312943300598574,0.0016289211112640023,0.0016265544929546303,0.001624194545884043,0.0016140349352632725,0.001609289522603138,0.0016045882924850604,0.00160147813601093
0.018142368995988003,0.018141255110183354,0.018140147909975052,0.01813479140673016,0.018129442580218647,0.018109284723465728,0.018089225708525142,0.018069266535075554,0.017983871716527888,0.017944416182280182,0.017905581082153257,0.017880024502026883
0.0018142368995988003,0.0018140685539011438,0.001813901257023955,0.0018130919057004042,0.0018122836979410524,0.001809237665498433,0.001806206274212834,0.001803189664440021,0.001790283325416216,0.0017843220347647148,0.0017784548903806796,0.0017745942342089216
0.020158187773320003,0.020156770590391636,0.02015536378326702,0.020148562219217646,0.02014177406883664,0.02011622114905246,0.020090842670756656,0.020065640331623773,0.019958311585067477,0.019909114515900127,0.019860938277316786,0.019829361492358828
0.0020158187773320004,0.0020156055376660074,0.0020153939327068144,0.002014370905680066,0.0020133498755640815,0.002009506115617519,0.002005688184096355,0.0020018963192181727,0.00198574906726991,0.0019783517338695703,0.00197110921086895,0.001966363145070073
0.0223979864148,0.022396161564138064,0.022394351066556403,0.022385602812344158,0.022376876894708454,0.022344071720962918,0.022311561020546627,0.022279347600404176,0.02214278677491161,0.022080624698815915,0.02202004779129243,0.02198048970356114
0.00223979864148,0.0022395250703059256,0.00223925377682252,0.002237942959562633,0.0022366354653252604,0.0022317195920858518,0.002226847304854008,0.0022220189982137067,0.0022015532789121882,0.0021922451295303064,0.002183177200013622,0.0021772576241194976
0.024886651572000002,0.024884252046811113,0.024881871542483877,0.0248703760397236,0.024858917863961896,0.024815908257334374,0.024773397336127233,0.024731389593835872,0.024554319193034177,0.024474342309116198,0.02439683680048632,0.024346438547019806
0.0024886651572,0.0024883065827200493,0.0024879510593810218,0.0024862343462607405,0.002484523182894857,0.002478099701382933,0.0024717500141984384,0.002465474753040575,0.0024390290589858857,0.002427098150148249,0.0024155414863113968,0.002408030430193905
0.0460863918,0.04608263945466478,0.04607891018000763,0.04606089565253677,0.04604293799810429,0.04597552472177478,0.04590887964728396,0.045843009889261745,0.04556436904114153,0.045437718848961174,0.045314636072517456,0.04523436049473099
0.0046086391800000005,0.0046080663280354895,0.0046074970702540494,0.004604747276319065,0.004602006162564599,0.004591715899655355,0.0045815427681550865,0.004571487842039573,0.004528956830203265,0.004509630753564588,0.0044908514460801924,0.004478604939098559
0.04147775262,0.04147478115728391,0.04147182639960045,0.04145754584026634,0.04144330301218458,0.041389774491570386,0.04133675429938677,0.04128424766283472,0.04106131073778666,0.040959361361333664,0.040859852663082834,0.04079473966127082
0.004147775262,0.00414732222959076,0.004146871805726354,0.004144694911417467,0.004142523764781803,0.004134363891497563,0.0041262813528891605,0.004118276934897559,0.004084293585258785,0.004068757461527046,0.004053595148774242,0.00404367496754152
0.037329977358000005,0.03732775098298521,0.0373255378932031,0.037314837166413005,0.037304158693537384,0.037263974082342506,0.03722408450581876,0.037184492992674255,0.03701561827602474,0.03693795788644758,0.03686184015461133,0.03681187592894034
0.0037329977358000004,0.003732658075096262,0.00373232048010356,0.003730688163048602,0.0037290592359627353,0.003722929270977742,0.003716844183424415,0.003710804427943222,0.003685043596047795,0.0036731996527713663,0.003661592024382625,0.0036539733775910275
0.033596979622200006,0.033595273963767575,0.03359357876487165,0.03358537915956916,0.03357719294420735,0.033546355611565534,0.03351569223026916,0.03348520446835523,0.03335474638420747,0.03329450517086345,0.03323527102792447,0.033196299257117354
0.0033596979622200008,0.0033594375818804018,0.0033591788231433777,0.0033579272304456913,0.0033566776769593768,0.0033519705648161896,0.0033472898996621376,0.003342635930952397,0.003322722162077202,0.003313528272591777,0.003304488660050223,0.003298541646330899
0.030237281659980006,0.030235945243684906,0.030234616646051943,0.03022818794184955,0.030221767324197287,0.030197560833016408,0.03017345719211463,0.030149457288566283,0.03004650079604674,0.029998774118392788,0.02995170952962828,0.02992068026831089
0.0030237281659980008,0.00302352408170332,0.003023321207538933,0.003022339564134772,0.003021359150978937,0.0030176628212586184,0.0030139821064376015,0.0030103171381783054,0.002994595243399405,0.0029873081541840654,0.002980122453735863,0.0029753852077313066
0.027213553493982006,0.027212491635852504,0.027211434947163958,0.02720631969486523,0.027201209082825056,0.027181927271314705,0.02716270348335069,0.02714353817941562,0.02706109263161342,0.027022681444804634,0.026984679166156687,0.026959562538583937
0.0027213553493982004,0.0027211932705108574,0.0027210319916354895,0.0027202512706984757,0.002719471253102221,0.0027165282740969888,0.002713594064208284,0.002710668690600773,0.0026980843529382102,0.002692221899964433,0.002686421965956972,0.0026825887562857134
0.024492198144583806,0.024491367297420755,0.0244905389253826,0.024486526538698265,0.02448251623635714,0.024467374152753966,0.024452257926869315,0.024437167769023653,0.02437199101248663,0.02434139367780807,0.02431098886925447,0.024290822440473633
0.002449219814458381,0.0024490933453328373,0.0024489672612407723,0.002448356547519612,0.0024477461447131002,0.0024454413254708144,0.00244314033860088,0.0024408432129379844,0.0024309213526871433,0.002426263777271856,0.0024216354517763872,0.002418565663344498
0.016328132096389204,0.016327301278869884,0.016326472974036284,0.016322461715010308,0.01631845343904642,0.016303326648650265,0.01628823847756292,0.016273189393139306,0.01620834358982127,0.01617799010310731,0.01614788481997253,0.01612794894467362
0.0016328132096389205,0.001632686767496397,0.0016325607194811386,0.0016319503021727355,0.0016313403293994144,0.0016290382668893598,0.0016267419285546133,0.0016244513808127414,0.0016145811720047827,0.0016099613918849438,0.0016053792859573182,0.001602345005652419
0.018142368995988003,0.018141306994693695,0.018140250240232053,0.01813513633904813,0.01813002894948453,0.018110775194922848,0.018091605974807676,0.018072522231427225,0.017990744456358555,0.017952827825310342,0.017915432627139773,0.017890782586701154
0.0018142368995988003,0.001814076210251614,0.0018139163456634172,0.0018131427277620635,0.0018123700796971822,0.0018094572011769002,0.0018065568453549759,0.001803669145543009,0.0017912947787739946,0.0017855588096693565,0.0017799019549453508,0.0017761733625234492
0.020158187773320003,0.020156851061186344,0.020155522298622826,0.020149095629223814,0.02014268022130647,0.020118520324003297,0.020094508147724337,0.02007064530562158,0.019968809803050505,0.01992191198006322,0.019875862229631763,0.0198456110261768
0.0020158187773320004,0.0020156173969930083,0.002015417272483204,0.002014449374944708,0.002013483153592189,0.0020098442130496606,0.0020062271460012573,0.00200263218080021,0.0019872913309761588,0.001980229721386219,0.001973296704481465,0.001968742964464511
0.0223979864148,0.02239628029433228,0.02239458484773428,0.022386388692006043,0.02237821113292972,0.02234745057412828,0.022316937353574862,0.022286674160918014,0.022158042800446635,0.02209914773306322,0.022041556726925916,0.022003841245637822
0.00223979864148,0.002239542548311915,0.002239288155959474,0.0022380584122365546,0.0022368314345403,0.0022322157473959707,0.0022276366714766007,0.002223094588456841,0.002203790919642165,0.0021949585649468704,0.002186323794086542,0.0021806704814458975
0.024886651572000002,0.0248844245329486,0.02488221113343696,0.02487151660440513,0.024860852944542756,0.02482079709246267,0.024781157307635575,0.024741937970577377,0.024576067260363835,0.024500610780313906,0.024427173111951986,0.024379251206004867
0.0024886651572,0.0024883319420756084,0.0024880009296767438,0.0024864016525656366,0.0024848069639464565,0.002478816436525375,0.002472887479618582,0.0024670207156230143,0.0024422129410814693,0.002430938207290639,0.002419969119084882,0.0024128139720763953
0.02765183508,0.027648863871849533,0.027645910089000882,0.027631649483896837,0.027617443616569908,0.027564197946321374,0.02751169800831522,0.027459950444743437,0.02724298167537656,0.0271453599772072,0.027051079531704682,0.026989930576880254
0.0027651835079999998,0.0027647330265200432,0.0027642853031172106,0.0027621237999544586,0.0027599705819076376,0.0027518997845824116,0.002743941671166881,0.002736097226524325,0.002703212245482886,0.0026884249477717344,0.002674147391388565,0.002664889623409511
0.024886651572,0.024884752687769688,0.02488284886143177,0.02487363200199312,0.024864433406918456,0.02482982713339572,0.024795487808316887,0.024761420473783685,0.024616470399830174,0.024549121515449215,0.024482762070087632,0.024439025211854492
0.0024886651571999997,0.0024883799824107623,0.0024880941225466076,0.002486710217050203,0.0024853290196016477,0.002480132428085189,0.002474975340876382,0.002469858496821621,0.0024480910285014186,0.0024379814562655302,0.002428021232363076,0.0024214574528522025
0.016591101048,0.016589202472428434,0.016587299347118452,0.016578094251404274,0.016568916777023508,0.016534469363730663,0.016500420341362256,0.01646677619928836,0.016325170170445807,0.01626025623890993,0.01619685707761462,0.01615537808250611
0.0016591101048,0.0016588252099972466,0.0016585397248233893,0.0016571589027811438,0.001655782179336182,0.0016506142044032143,0.001645505209013628,0.0016404561400617213,0.001619210561636188,0.001609478199080771,0.0015999746243528224,0.001593758536448884
