,name,time,y
0,flow:vessel:OUTLET,0.0,21.83191186307341
1,flow:vessel:OUTLET,0.0010010010010006454,21.829502625933003
2,flow:vessel:OUTLET,0.0020020020020012907,21.827094188067324
3,flow:vessel:OUTLET,0.0030030030030037125,21.82468654199178
4,flow:vessel:OUTLET,0.004004004004004358,21.822279680323906
5,flow:vessel:OUTLET,0.005005005005005003,21.819873595781964
6,flow:vessel:OUTLET,0.006006006006005649,21.817468281183583
7,flow:vessel:OUTLET,0.007007007007006294,21.815063729444383
8,flow:vessel:OUTLET,0.008008008008008716,21.81265993357664
9,flow:vessel:OUTLET,0.00900900900900936,21.810256886687945
10,flow:vessel:OUTLET,0.010010010010010006,21.807854581979942
11,flow:vessel:OUTLET,0.011011011011010652,21.805453012746995
12,flow:vessel:OUTLET,0.012012012012011295,21.803052172374905
13,flow:vessel:OUTLET,0.01301301301301372,21.800652054339725
14,flow:vessel:OUTLET,0.014014014014014364,21.79825265220647
15,flow:vessel:OUTLET,0.01501501501501501,21.795853959627927
16,flow:vessel:OUTLET,0.016016016016015655,21.79345597034343
17,flow:vessel:OUTLET,0.0170170170170163,21.791058678177677
18,flow:vessel:OUTLET,0.01801801801801872,21.788662077039582
19,flow:vessel:OUTLET,0.019019019019019368,21.786266160921105
20,flow:vessel:OUTLET,0.020020020020020013,21.783870923896107
21,flow:vessel:OUTLET,0.021021021021020655,21.781476360119257
22,flow:vessel:OUTLET,0.022022022022021304,21.779082463824903
23,flow:vessel:OUTLET,0.023023023023023725,21.776689229325985
24,flow:vessel:OUTLET,0.02402402402402437,21.774296651012953
25,flow:vessel:OUTLET,0.025025025025025016,21.771904723352723
26,flow:vessel:OUTLET,0.026026026026025665,21.769513440887604
27,flow:vessel:OUTLET,0.027027027027026307,21.767122798234286
28,flow:vessel:OUTLET,0.02802802802802873,21.76473279008283
29,flow:vessel:OUTLET,0.029029029029029377,21.762343411195637
30,flow:vessel:OUTLET,0.03003003003003002,21.759954656406467
31,flow:vessel:OUTLET,0.031031031031030665,21.757566520619452
32,flow:vessel:OUTLET,0.03203203203203131,21.75517899880817
33,flow:vessel:OUTLET,0.03303303303303373,21.752792086014654
34,flow:vessel:OUTLET,0.03403403403403438,21.750405777348465
35,flow:vessel:OUTLET,0.03503503503503502,21.74802006798578
36,flow:vessel:OUTLET,0.03603603603603566,21.745634953168462
37,flow:vessel:OUTLET,0.03703703703703631,21.74325042820317
38,flow:vessel:OUTLET,0.038038038038038735,21.74086648846047
39,flow:vessel:OUTLET,0.039039039039039374,21.738483129373975
40,flow:vessel:OUTLET,0.040040040040040026,21.736100346439436
41,flow:vessel:OUTLET,0.04104104104104067,21.73371813521395
42,flow:vessel:OUTLET,0.04204204204204132,21.731336491315076
43,flow:vessel:OUTLET,0.04304304304304374,21.728955410420028
44,flow:vessel:OUTLET,0.044044044044044384,21.726574888264857
45,flow:vessel:OUTLET,0.04504504504504503,21.724194920643633
46,flow:vessel:OUTLET,0.046046046046045674,21.721815503407655
47,flow:vessel:OUTLET,0.04704704704704632,21.71943663246468
48,flow:vessel:OUTLET,0.04804804804804874,21.717058303778135
49,flow:vessel:OUTLET,0.04904904904904939,21.714680513366364
50,flow:vessel:OUTLET,0.05005005005005003,21.712303257301866
51,flow:vessel:OUTLET,0.05105105105105068,21.709926531710565
52,flow:vessel:OUTLET,0.05205205205205132,21.707550332771063
53,flow:vessel:OUTLET,0.053053053053053745,21.70517465671394
54,flow:vessel:OUTLET,0.05405405405405439,21.702799499821023
55,flow:vessel:OUTLET,0.05505505505505503,21.7004248584247
56,flow:vessel:OUTLET,0.05605605605605568,21.698050728907205
57,flow:vessel:OUTLET,0.057057057057056326,21.695677107699957
58,flow:vessel:OUTLET,0.058058058058058755,21.69330399128288
59,flow:vessel:OUTLET,0.05905905905905939,21.690931376183727
60,flow:vessel:OUTLET,0.06006006006006004,21.688559258977463
61,flow:vessel:OUTLET,0.06106106106106069,21.68618763628556
62,flow:vessel:OUTLET,0.06206206206206133,21.683816504775407
63,flow:vessel:OUTLET,0.06306306306306375,21.68144586115966
64,flow:vessel:OUTLET,0.0640640640640644,21.67907570219563
65,flow:vessel:OUTLET,0.06506506506506504,21.676706024684663
66,flow:vessel:OUTLET,0.06606606606606569,21.674336825471546
67,flow:vessel:OUTLET,0.06706706706706633,21.67196810144391
68,flow:vessel:OUTLET,0.06806806806806875,21.669599849531647
69,flow:vessel:OUTLET,0.0690690690690694,21.667232066706323
70,flow:vessel:OUTLET,0.07007007007007005,21.664864749980605
71,flow:vessel:OUTLET,0.07107107107107069,21.662497896407704
72,flow:vessel:OUTLET,0.07207207207207132,21.660131503080827
73,flow:vessel:OUTLET,0.07307307307307376,21.657765567132618
74,flow:vessel:OUTLET,0.0740740740740744,21.655400085734616
75,flow:vessel:OUTLET,0.07507507507507503,21.653035056096737
76,flow:vessel:OUTLET,0.0760760760760757,21.65067047546674
77,flow:vessel:OUTLET,0.07707707707707634,21.648306341129693
78,flow:vessel:OUTLET,0.07807807807807877,21.645942650407495
79,flow:vessel:OUTLET,0.0790790790790794,21.643579400658343
80,flow:vessel:OUTLET,0.08008008008008005,21.641216589276265
81,flow:vessel:OUTLET,0.08108108108108071,21.638854213690575
82,flow:vessel:OUTLET,0.08208208208208134,21.63649227136545
83,flow:vessel:OUTLET,0.08308308308308376,21.634130759799422
84,flow:vessel:OUTLET,0.08408408408408441,21.63176967652492
85,flow:vessel:OUTLET,0.08508508508508505,21.629409019107793
86,flow:vessel:OUTLET,0.0860860860860857,21.62704878514685
87,flow:vessel:OUTLET,0.08708708708708635,21.62468897227343
88,flow:vessel:OUTLET,0.08808808808808877,21.622329578150925
89,flow:vessel:OUTLET,0.08908908908908941,21.619970600474385
90,flow:vessel:OUTLET,0.09009009009009004,21.617612036970037
91,flow:vessel:OUTLET,0.0910910910910907,21.615253885394893
92,flow:vessel:OUTLET,0.09209209209209135,21.612896143536307
93,flow:vessel:OUTLET,0.09309309309309376,21.610538809211572
94,flow:vessel:OUTLET,0.0940940940940944,21.608181880267505
95,flow:vessel:OUTLET,0.09509509509509506,21.60582535458004
96,flow:vessel:OUTLET,0.0960960960960957,21.603469230053843
97,flow:vessel:OUTLET,0.09709709709709637,21.6011135046219
98,flow:vessel:OUTLET,0.09809809809809877,21.598758176245138
99,flow:vessel:OUTLET,0.0990990990990994,21.596403242912032
100,flow:vessel:OUTLET,0.10010010010010006,21.594048702638265
101,flow:vessel:OUTLET,0.10110110110110072,21.591694569009803
102,flow:vessel:OUTLET,0.10210210210210136,21.589340922751
103,flow:vessel:OUTLET,0.10310310310310378,21.586987950565874
104,flow:vessel:OUTLET,0.10410410410410442,21.584635945807236
105,flow:vessel:OUTLET,0.10510510510510508,21.582285297371865
106,flow:vessel:OUTLET,0.10610610610610571,21.579936480060336
107,flow:vessel:OUTLET,0.10710710710710636,21.57759004579592
108,flow:vessel:OUTLET,0.10810810810810878,21.57524661552417
109,flow:vessel:OUTLET,0.10910910910910944,21.57290687179736
110,flow:vessel:OUTLET,0.11011011011011008,21.57057155196664
111,flow:vessel:OUTLET,0.11111111111111072,21.56824144193662
112,flow:vessel:OUTLET,0.11211211211211136,21.565917370433997
113,flow:vessel:OUTLET,0.11311311311311378,21.5636002037477
114,flow:vessel:OUTLET,0.11411411411411444,21.56129084090113
115,flow:vessel:OUTLET,0.11511511511511507,21.558990209220433
116,flow:vessel:OUTLET,0.11611611611611572,21.556699260265837
117,flow:vessel:OUTLET,0.11711711711711636,21.554418966095792
118,flow:vessel:OUTLET,0.1181181181181188,21.552150315836183
119,flow:vessel:OUTLET,0.11911911911911945,21.549894312529304
120,flow:vessel:OUTLET,0.12012012012012008,21.54765197023926
121,flow:vessel:OUTLET,0.12112112112112072,21.54542431139255
122,flow:vessel:OUTLET,0.12212212212212135,21.543212364334305
123,flow:vessel:OUTLET,0.1231231231231238,21.54101716108227
124,flow:vessel:OUTLET,0.12412412412412444,21.538839735262304
125,flow:vessel:OUTLET,0.12512512512512508,21.53668112021018
126,flow:vessel:OUTLET,0.12612612612612573,21.534542347226154
127,flow:vessel:OUTLET,0.12712712712712637,21.532424443969592
128,flow:vessel:OUTLET,0.1281281281281288,21.530328432982262
129,flow:vessel:OUTLET,0.12912912912912944,21.528255330329575
130,flow:vessel:OUTLET,0.13013013013013008,21.526206144350244
131,flow:vessel:OUTLET,0.13113113113113073,21.524181874505494
132,flow:vessel:OUTLET,0.13213213213213135,21.522183510319692
133,flow:vessel:OUTLET,0.1331331331331338,21.52021203040496
134,flow:vessel:OUTLET,0.13413413413413444,21.51826840156304
135,flow:vessel:OUTLET,0.1351351351351351,21.516353577958125
136,flow:vessel:OUTLET,0.13613613613613573,21.514468500355033
137,flow:vessel:OUTLET,0.13713713713713638,21.512614095417465
138,flow:vessel:OUTLET,0.1381381381381388,21.51079127506154
139,flow:vessel:OUTLET,0.13913913913913944,21.509000935860374
140,flow:vessel:OUTLET,0.1401401401401401,21.50724395849552
141,flow:vessel:OUTLET,0.14114114114114074,21.505521207251785
142,flow:vessel:OUTLET,0.14214214214214138,21.50383352955195
143,flow:vessel:OUTLET,0.1431431431431438,21.502181755528422
144,flow:vessel:OUTLET,0.14414414414414445,21.500566697628926
145,flow:vessel:OUTLET,0.1451451451451451,21.498989150253767
146,flow:vessel:OUTLET,0.14614614614614574,21.497449889422228
147,flow:vessel:OUTLET,0.14714714714714638,21.495949672466033
148,flow:vessel:OUTLET,0.1481481481481488,21.49448923774788
149,flow:vessel:OUTLET,0.14914914914914945,21.493069304403207
150,flow:vessel:OUTLET,0.1501501501501501,21.491690572103668
151,flow:vessel:OUTLET,0.15115115115115074,21.490353720840673
152,flow:vessel:OUTLET,0.1521521521521514,21.489059410727705
153,flow:vessel:OUTLET,0.1531531531531538,21.487808281820236
154,flow:vessel:OUTLET,0.15415415415415443,21.48660095395187
155,flow:vessel:OUTLET,0.1551551551551551,21.48543802658593
156,flow:vessel:OUTLET,0.15615615615615577,21.484320078681304
157,flow:vessel:OUTLET,0.1571571571571564,21.483247668571885
158,flow:vessel:OUTLET,0.1581581581581588,21.482221333858625
159,flow:vessel:OUTLET,0.15915915915915946,21.481241591313577
160,flow:vessel:OUTLET,0.1601601601601601,21.480308936795257
161,flow:vessel:OUTLET,0.16116116116116075,21.479423845174683
162,flow:vessel:OUTLET,0.1621621621621614,21.478586770271516
163,flow:vessel:OUTLET,0.16316316316316382,21.477798144799884
164,flow:vessel:OUTLET,0.16416416416416446,21.477058380323335
165,flow:vessel:OUTLET,0.1651651651651651,21.476367867218567
166,flow:vessel:OUTLET,0.16616616616616575,21.475726974647493
167,flow:vessel:OUTLET,0.1671671671671664,21.475136050537294
168,flow:vessel:OUTLET,0.16816816816816882,21.47459542156822
169,flow:vessel:OUTLET,0.16916916916916946,21.47410539316873
170,flow:vessel:OUTLET,0.1701701701701701,21.473666249517784
171,flow:vessel:OUTLET,0.17117117117117076,21.473278253553993
172,flow:vessel:OUTLET,0.1721721721721714,21.472941646991455
173,flow:vessel:OUTLET,0.17317317317317382,21.472656650342007
174,flow:vessel:OUTLET,0.17417417417417447,21.47242346294378
175,flow:vessel:OUTLET,0.1751751751751751,21.472242262995827
176,flow:vessel:OUTLET,0.17617617617617576,21.472113207598685
177,flow:vessel:OUTLET,0.1771771771771764,21.472036432800735
178,flow:vessel:OUTLET,0.17817817817817885,21.472012053650236
179,flow:vessel:OUTLET,0.17917917917917947,21.47204016425285
180,flow:vessel:OUTLET,0.18018018018018012,21.472120837834684
181,flow:vessel:OUTLET,0.18118118118118076,21.472254126810547
182,flow:vessel:OUTLET,0.1821821821821814,21.472440062857537
183,flow:vessel:OUTLET,0.18318318318318383,21.472678656993686
184,flow:vessel:OUTLET,0.18418418418418447,21.472969899661717
185,flow:vessel:OUTLET,0.18518518518518512,21.473313760817753
186,flow:vessel:OUTLET,0.18618618618618576,21.47388741592933
187,flow:vessel:OUTLET,0.1871871871871864,21.475083877286856
188,flow:vessel:OUTLET,0.18818818818818883,21.47734732273372
189,flow:vessel:OUTLET,0.18918918918918948,21.481083055836088
190,flow:vessel:OUTLET,0.19019019019019012,21.486653978163076
191,flow:vessel:OUTLET,0.19119119119119077,21.494385258271603
192,flow:vessel:OUTLET,0.1921921921921914,21.50456714635184
193,flow:vessel:OUTLET,0.19319319319319384,21.517457826336983
194,flow:vessel:OUTLET,0.19419419419419448,21.533285981944537
195,flow:vessel:OUTLET,0.19519519519519513,21.55225315959776
196,flow:vessel:OUTLET,0.19619619619619577,21.574535934616407
197,flow:vessel:OUTLET,0.1971971971971964,21.6002878992233
198,flow:vessel:OUTLET,0.19819819819819884,21.62964148705924
199,flow:vessel:OUTLET,0.19919919919919948,21.662709648078064
200,flow:vessel:OUTLET,0.20020020020020013,21.69958738645571
201,flow:vessel:OUTLET,0.20120120120120075,21.74035317309859
202,flow:vessel:OUTLET,0.20220220220220145,21.785070243360956
203,flow:vessel:OUTLET,0.20320320320320384,21.833787789688667
204,flow:vessel:OUTLET,0.2042042042042045,21.886542058089436
205,flow:vessel:OUTLET,0.20520520520520513,21.943357356579764
206,flow:vessel:OUTLET,0.20620620620620575,22.00424698307232
207,flow:vessel:OUTLET,0.2072072072072064,22.06921407953774
208,flow:vessel:OUTLET,0.20820820820820884,22.138252418697956
209,flow:vessel:OUTLET,0.2092092092092095,22.21134712897939
210,flow:vessel:OUTLET,0.21021021021021016,22.288475362969805
211,flow:vessel:OUTLET,0.2112112112112108,22.36960691417821
212,flow:vessel:OUTLET,0.21221221221221143,22.454704786490435
213,flow:vessel:OUTLET,0.21321321321321385,22.543725720339676
214,flow:vessel:OUTLET,0.2142142142142145,22.636620679269424
215,flow:vessel:OUTLET,0.2152152152152151,22.733335300252964
216,flow:vessel:OUTLET,0.21621621621621576,22.833810310846275
217,flow:vessel:OUTLET,0.21721721721721643,22.937981915987987
218,flow:vessel:OUTLET,0.21821821821821885,23.045782157019016
219,flow:vessel:OUTLET,0.21921921921921952,23.15713924527328
220,flow:vessel:OUTLET,0.22022022022022017,23.271977872388504
221,flow:vessel:OUTLET,0.2212212212212208,23.390219499300464
222,flow:vessel:OUTLET,0.22222222222222143,23.51178262571402
223,flow:vessel:OUTLET,0.22322322322322383,23.6365830416886
224,flow:vessel:OUTLET,0.22422422422422447,23.764534062832844
225,flow:vessel:OUTLET,0.22522522522522517,23.8955467504727
226,flow:vessel:OUTLET,0.2262262262262258,24.029530118037297
227,flow:vessel:OUTLET,0.22722722722722644,24.16639132479738
228,flow:vessel:OUTLET,0.22822822822822889,24.306035857990658
229,flow:vessel:OUTLET,0.22922922922922953,24.44836770427648
230,flow:vessel:OUTLET,0.23023023023023015,24.59328951137823
231,flow:vessel:OUTLET,0.2312312312312308,24.740702740694573
232,flow:vessel:OUTLET,0.23223223223223144,24.890507811590435
233,flow:vessel:OUTLET,0.23323323323323383,25.042604238014196
234,flow:vessel:OUTLET,0.2342342342342345,25.19689075802836
235,flow:vessel:OUTLET,0.23523523523523515,25.353265456787383
236,flow:vessel:OUTLET,0.2362362362362358,25.511625883446893
237,flow:vessel:OUTLET,0.23723723723723644,25.671869162443674
238,flow:vessel:OUTLET,0.2382382382382389,25.83389209954461
239,flow:vessel:OUTLET,0.2392392392392395,25.99759128302549
240,flow:vessel:OUTLET,0.24024024024024015,26.162863180305987
241,flow:vessel:OUTLET,0.2412412412412408,26.3296042303365
242,flow:vessel:OUTLET,0.24224224224224145,26.49771093200364
243,flow:vessel:OUTLET,0.24324324324324387,26.667079928795577
244,flow:vessel:OUTLET,0.2442442442442445,26.837608089944897
245,flow:vessel:OUTLET,0.24524524524524516,27.009192588245064
246,flow:vessel:OUTLET,0.2462462462462458,27.181730974717546
247,flow:vessel:OUTLET,0.24724724724724645,27.355121250288544
248,flow:vessel:OUTLET,0.24824824824824887,27.52926193461888
249,flow:vessel:OUTLET,0.24924924924924952,27.704052132215686
250,flow:vessel:OUTLET,0.25025025025025016,27.87939159594178
251,flow:vessel:OUTLET,0.2512512512512508,28.055180788026735
252,flow:vessel:OUTLET,0.25225225225225145,28.23132093867323
253,flow:vessel:OUTLET,0.2532532532532539,28.40771410234242
254,flow:vessel:OUTLET,0.2542542542542545,28.584263211793957
255,flow:vessel:OUTLET,0.25525525525525516,28.76087212994828
256,flow:vessel:OUTLET,0.2562562562562558,28.937445699632303
257,flow:vessel:OUTLET,0.25725725725725646,29.11388979126332
258,flow:vessel:OUTLET,0.2582582582582589,29.290111348520774
259,flow:vessel:OUTLET,0.2592592592592595,29.46601843205075
260,flow:vessel:OUTLET,0.26026026026026017,29.641520261243752
261,flow:vessel:OUTLET,0.2612612612612608,29.816527254123063
262,flow:vessel:OUTLET,0.26226226226226146,29.990951065377327
263,flow:vessel:OUTLET,0.2632632632632639,30.164704622568745
264,flow:vessel:OUTLET,0.2642642642642645,30.33770216054563
265,flow:vessel:OUTLET,0.26526526526526517,30.50985925408633
266,flow:vessel:OUTLET,0.2662662662662658,30.681092848799675
267,flow:vessel:OUTLET,0.26726726726726646,30.851321290305908
268,flow:vessel:OUTLET,0.2682682682682689,31.020464351720943
269,flow:vessel:OUTLET,0.26926926926926953,31.18844325946598
270,flow:vessel:OUTLET,0.2702702702702702,31.35518071742368
271,flow:vessel:OUTLET,0.2712712712712708,31.520600929462017
272,flow:vessel:OUTLET,0.27227227227227146,31.684629620346296
273,flow:vessel:OUTLET,0.2732732732732739,31.847194055059905
274,flow:vessel:OUTLET,0.27427427427427453,32.00822305655444
275,flow:vessel:OUTLET,0.2752752752752752,32.16764702194969
276,flow:vessel:OUTLET,0.2762762762762758,32.32539793720447
277,flow:vessel:OUTLET,0.27727727727727647,32.48140939027955
278,flow:vessel:OUTLET,0.2782782782782789,32.635616582814215
279,flow:vessel:OUTLET,0.27927927927927954,32.78795634033848
280,flow:vessel:OUTLET,0.2802802802802802,32.93836712104364
281,flow:vessel:OUTLET,0.2812812812812808,33.08678902313409
282,flow:vessel:OUTLET,0.28228228228228147,33.233163790784225
283,flow:vessel:OUTLET,0.2832832832832839,33.37743481872461
284,flow:vessel:OUTLET,0.28428428428428454,33.51954715548239
285,flow:vessel:OUTLET,0.2852852852852852,33.659447505301394
286,flow:vessel:OUTLET,0.28628628628628583,33.79708422876808
287,flow:vessel:OUTLET,0.2872872872872865,33.93240734217012
288,flow:vessel:OUTLET,0.2882882882882889,34.06536851561511
289,flow:vessel:OUTLET,0.28928928928928954,34.19592106993715
290,flow:vessel:OUTLET,0.2902902902902902,34.32401997242014
291,flow:vessel:OUTLET,0.29129129129129083,34.44962183136679
292,flow:vessel:OUTLET,0.2922922922922915,34.572684889543055
293,flow:vessel:OUTLET,0.2932932932932939,34.69316901652821
294,flow:vessel:OUTLET,0.29429429429429455,34.81103570000127
295,flow:vessel:OUTLET,0.2952952952952952,34.9262480359948
296,flow:vessel:OUTLET,0.29629629629629584,35.038770718147816
297,flow:vessel:OUTLET,0.2972972972972965,35.14857002598948
298,flow:vessel:OUTLET,0.2982982982982989,35.2556138122861
299,flow:vessel:OUTLET,0.29929929929929955,35.35987148948387
300,flow:vessel:OUTLET,0.3003003003003002,35.46131401528014
301,flow:vessel:OUTLET,0.30130130130130084,35.559914551751895
302,flow:vessel:OUTLET,0.3023023023023015,35.65564988117777
303,flow:vessel:OUTLET,0.3033033033033039,35.748501172831745
304,flow:vessel:OUTLET,0.30430430430430455,35.8384538123034
305,flow:vessel:OUTLET,0.3053053053053052,35.92549702515739
306,flow:vessel:OUTLET,0.30630630630630584,36.009623553100184
307,flow:vessel:OUTLET,0.3073073073073065,36.09082935670712
308,flow:vessel:OUTLET,0.3083083083083089,36.1691133416986
309,flow:vessel:OUTLET,0.30930930930930955,36.2444771079567
310,flow:vessel:OUTLET,0.3103103103103102,36.31692471895818
311,flow:vessel:OUTLET,0.31131131131131085,36.38646249004455
312,flow:vessel:OUTLET,0.3123123123123115,36.45309879392662
313,flow:vessel:OUTLET,0.3133133133133139,36.51684388199525
314,flow:vessel:OUTLET,0.31431431431431456,36.577709720120225
315,flow:vessel:OUTLET,0.3153153153153152,36.63570983773174
316,flow:vessel:OUTLET,0.31631631631631585,36.69085918907967
317,flow:vessel:OUTLET,0.3173173173173165,36.74317402565846
318,flow:vessel:OUTLET,0.3183183183183189,36.79267177887065
319,flow:vessel:OUTLET,0.31931931931931956,36.839370952078994
320,flow:vessel:OUTLET,0.3203203203203202,36.88329102126958
321,flow:vessel:OUTLET,0.32132132132132085,36.924452343612515
322,flow:vessel:OUTLET,0.3223223223223215,36.96287607326719
323,flow:vessel:OUTLET,0.3233233233233239,36.99858408383385
324,flow:vessel:OUTLET,0.32432432432432456,37.03159889690297
325,flow:vessel:OUTLET,0.3253253253253252,37.06194361620065
326,flow:vessel:OUTLET,0.32632632632632586,37.08964186686963
327,flow:vessel:OUTLET,0.3273273273273265,37.11471773946469
328,flow:vessel:OUTLET,0.3283283283283289,37.13719573827617
329,flow:vessel:OUTLET,0.32932932932932957,37.157100733628035
330,flow:vessel:OUTLET,0.3303303303303302,37.17445791782628
331,flow:vessel:OUTLET,0.33133133133133086,37.189292764460994
332,flow:vessel:OUTLET,0.3323323323323315,37.201630990789965
333,flow:vessel:OUTLET,0.3333333333333339,37.21149852295476
334,flow:vessel:OUTLET,0.33433433433433457,37.21892146380104
335,flow:vessel:OUTLET,0.3353353353353352,37.22392606309388
336,flow:vessel:OUTLET,0.33633633633633586,37.22653868993664
337,flow:vessel:OUTLET,0.3373373373373365,37.22678580721776
338,flow:vessel:OUTLET,0.33833833833833893,37.22469394792462
339,flow:vessel:OUTLET,0.3393393393393396,37.22028969317724
340,flow:vessel:OUTLET,0.3403403403403402,37.21359965184663
341,flow:vessel:OUTLET,0.34134134134134086,37.20465044163419
342,flow:vessel:OUTLET,0.3423423423423415,37.193468671498735
343,flow:vessel:OUTLET,0.34334334334334393,37.180080925327125
344,flow:vessel:OUTLET,0.3443443443443446,37.1645137467535
345,flow:vessel:OUTLET,0.3453453453453452,37.146793625039635
346,flow:vessel:OUTLET,0.34634634634634587,37.12694698193646
347,flow:vessel:OUTLET,0.3473473473473465,37.10500015945345
348,flow:vessel:OUTLET,0.34834834834834894,37.0809794084686
349,flow:vessel:OUTLET,0.3493493493493496,37.05491087811727
350,flow:vessel:OUTLET,0.3503503503503502,37.02682060590341
351,flow:vessel:OUTLET,0.35135135135135087,36.996734508481346
352,flow:vessel:OUTLET,0.3523523523523515,36.96467837306039
353,flow:vessel:OUTLET,0.35335335335335394,36.930677849388715
354,flow:vessel:OUTLET,0.3543543543543546,36.89475844227653
355,flow:vessel:OUTLET,0.35535535535535523,36.85694550462144
356,flow:vessel:OUTLET,0.3563563563563559,36.81726423090265
357,flow:vessel:OUTLET,0.3573573573573565,36.775739651112616
358,flow:vessel:OUTLET,0.35835835835835894,36.732396625097905
359,flow:vessel:OUTLET,0.3593593593593596,36.687259837282895
360,flow:vessel:OUTLET,0.36036036036036023,36.64035379175241
361,flow:vessel:OUTLET,0.3613613613613609,36.591702807670934
362,flow:vessel:OUTLET,0.3623623623623615,36.5413310150182
363,flow:vessel:OUTLET,0.36336336336336394,36.48926235062231
364,flow:vessel:OUTLET,0.36436436436436453,36.43552055447312
365,flow:vessel:OUTLET,0.3653653653653653,36.380129166299945
366,flow:vessel:OUTLET,0.36636636636636594,36.32311152239897
367,flow:vessel:OUTLET,0.3673673673673666,36.26449075269667
368,flow:vessel:OUTLET,0.36836836836836895,36.20428977803695
369,flow:vessel:OUTLET,0.3693693693693696,36.14253130768013
370,flow:vessel:OUTLET,0.37037037037037024,36.07923783700341
371,flow:vessel:OUTLET,0.3713713713713709,36.0144316453927
372,flow:vessel:OUTLET,0.37237237237237153,35.948134794316665
373,flow:vessel:OUTLET,0.3733733733733739,35.88036912557462
374,flow:vessel:OUTLET,0.37437437437437454,35.81115625971013
375,flow:vessel:OUTLET,0.3753753753753752,35.74051759458328
376,flow:vessel:OUTLET,0.37637637637637594,35.66847430409449
377,flow:vessel:OUTLET,0.37737737737737653,35.59504733705374
378,flow:vessel:OUTLET,0.37837837837837895,35.52025741618918
379,flow:vessel:OUTLET,0.3793793793793796,35.44412503728952
380,flow:vessel:OUTLET,0.38038038038038025,35.36667046847517
381,flow:vessel:OUTLET,0.3813813813813809,35.287913749593194
382,flow:vessel:OUTLET,0.38238238238238154,35.20787469173146
383,flow:vessel:OUTLET,0.383383383383384,35.12657287684788
384,flow:vessel:OUTLET,0.38438438438438466,35.04402765751054
385,flow:vessel:OUTLET,0.3853853853853853,34.96025815674507
386,flow:vessel:OUTLET,0.3863863863863859,34.875283267985644
387,flow:vessel:OUTLET,0.38738738738738654,34.78912165512615
388,flow:vessel:OUTLET,0.38838838838838896,34.70179175266849
389,flow:vessel:OUTLET,0.3893893893893896,34.61331176596481
390,flow:vessel:OUTLET,0.39039039039039025,34.523699671550915
391,flow:vessel:OUTLET,0.3913913913913909,34.43297321756808
392,flow:vessel:OUTLET,0.39239239239239154,34.34114992427062
393,flow:vessel:OUTLET,0.3933933933933939,34.24824708461675
394,flow:vessel:OUTLET,0.39439439439439467,34.15428176494047
395,flow:vessel:OUTLET,0.39539539539539525,34.05927080570196
396,flow:vessel:OUTLET,0.3963963963963959,33.96323082231453
397,flow:vessel:OUTLET,0.39739739739739655,33.86617820604591
398,flow:vessel:OUTLET,0.39839839839839897,33.768129124991916
399,flow:vessel:OUTLET,0.3993993993993996,33.669099525120565
400,flow:vessel:OUTLET,0.40040040040040026,33.569105131384724
401,flow:vessel:OUTLET,0.4014014014014009,33.46816144890152
402,flow:vessel:OUTLET,0.4024024024024015,33.366283764196766
403,flow:vessel:OUTLET,0.403403403403404,33.263489648850886
404,flow:vessel:OUTLET,0.4044044044044046,33.15987552302671
405,flow:vessel:OUTLET,0.40540540540540526,33.055614762099154
406,flow:vessel:OUTLET,0.4064064064064059,32.95088568448343
407,flow:vessel:OUTLET,0.40740740740740655,32.845847926174926
408,flow:vessel:OUTLET,0.408408408408409,32.740646085060455
409,flow:vessel:OUTLET,0.4094094094094096,32.63541109858855
410,flow:vessel:OUTLET,0.41041041041041026,32.530261291304384
411,flow:vessel:OUTLET,0.41141141141141085,32.42530349617241
412,flow:vessel:OUTLET,0.4124124124124115,32.32063402610414
413,flow:vessel:OUTLET,0.413413413413414,32.216339579560874
414,flow:vessel:OUTLET,0.4144144144144146,32.1124980660328
415,flow:vessel:OUTLET,0.41541541541541527,32.00917936311685
416,flow:vessel:OUTLET,0.4164164164164159,31.90644600971041
417,flow:vessel:OUTLET,0.41741741741741656,31.804353840954946
418,flow:vessel:OUTLET,0.418418418418419,31.70295256974381
419,flow:vessel:OUTLET,0.4194194194194196,31.602286319285128
420,flow:vessel:OUTLET,0.4204204204204202,31.502394110816496
421,flow:vessel:OUTLET,0.42142142142142097,31.403310310229685
422,flow:vessel:OUTLET,0.4224224224224216,31.30506503704775
423,flow:vessel:OUTLET,0.423423423423424,31.20768453890919
424,flow:vessel:OUTLET,0.42442442442442463,31.111191534449567
425,flow:vessel:OUTLET,0.4254254254254253,31.015605527229113
426,flow:vessel:OUTLET,0.4264264264264259,30.92094309313307
427,flow:vessel:OUTLET,0.42742742742742657,30.827218143468404
428,flow:vessel:OUTLET,0.428428428428429,30.734442165794395
429,flow:vessel:OUTLET,0.4294294294294296,30.642624444353903
430,flow:vessel:OUTLET,0.4304304304304302,30.551772261816065
431,flow:vessel:OUTLET,0.43143143143143087,30.461891083897672
432,flow:vessel:OUTLET,0.4324324324324316,30.37298472829949
433,flow:vessel:OUTLET,0.433433433433434,30.28505551927336
434,flow:vessel:OUTLET,0.43443443443443464,30.19810442902591
435,flow:vessel:OUTLET,0.4354354354354353,30.112131207063634
436,flow:vessel:OUTLET,0.4364364364364359,30.027134498491492
437,flow:vessel:OUTLET,0.43743743743743657,29.943111952192833
438,flow:vessel:OUTLET,0.43843843843843894,29.86006031974016
439,flow:vessel:OUTLET,0.4394394394394397,29.77797554581563
440,flow:vessel:OUTLET,0.44044044044044034,29.69685285085467
441,flow:vessel:OUTLET,0.441441441441441,29.616686806566474
442,flow:vessel:OUTLET,0.4424424424424416,29.537471404930276
443,flow:vessel:OUTLET,0.443443443443444,29.45920012121626
444,flow:vessel:OUTLET,0.44444444444444464,29.381865971533852
445,flow:vessel:OUTLET,0.4454454454454453,29.305461565368255
446,flow:vessel:OUTLET,0.44644644644644593,29.22997915352712
447,flow:vessel:OUTLET,0.4474474474474466,29.15541067188425
448,flow:vessel:OUTLET,0.44844844844844894,29.08174778127468
449,flow:vessel:OUTLET,0.4494494494494497,29.008981903865656
450,flow:vessel:OUTLET,0.45045045045045035,28.937104256301104
451,flow:vessel:OUTLET,0.45145145145145094,28.866105879892025
452,flow:vessel:OUTLET,0.4524524524524516,28.795977668102484
453,flow:vessel:OUTLET,0.453453453453454,28.72671039155997
454,flow:vessel:OUTLET,0.45445445445445465,28.658294720799645
455,flow:vessel:OUTLET,0.4554554554554553,28.590721246934585
456,flow:vessel:OUTLET,0.45645645645645594,28.523980500427715
457,flow:vessel:OUTLET,0.4574574574574566,28.458062968126782
458,flow:vessel:OUTLET,0.45845845845845906,28.392959108709857
459,flow:vessel:OUTLET,0.4594594594594597,28.32865936667664
460,flow:vessel:OUTLET,0.4604604604604603,28.265154185009465
461,flow:vessel:OUTLET,0.46146146146146094,28.20243401661747
462,flow:vessel:OUTLET,0.4624624624624616,28.14048933466795
463,flow:vessel:OUTLET,0.463463463463464,28.079310641900054
464,flow:vessel:OUTLET,0.46446446446446465,28.01888847900806
465,flow:vessel:OUTLET,0.4654654654654653,27.9592134321742
466,flow:vessel:OUTLET,0.46646646646646595,27.9002761398242
467,flow:vessel:OUTLET,0.46746746746746654,27.84206729867246
468,flow:vessel:OUTLET,0.468468468468469,27.78457766911846
469,flow:vessel:OUTLET,0.46946946946946966,27.727798080050466
470,flow:vessel:OUTLET,0.4704704704704703,27.67171943310812
471,flow:vessel:OUTLET,0.47147147147147095,27.616332706451047
472,flow:vessel:OUTLET,0.4724724724724716,27.561628958076668
473,flow:vessel:OUTLET,0.473473473473474,27.50759932872676
474,flow:vessel:OUTLET,0.47447447447447466,27.454235044419047
475,flow:vessel:OUTLET,0.4754754754754753,27.401527418636853
476,flow:vessel:OUTLET,0.4764764764764759,27.349467854207315
477,flow:vessel:OUTLET,0.47747747747747665,27.298047844895848
478,flow:vessel:OUTLET,0.478478478478479,27.247258976742348
479,flow:vessel:OUTLET,0.47947947947947966,27.197092929162448
480,flow:vessel:OUTLET,0.4804804804804803,27.147541475835112
481,flow:vessel:OUTLET,0.48148148148148096,27.09859648539605
482,flow:vessel:OUTLET,0.4824824824824816,27.05024992195492
483,flow:vessel:OUTLET,0.483483483483484,27.002493845452538
484,flow:vessel:OUTLET,0.48448448448448467,26.95532041187309
485,flow:vessel:OUTLET,0.48548548548548526,26.908721873325113
486,flow:vessel:OUTLET,0.4864864864864859,26.86269057800358
487,flow:vessel:OUTLET,0.48748748748748655,26.81721897004468
488,flow:vessel:OUTLET,0.488488488488489,26.77229958928369
489,flow:vessel:OUTLET,0.48948948948948967,26.72792507092555
490,flow:vessel:OUTLET,0.4904904904904903,26.684088145136883
491,flow:vessel:OUTLET,0.49149149149149096,26.640781636567382
492,flow:vessel:OUTLET,0.4924924924924916,26.59799846380803
493,flow:vessel:OUTLET,0.493493493493494,26.555731638792594
494,flow:vessel:OUTLET,0.4944944944944946,26.51397426614879
495,flow:vessel:OUTLET,0.4954954954954954,26.472719542504446
496,flow:vessel:OUTLET,0.496496496496496,26.431960755753828
497,flow:vessel:OUTLET,0.49749749749749667,26.39169128428883
498,flow:vessel:OUTLET,0.49849849849849903,26.35190459619916
499,flow:vessel:OUTLET,0.4994994994994997,26.312594248445475
500,flow:vessel:OUTLET,0.5005005005005003,26.273753886008947
501,flow:vessel:OUTLET,0.501501501501501,26.23537724102045
502,flow:vessel:OUTLET,0.5025025025025016,26.19745813187235
503,flow:vessel:OUTLET,0.503503503503504,26.159990462315527
504,flow:vessel:OUTLET,0.5045045045045047,26.12296822054403
505,flow:vessel:OUTLET,0.5055055055055053,26.086385478269623
506,flow:vessel:OUTLET,0.506506506506506,26.050236389788186
507,flow:vessel:OUTLET,0.5075075075075066,26.01451519103981
508,flow:vessel:OUTLET,0.508508508508509,25.979216198664265
509,flow:vessel:OUTLET,0.5095095095095097,25.944333809053273
510,flow:vessel:OUTLET,0.5105105105105103,25.909862497400983
511,flow:vessel:OUTLET,0.511511511511511,25.8757968167539
512,flow:vessel:OUTLET,0.5125125125125116,25.842131397061365
513,flow:vessel:OUTLET,0.513513513513514,25.80886094422755
514,flow:vessel:OUTLET,0.5145145145145147,25.77598023916596
515,flow:vessel:OUTLET,0.5155155155155153,25.74348413685715
516,flow:vessel:OUTLET,0.516516516516516,25.71136756541048
517,flow:vessel:OUTLET,0.5175175175175166,25.679625525130575
518,flow:vessel:OUTLET,0.518518518518519,25.648253087588948
519,flow:vessel:OUTLET,0.5195195195195197,25.617245394701506
520,flow:vessel:OUTLET,0.5205205205205203,25.586597657812227
521,flow:vessel:OUTLET,0.521521521521521,25.5563051567836
522,flow:vessel:OUTLET,0.5225225225225216,25.526363239094017
523,flow:vessel:OUTLET,0.523523523523524,25.496767318942577
524,flow:vessel:OUTLET,0.5245245245245247,25.467512876361575
525,flow:vessel:OUTLET,0.5255255255255253,25.43859545633686
526,flow:vessel:OUTLET,0.526526526526526,25.41001066793631
527,flow:vessel:OUTLET,0.5275275275275266,25.38175418344665
528,flow:vessel:OUTLET,0.528528528528529,25.35382173751872
529,flow:vessel:OUTLET,0.5295295295295297,25.326209126321373
530,flow:vessel:OUTLET,0.5305305305305303,25.29891220670407
531,flow:vessel:OUTLET,0.531531531531531,25.271926895368285
532,flow:vessel:OUTLET,0.5325325325325316,25.245249168047845
533,flow:vessel:OUTLET,0.533533533533534,25.218875058698117
534,flow:vessel:OUTLET,0.5345345345345347,25.192800658694257
535,flow:vessel:OUTLET,0.5355355355355353,25.167022116038417
536,flow:vessel:OUTLET,0.536536536536536,25.141535634576016
537,flow:vessel:OUTLET,0.5375375375375366,25.116337473220987
538,flow:vessel:OUTLET,0.5385385385385391,25.091423945190066
539,flow:vessel:OUTLET,0.5395395395395397,25.066791417246066
540,flow:vessel:OUTLET,0.5405405405405403,25.042436308950105
541,flow:vessel:OUTLET,0.541541541541541,25.018355091922835
542,flow:vessel:OUTLET,0.5425425425425416,24.994544289114476
543,flow:vessel:OUTLET,0.5435435435435441,24.971000474083763
544,flow:vessel:OUTLET,0.5445445445445447,24.947720270285675
545,flow:vessel:OUTLET,0.5455455455455454,24.92470035036788
546,flow:vessel:OUTLET,0.546546546546546,24.901937435475897
547,flow:vessel:OUTLET,0.5475475475475466,24.87942829456683
548,flow:vessel:OUTLET,0.5485485485485491,24.85716974373169
549,flow:vessel:OUTLET,0.5495495495495497,24.83515864552616
550,flow:vessel:OUTLET,0.5505505505505504,24.81339190830976
551,flow:vessel:OUTLET,0.551551551551551,24.79186648559334
552,flow:vessel:OUTLET,0.5525525525525516,24.77057937539483
553,flow:vessel:OUTLET,0.5535535535535541,24.74952761960313
554,flow:vessel:OUTLET,0.5545545545545547,24.728708303350093
555,flow:vessel:OUTLET,0.5555555555555554,24.708118554390513
556,flow:vessel:OUTLET,0.556556556556556,24.68775554249001
557,flow:vessel:OUTLET,0.5575575575575566,24.66761647882077
558,flow:vessel:OUTLET,0.5585585585585591,24.647698615365016
559,flow:vessel:OUTLET,0.5595595595595597,24.627999252706957
560,flow:vessel:OUTLET,0.5605605605605604,24.60851576192517
561,flow:vessel:OUTLET,0.561561561561561,24.589245603356012
562,flow:vessel:OUTLET,0.5625625625625617,24.57018632684684
563,flow:vessel:OUTLET,0.5635635635635641,24.551335560487495
564,flow:vessel:OUTLET,0.5645645645645647,24.53269099861533
565,flow:vessel:OUTLET,0.5655655655655654,24.51425039184164
566,flow:vessel:OUTLET,0.566566566566566,24.496011538717795
567,flow:vessel:OUTLET,0.5675675675675667,24.477972278777617
568,flow:vessel:OUTLET,0.5685685685685691,24.460130486776443
569,flow:vessel:OUTLET,0.5695695695695697,24.442484067954513
570,flow:vessel:OUTLET,0.5705705705705704,24.42503095417815
571,flow:vessel:OUTLET,0.571571571571571,24.40776910083095
572,flow:vessel:OUTLET,0.5725725725725717,24.390696484343895
573,flow:vessel:OUTLET,0.5735735735735741,24.37381110026803
574,flow:vessel:OUTLET,0.5745745745745747,24.357110961805837
575,flow:vessel:OUTLET,0.5755755755755754,24.340594098728857
576,flow:vessel:OUTLET,0.576576576576576,24.32425855661832
577,flow:vessel:OUTLET,0.5775775775775767,24.308102396374274
578,flow:vessel:OUTLET,0.5785785785785791,24.292123693945836
579,flow:vessel:OUTLET,0.5795795795795797,24.276320540241542
580,flow:vessel:OUTLET,0.5805805805805804,24.260691041184327
581,flow:vessel:OUTLET,0.581581581581581,24.24523331788051
582,flow:vessel:OUTLET,0.5825825825825817,24.22994550687616
583,flow:vessel:OUTLET,0.5835835835835841,24.214825760478057
584,flow:vessel:OUTLET,0.5845845845845847,24.19987224711935
585,flow:vessel:OUTLET,0.5855855855855854,24.185083151753037
586,flow:vessel:OUTLET,0.586586586586586,24.17045667625842
587,flow:vessel:OUTLET,0.5875875875875867,24.15599103984809
588,flow:vessel:OUTLET,0.5885885885885891,24.141684479464384
589,flow:vessel:OUTLET,0.5895895895895897,24.12753525015628
590,flow:vessel:OUTLET,0.5905905905905904,24.113541625428443
591,flow:vessel:OUTLET,0.591591591591591,24.099701897555967
592,flow:vessel:OUTLET,0.5925925925925917,24.086014377858746
593,flow:vessel:OUTLET,0.5935935935935941,24.072477396930772
594,flow:vessel:OUTLET,0.5945945945945947,24.059089304820276
595,flow:vessel:OUTLET,0.5955955955955954,24.04584847115712
596,flow:vessel:OUTLET,0.596596596596596,24.03275328522488
597,flow:vessel:OUTLET,0.5975975975975967,24.01980215597531
598,flow:vessel:OUTLET,0.5985985985985991,24.006993511983385
599,flow:vessel:OUTLET,0.5995995995995997,23.994325801341823
600,flow:vessel:OUTLET,0.6006006006006004,23.981797490809665
601,flow:vessel:OUTLET,0.601601601601601,23.969407051428036
602,flow:vessel:OUTLET,0.6026026026026017,23.957152939595876
603,flow:vessel:OUTLET,0.6036036036036041,23.945033591123675
604,flow:vessel:OUTLET,0.6046046046046047,23.933047424415932
605,flow:vessel:OUTLET,0.6056056056056054,23.921192844593463
606,flow:vessel:OUTLET,0.606606606606606,23.909468247059195
607,flow:vessel:OUTLET,0.6076076076076067,23.897872020728517
608,flow:vessel:OUTLET,0.6086086086086091,23.88640255094058
609,flow:vessel:OUTLET,0.6096096096096097,23.875058222076863
610,flow:vessel:OUTLET,0.6106106106106104,23.863837419913857
611,flow:vessel:OUTLET,0.611611611611611,23.852738533732932
612,flow:vessel:OUTLET,0.6126126126126117,23.841759958209064
613,flow:vessel:OUTLET,0.6136136136136141,23.830900095097885
614,flow:vessel:OUTLET,0.6146146146146148,23.82015735473911
615,flow:vessel:OUTLET,0.6156156156156154,23.809530157392743
616,flow:vessel:OUTLET,0.616616616616616,23.79901693442308
617,flow:vessel:OUTLET,0.6176176176176167,23.78861612934426
618,flow:vessel:OUTLET,0.6186186186186191,23.778326198739855
619,flow:vessel:OUTLET,0.6196196196196198,23.76814561306807
620,flow:vessel:OUTLET,0.6206206206206204,23.75807285736293
621,flow:vessel:OUTLET,0.621621621621621,23.748106431841126
622,flow:vessel:OUTLET,0.6226226226226217,23.73824485242323
623,flow:vessel:OUTLET,0.6236236236236241,23.72848665117725
624,flow:vessel:OUTLET,0.6246246246246248,23.71883037669191
625,flow:vessel:OUTLET,0.6256256256256254,23.709274594386233
626,flow:vessel:OUTLET,0.626626626626626,23.69981788676157
627,flow:vessel:OUTLET,0.6276276276276267,23.690458853601633
628,flow:vessel:OUTLET,0.6286286286286291,23.681196112125527
629,flow:vessel:OUTLET,0.6296296296296298,23.672028297098564
630,flow:vessel:OUTLET,0.6306306306306304,23.662954060904884
631,flow:vessel:OUTLET,0.631631631631631,23.65397207358586
632,flow:vessel:OUTLET,0.6326326326326317,23.645081022847783
633,flow:vessel:OUTLET,0.6336336336336341,23.636279614041975
634,flow:vessel:OUTLET,0.6346346346346348,23.627566570120266
635,flow:vessel:OUTLET,0.6356356356356354,23.61894063156845
636,flow:vessel:OUTLET,0.636636636636636,23.61040055632023
637,flow:vessel:OUTLET,0.6376376376376367,23.601945119653713
638,flow:vessel:OUTLET,0.6386386386386391,23.593573114072573
639,flow:vessel:OUTLET,0.6396396396396398,23.585283349173583
640,flow:vessel:OUTLET,0.6406406406406404,23.577074651502286
641,flow:vessel:OUTLET,0.6416416416416411,23.56894586439815
642,flow:vessel:OUTLET,0.6426426426426417,23.56089584783073
643,flow:vessel:OUTLET,0.6436436436436441,23.552923478227953
644,flow:vessel:OUTLET,0.6446446446446448,23.545027648297683
645,flow:vessel:OUTLET,0.6456456456456454,23.53720726684356
646,flow:vessel:OUTLET,0.6466466466466461,23.529461258576006
647,flow:vessel:OUTLET,0.6476476476476467,23.521788563919337
648,flow:vessel:OUTLET,0.6486486486486491,23.51418813881557
649,flow:vessel:OUTLET,0.6496496496496498,23.506658954525665
650,flow:vessel:OUTLET,0.6506506506506504,23.49919999742885
651,flow:vessel:OUTLET,0.6516516516516511,23.49181026882053
652,flow:vessel:OUTLET,0.6526526526526517,23.48448878470926
653,flow:vessel:OUTLET,0.6536536536536541,23.477234575613224
654,flow:vessel:OUTLET,0.6546546546546548,23.470046686356664
655,flow:vessel:OUTLET,0.6556556556556554,23.462924175866544
656,flow:vessel:OUTLET,0.6566566566566561,23.455866116969787
657,flow:vessel:OUTLET,0.6576576576576567,23.448871596191385
658,flow:vessel:OUTLET,0.6586586586586591,23.44193971355358
659,flow:vessel:OUTLET,0.6596596596596598,23.435069582376403
660,flow:vessel:OUTLET,0.6606606606606604,23.428260329079713
661,flow:vessel:OUTLET,0.6616616616616611,23.421511092986893
662,flow:vessel:OUTLET,0.6626626626626617,23.41482102613042
663,flow:vessel:OUTLET,0.6636636636636641,23.40818929305934
664,flow:vessel:OUTLET,0.6646646646646648,23.401615070648862
665,flow:vessel:OUTLET,0.6656656656656654,23.39509754791208
666,flow:vessel:OUTLET,0.6666666666666661,23.388635925813965
667,flow:vessel:OUTLET,0.6676676676676667,23.382229417087647
668,flow:vessel:OUTLET,0.6686686686686691,23.375877246053104
669,flow:vessel:OUTLET,0.6696696696696698,23.3695786484382
670,flow:vessel:OUTLET,0.6706706706706704,23.36333287120222
671,flow:vessel:OUTLET,0.6716716716716711,23.3571391723619
672,flow:vessel:OUTLET,0.6726726726726717,23.350996820819905
673,flow:vessel:OUTLET,0.6736736736736741,23.344905096195816
674,flow:vessel:OUTLET,0.6746746746746748,23.33886328865971
675,flow:vessel:OUTLET,0.6756756756756754,23.33287069876814
676,flow:vessel:OUTLET,0.6766766766766761,23.326926637302744
677,flow:vessel:OUTLET,0.6776776776776767,23.32103042511128
678,flow:vessel:OUTLET,0.6786786786786791,23.315181392951203
679,flow:vessel:OUTLET,0.6796796796796798,23.309378881335675
680,flow:vessel:OUTLET,0.6806806806806804,23.303622240382076
681,flow:vessel:OUTLET,0.6816816816816811,23.29791082966294
682,flow:vessel:OUTLET,0.6826826826826817,23.29224401805931
683,flow:vessel:OUTLET,0.6836836836836842,23.286621183616493
684,flow:vessel:OUTLET,0.6846846846846848,23.28104171340212
685,flow:vessel:OUTLET,0.6856856856856854,23.275505003366657
686,flow:vessel:OUTLET,0.6866866866866861,23.27001045820609
687,flow:vessel:OUTLET,0.6876876876876867,23.26455749122702
688,flow:vessel:OUTLET,0.6886886886886892,23.259145524213857
689,flow:vessel:OUTLET,0.6896896896896898,23.253773987298356
690,flow:vessel:OUTLET,0.6906906906906904,23.248442318831263
691,flow:vessel:OUTLET,0.6916916916916911,23.243149965256112
692,flow:vessel:OUTLET,0.6926926926926917,23.237896380985138
693,flow:vessel:OUTLET,0.6936936936936942,23.232681028277284
694,flow:vessel:OUTLET,0.6946946946946948,23.227503377118232
695,flow:vessel:OUTLET,0.6956956956956954,23.22236290510246
696,flow:vessel:OUTLET,0.6966966966966961,23.217259097317257
697,flow:vessel:OUTLET,0.6976976976976967,23.212191446228697
698,flow:vessel:OUTLET,0.6986986986986992,23.207159451569503
699,flow:vessel:OUTLET,0.6996996996996998,23.202162620228833
700,flow:vessel:OUTLET,0.7007007007007005,23.19720046614382
701,flow:vessel:OUTLET,0.7017017017017011,23.19227251019303
702,flow:vessel:OUTLET,0.7027027027027017,23.18737828009161
703,flow:vessel:OUTLET,0.7037037037037042,23.18251731028825
704,flow:vessel:OUTLET,0.7047047047047048,23.17768914186378
705,flow:vessel:OUTLET,0.7057057057057055,23.17289332243152
706,flow:vessel:OUTLET,0.7067067067067061,23.168129406039235
707,flow:vessel:OUTLET,0.7077077077077067,23.163396953072755
708,flow:vessel:OUTLET,0.7087087087087092,23.158695530161165
709,flow:vessel:OUTLET,0.7097097097097098,23.154024710083533
710,flow:vessel:OUTLET,0.7107107107107105,23.149384071677204
711,flow:vessel:OUTLET,0.7117117117117111,23.144773199747597
712,flow:vessel:OUTLET,0.7127127127127117,23.140191684979456
713,flow:vessel:OUTLET,0.7137137137137142,23.135639123849565
714,flow:vessel:OUTLET,0.7147147147147148,23.13111511854091
715,flow:vessel:OUTLET,0.7157157157157155,23.126619276858197
716,flow:vessel:OUTLET,0.7167167167167161,23.12215121214474
717,flow:vessel:OUTLET,0.7177177177177168,23.11771054320074
718,flow:vessel:OUTLET,0.7187187187187192,23.113296894202858
719,flow:vessel:OUTLET,0.7197197197197198,23.10890989462506
720,flow:vessel:OUTLET,0.7207207207207205,23.104549179160777
721,flow:vessel:OUTLET,0.7217217217217211,23.10021438764628
722,flow:vessel:OUTLET,0.7227227227227218,23.095905164985304
723,flow:vessel:OUTLET,0.7237237237237242,23.091621161074855
724,flow:vessel:OUTLET,0.7247247247247248,23.08736203073222
725,flow:vessel:OUTLET,0.7257257257257255,23.083127433623112
726,flow:vessel:OUTLET,0.7267267267267261,23.078917034190994
727,flow:vessel:OUTLET,0.7277277277277268,23.074730501587464
728,flow:vessel:OUTLET,0.7287287287287291,23.070567509603777
729,flow:vessel:OUTLET,0.7297297297297297,23.06642773660344
730,flow:vessel:OUTLET,0.7307307307307304,23.062310865485387
731,flow:vessel:OUTLET,0.7317317317317312,23.05821658367159
732,flow:vessel:OUTLET,0.7327327327327319,23.05414458306984
733,flow:vessel:OUTLET,0.7337337337337343,23.050094560004325
734,flow:vessel:OUTLET,0.7347347347347348,23.04606621513843
735,flow:vessel:OUTLET,0.7357357357357355,23.042059253400108
736,flow:vessel:OUTLET,0.7367367367367361,23.038073383909666
737,flow:vessel:OUTLET,0.7377377377377385,23.03410831990965
738,flow:vessel:OUTLET,0.7387387387387392,23.03016377869677
739,flow:vessel:OUTLET,0.7397397397397398,23.026239481555734
740,flow:vessel:OUTLET,0.7407407407407405,23.022335153694872
741,flow:vessel:OUTLET,0.7417417417417411,23.018450524183457
742,flow:vessel:OUTLET,0.7427427427427435,23.01458532589062
743,flow:vessel:OUTLET,0.7437437437437442,23.010739295425832
744,flow:vessel:OUTLET,0.7447447447447448,23.006912173080767
745,flow:vessel:OUTLET,0.7457457457457455,23.0031037027726
746,flow:vessel:OUTLET,0.7467467467467461,22.999313631988556
747,flow:vessel:OUTLET,0.7477477477477484,22.995541711731725
748,flow:vessel:OUTLET,0.7487487487487491,22.991787696468087
749,flow:vessel:OUTLET,0.7497497497497497,22.98805134407461
750,flow:vessel:OUTLET,0.7507507507507504,22.98433241578847
751,flow:vessel:OUTLET,0.7517517517517512,22.98063067615732
752,flow:vessel:OUTLET,0.7527527527527536,22.97694589299051
753,flow:vessel:OUTLET,0.7537537537537542,22.973277837311297
754,flow:vessel:OUTLET,0.7547547547547548,22.969626283309953
755,flow:vessel:OUTLET,0.7557557557557555,22.965991008297753
756,flow:vessel:OUTLET,0.7567567567567561,22.96237179266185
757,flow:vessel:OUTLET,0.7577577577577586,22.958768419820913
758,flow:vessel:OUTLET,0.7587587587587592,22.955180676181584
759,flow:vessel:OUTLET,0.7597597597597598,22.951608351095725
760,flow:vessel:OUTLET,0.7607607607607605,22.94805123681835
761,flow:vessel:OUTLET,0.7617617617617611,22.944509128466347
762,flow:vessel:OUTLET,0.7627627627627636,22.940981823977825
763,flow:vessel:OUTLET,0.7637637637637642,22.93746912407219
764,flow:vessel:OUTLET,0.7647647647647648,22.933970832210843
765,flow:vessel:OUTLET,0.7657657657657655,22.93048675455852
766,flow:vessel:OUTLET,0.766766766766766,22.927016699945295
767,flow:vessel:OUTLET,0.7677677677677687,22.923560479829113
768,flow:vessel:OUTLET,0.7687687687687693,22.920117908258987
769,flow:vessel:OUTLET,0.76976976976977,22.916688801838735
770,flow:vessel:OUTLET,0.7707707707707706,22.91327297969129
771,flow:vessel:OUTLET,0.7717717717717713,22.90987026342349
772,flow:vessel:OUTLET,0.7727727727727736,22.906480477091545
773,flow:vessel:OUTLET,0.7737737737737742,22.9031034471669
774,flow:vessel:OUTLET,0.7747747747747749,22.89973900250266
775,flow:vessel:OUTLET,0.7757757757757755,22.89638697430054
776,flow:vessel:OUTLET,0.7767767767767761,22.893047196078246
777,flow:vessel:OUTLET,0.7777777777777786,22.88971950363738
778,flow:vessel:OUTLET,0.7787787787787792,22.88640373503183
779,flow:vessel:OUTLET,0.7797797797797799,22.883099730536586
780,flow:vessel:OUTLET,0.7807807807807805,22.87980733261699
781,flow:vessel:OUTLET,0.7817817817817811,22.87652638589856
782,flow:vessel:OUTLET,0.7827827827827836,22.873256737137066
783,flow:vessel:OUTLET,0.7837837837837841,22.869998235189147
784,flow:vessel:OUTLET,0.7847847847847848,22.86675073098336
785,flow:vessel:OUTLET,0.7857857857857854,22.863514077491587
786,flow:vessel:OUTLET,0.786786786786786,22.86028812970089
787,flow:vessel:OUTLET,0.7877877877877887,22.85707274458574
788,flow:vessel:OUTLET,0.7887887887887893,22.853867781080655
789,flow:vessel:OUTLET,0.78978978978979,22.85067310005322
790,flow:vessel:OUTLET,0.7907907907907905,22.847488564277494
791,flow:vessel:OUTLET,0.7917917917917912,22.844314038407784
792,flow:vessel:OUTLET,0.7927927927927936,22.841149388952783
793,flow:vessel:OUTLET,0.7937937937937942,22.8379944842501
794,flow:vessel:OUTLET,0.7947947947947949,22.834849194441095
795,flow:vessel:OUTLET,0.7957957957957955,22.831713391446115
796,flow:vessel:OUTLET,0.7967967967967962,22.82858694894005
797,flow:vessel:OUTLET,0.7977977977977986,22.825469742328245
798,flow:vessel:OUTLET,0.7987987987987992,22.822361648722733
799,flow:vessel:OUTLET,0.7997997997997999,22.819262546918793
800,flow:vessel:OUTLET,0.8008008008008005,22.816172317371866
801,flow:vessel:OUTLET,0.8018018018018012,22.813090842174763
802,flow:vessel:OUTLET,0.8028028028028035,22.810018005035193
803,flow:vessel:OUTLET,0.8038038038038041,22.806953691253593
804,flow:vessel:OUTLET,0.8048048048048048,22.803897787701313
805,flow:vessel:OUTLET,0.8058058058058054,22.80085018279904
806,flow:vessel:OUTLET,0.806806806806806,22.797810766495584
807,flow:vessel:OUTLET,0.8078078078078086,22.794779430246855
808,flow:vessel:OUTLET,0.8088088088088092,22.791756066995266
809,flow:vessel:OUTLET,0.8098098098098099,22.788740571149297
810,flow:vessel:OUTLET,0.8108108108108105,22.785732838563433
811,flow:vessel:OUTLET,0.8118118118118112,22.782732766518336
812,flow:vessel:OUTLET,0.8128128128128136,22.779740253701274
813,flow:vessel:OUTLET,0.8138138138138142,22.776755200186855
814,flow:vessel:OUTLET,0.8148148148148149,22.773777507418018
815,flow:vessel:OUTLET,0.8158158158158155,22.77080707818724
816,flow:vessel:OUTLET,0.8168168168168162,22.767843816618097
817,flow:vessel:OUTLET,0.8178178178178186,22.764887628146987
818,flow:vessel:OUTLET,0.8188188188188192,22.761938419505153
819,flow:vessel:OUTLET,0.8198198198198199,22.758996098700912
820,flow:vessel:OUTLET,0.8208208208208205,22.756060575002195
821,flow:vessel:OUTLET,0.8218218218218212,22.75313175891927
822,flow:vessel:OUTLET,0.8228228228228237,22.75020956218772
823,flow:vessel:OUTLET,0.8238238238238244,22.747293897751646
824,flow:vessel:OUTLET,0.824824824824825,22.74438467974713
825,flow:vessel:OUTLET,0.8258258258258256,22.741481823485877
826,flow:vessel:OUTLET,0.8268268268268263,22.73858524543913
827,flow:vessel:OUTLET,0.8278278278278286,22.735694863221777
828,flow:vessel:OUTLET,0.8288288288288292,22.732810595576705
829,flow:vessel:OUTLET,0.8298298298298299,22.72993236235931
830,flow:vessel:OUTLET,0.8308308308308305,22.72706008452226
831,flow:vessel:OUTLET,0.8318318318318312,22.724193684100506
832,flow:vessel:OUTLET,0.8328328328328336,22.72133308419641
833,flow:vessel:OUTLET,0.8338338338338342,22.71847820896514
834,flow:vessel:OUTLET,0.8348348348348349,22.715628983600276
835,flow:vessel:OUTLET,0.8358358358358355,22.712785334319523
836,flow:vessel:OUTLET,0.8368368368368362,22.709947188350743
837,flow:vessel:OUTLET,0.8378378378378386,22.7071144739181
838,flow:vessel:OUTLET,0.8388388388388393,22.704287120228383
839,flow:vessel:OUTLET,0.8398398398398398,22.701465057457593
840,flow:vessel:OUTLET,0.8408408408408404,22.69864821673764
841,flow:vessel:OUTLET,0.8418418418418411,22.695836530143247
842,flow:vessel:OUTLET,0.8428428428428437,22.693029930679057
843,flow:vessel:OUTLET,0.8438438438438444,22.69022835226689
844,flow:vessel:OUTLET,0.844844844844845,22.687431729733156
845,flow:vessel:OUTLET,0.8458458458458455,22.6846399987965
846,flow:vessel:OUTLET,0.8468468468468462,22.681853096055555
847,flow:vessel:OUTLET,0.8478478478478486,22.67907095897691
848,flow:vessel:OUTLET,0.8488488488488493,22.676293525883207
849,flow:vessel:OUTLET,0.8498498498498499,22.673520735941416
850,flow:vessel:OUTLET,0.8508508508508505,22.670752529151283
851,flow:vessel:OUTLET,0.8518518518518512,22.66798884633391
852,flow:vessel:OUTLET,0.8528528528528536,22.66522962912051
853,flow:vessel:OUTLET,0.8538538538538543,22.662474819941327
854,flow:vessel:OUTLET,0.8548548548548549,22.659724362014668
855,flow:vessel:OUTLET,0.8558558558558556,22.656978199336127
856,flow:vessel:OUTLET,0.8568568568568562,22.65423627666794
857,flow:vessel:OUTLET,0.8578578578578585,22.651498539528447
858,flow:vessel:OUTLET,0.8588588588588592,22.64876493418181
859,flow:vessel:OUTLET,0.8598598598598598,22.64603540762771
860,flow:vessel:OUTLET,0.8608608608608604,22.64330990759136
861,flow:vessel:OUTLET,0.8618618618618611,22.6405883825135
862,flow:vessel:OUTLET,0.8628628628628637,22.63787078154064
863,flow:vessel:OUTLET,0.8638638638638643,22.635157054515368
864,flow:vessel:OUTLET,0.8648648648648649,22.632447151966836
865,flow:vessel:OUTLET,0.8658658658658656,22.629741025101335
866,flow:vessel:OUTLET,0.8668668668668662,22.62703862579304
867,flow:vessel:OUTLET,0.8678678678678686,22.624339906574857
868,flow:vessel:OUTLET,0.8688688688688693,22.6216448206294
869,flow:vessel:OUTLET,0.8698698698698699,22.618953321780097
870,flow:vessel:OUTLET,0.8708708708708706,22.616265364482395
871,flow:vessel:OUTLET,0.8718718718718712,22.61358090381514
872,flow:vessel:OUTLET,0.8728728728728736,22.61089989547201
873,flow:vessel:OUTLET,0.8738738738738743,22.608222295753094
874,flow:vessel:OUTLET,0.8748748748748749,22.605548061556604
875,flow:vessel:OUTLET,0.8758758758758756,22.60287715037066
876,flow:vessel:OUTLET,0.8768768768768762,22.600209520265253
877,flow:vessel:OUTLET,0.8778778778778785,22.597545129884224
878,flow:vessel:OUTLET,0.8788788788788794,22.594883938437437
879,flow:vessel:OUTLET,0.87987987987988,22.592225905693024
880,flow:vessel:OUTLET,0.8808808808808807,22.58957099196973
881,flow:vessel:OUTLET,0.8818818818818813,22.58691915812937
882,flow:vessel:OUTLET,0.8828828828828836,22.58427036556941
883,flow:vessel:OUTLET,0.8838838838838843,22.581624576215606
884,flow:vessel:OUTLET,0.8848848848848849,22.578981752514775
885,flow:vessel:OUTLET,0.8858858858858856,22.576341857427693
886,flow:vessel:OUTLET,0.8868868868868862,22.573704854422
887,flow:vessel:OUTLET,0.8878878878878886,22.571070707465292
888,flow:vessel:OUTLET,0.8888888888888893,22.568439381018273
889,flow:vessel:OUTLET,0.8898898898898899,22.565810840027993
890,flow:vessel:OUTLET,0.8908908908908906,22.5631850499212
891,flow:vessel:OUTLET,0.8918918918918912,22.560561976597743
892,flow:vessel:OUTLET,0.8928928928928936,22.557941586424125
893,flow:vessel:OUTLET,0.8938938938938943,22.55532384622709
894,flow:vessel:OUTLET,0.8948948948948949,22.552708723287328
895,flow:vessel:OUTLET,0.8958958958958955,22.550096185333263
896,flow:vessel:OUTLET,0.8968968968968961,22.547486200534895
897,flow:vessel:OUTLET,0.8978978978978985,22.544878737497807
898,flow:vessel:OUTLET,0.8988988988988994,22.542273765257136
899,flow:vessel:OUTLET,0.8998998998999,22.539671253271727
900,flow:vessel:OUTLET,0.9009009009009005,22.53707117141832
901,flow:vessel:OUTLET,0.9019019019019012,22.53447348998584
902,flow:vessel:OUTLET,0.9029029029029036,22.53187817966972
903,flow:vessel:OUTLET,0.9039039039039043,22.529285211566368
904,flow:vessel:OUTLET,0.9049049049049048,22.52669455716765
905,flow:vessel:OUTLET,0.9059059059059056,22.524106188355503
906,flow:vessel:OUTLET,0.9069069069069062,22.521520077396563
907,flow:vessel:OUTLET,0.9079079079079087,22.51893619693692
908,flow:vessel:OUTLET,0.9089089089089091,22.51635451999689
909,flow:vessel:OUTLET,0.90990990990991,22.513775019965927
910,flow:vessel:OUTLET,0.9109109109109106,22.511197670597543
911,flow:vessel:OUTLET,0.9119119119119112,22.50862244600432
912,flow:vessel:OUTLET,0.9129129129129137,22.506049320653016
913,flow:vessel:OUTLET,0.9139139139139144,22.50347826935969
914,flow:vessel:OUTLET,0.9149149149149148,22.500909267284925
915,flow:vessel:OUTLET,0.9159159159159157,22.498342289929138
916,flow:vessel:OUTLET,0.9169169169169161,22.495777313127867
917,flow:vessel:OUTLET,0.9179179179179188,22.49321431304723
918,flow:vessel:OUTLET,0.9189189189189192,22.490653266179383
919,flow:vessel:OUTLET,0.91991991991992,22.48809414933805
920,flow:vessel:OUTLET,0.9209209209209205,22.485536939654125
921,flow:vessel:OUTLET,0.9219219219219212,22.48298161457133
922,flow:vessel:OUTLET,0.9229229229229237,22.480428151841913
923,flow:vessel:OUTLET,0.9239239239239245,22.477876529522455
924,flow:vessel:OUTLET,0.9249249249249248,22.475326725969666
925,flow:vessel:OUTLET,0.9259259259259256,22.47277871983629
926,flow:vessel:OUTLET,0.9269269269269262,22.470232490067065
927,flow:vessel:OUTLET,0.9279279279279287,22.46768801589471
928,flow:vessel:OUTLET,0.9289289289289293,22.465145276835973
929,flow:vessel:OUTLET,0.9299299299299301,22.46260425268776
930,flow:vessel:OUTLET,0.9309309309309306,22.460064923523287
931,flow:vessel:OUTLET,0.9319319319319312,22.45752726968829
932,flow:vessel:OUTLET,0.9329329329329336,22.45499127179731
933,flow:vessel:OUTLET,0.9339339339339344,22.452456910729996
934,flow:vessel:OUTLET,0.9349349349349348,22.449924167627476
935,flow:vessel:OUTLET,0.9359359359359357,22.447393023888782
936,flow:vessel:OUTLET,0.9369369369369364,22.444863461167326
937,flow:vessel:OUTLET,0.9379379379379387,22.442335461367392
938,flow:vessel:OUTLET,0.9389389389389392,22.43980900664072
939,flow:vessel:OUTLET,0.93993993993994,22.437284079383115
940,flow:vessel:OUTLET,0.9409409409409406,22.43476066223109
941,flow:vessel:OUTLET,0.9419419419419413,22.432238738058583
942,flow:vessel:OUTLET,0.9429429429429437,22.429718289973714
943,flow:vessel:OUTLET,0.9439439439439444,22.427199301315536
944,flow:vessel:OUTLET,0.9449449449449449,22.424681755650944
945,flow:vessel:OUTLET,0.9459459459459456,22.42216563677148
946,flow:vessel:OUTLET,0.9469469469469463,22.4196509286903
947,flow:vessel:OUTLET,0.9479479479479487,22.417137615639128
948,flow:vessel:OUTLET,0.9489489489489493,22.414625682065264
949,flow:vessel:OUTLET,0.9499499499499501,22.412115112628623
950,flow:vessel:OUTLET,0.9509509509509506,22.409605892198833
951,flow:vessel:OUTLET,0.9519519519519511,22.407098005852376
952,flow:vessel:OUTLET,0.9529529529529536,22.404591438869712
953,flow:vessel:OUTLET,0.9539539539539544,22.40208617673252
954,flow:vessel:OUTLET,0.9549549549549549,22.399582205120957
955,flow:vessel:OUTLET,0.9559559559559557,22.39707950991089
956,flow:vessel:OUTLET,0.9569569569569564,22.394578077171257
957,flow:vessel:OUTLET,0.9579579579579587,22.392077893161407
958,flow:vessel:OUTLET,0.9589589589589592,22.389578944328495
959,flow:vessel:OUTLET,0.95995995995996,22.387081217304907
960,flow:vessel:OUTLET,0.9609609609609606,22.38458469890572
961,flow:vessel:OUTLET,0.9619619619619613,22.382089376126217
962,flow:vessel:OUTLET,0.9629629629629637,22.379595236139405
963,flow:vessel:OUTLET,0.9639639639639644,22.377102266293576
964,flow:vessel:OUTLET,0.9649649649649648,22.37461045410992
965,flow:vessel:OUTLET,0.9659659659659656,22.372119787280145
966,flow:vessel:OUTLET,0.9669669669669663,22.369630253664155
967,flow:vessel:OUTLET,0.9679679679679687,22.36714184128774
968,flow:vessel:OUTLET,0.9689689689689693,22.36465453834029
969,flow:vessel:OUTLET,0.9699699699699701,22.362168333172573
970,flow:vessel:OUTLET,0.9709709709709705,22.359683214294524
971,flow:vessel:OUTLET,0.9719719719719712,22.357199170373065
972,flow:vessel:OUTLET,0.9729729729729738,22.354716190229944
973,flow:vessel:OUTLET,0.9739739739739744,22.352234262839623
974,flow:vessel:OUTLET,0.9749749749749749,22.349753377327183
975,flow:vessel:OUTLET,0.9759759759759756,22.347273522966255
976,flow:vessel:OUTLET,0.9769769769769763,22.34479468917701
977,flow:vessel:OUTLET,0.9779779779779789,22.34231686552412
978,flow:vessel:OUTLET,0.9789789789789792,22.339840041714808
979,flow:vessel:OUTLET,0.9799799799799802,22.337364207596867
980,flow:vessel:OUTLET,0.9809809809809806,22.33488935315676
981,flow:vessel:OUTLET,0.9819819819819813,22.33241546851772
982,flow:vessel:OUTLET,0.9829829829829837,22.329942543937847
983,flow:vessel:OUTLET,0.9839839839839845,22.327470569808305
984,flow:vessel:OUTLET,0.984984984984985,22.324999536651447
985,flow:vessel:OUTLET,0.9859859859859856,22.322529435119076
986,flow:vessel:OUTLET,0.9869869869869863,22.320060255990636
987,flow:vessel:OUTLET,0.9879879879879888,22.317591990171465
988,flow:vessel:OUTLET,0.9889889889889892,22.31512462869108
989,flow:vessel:OUTLET,0.9899899899899901,22.312658162701467
990,flow:vessel:OUTLET,0.9909909909909907,22.310192583475427
991,flow:vessel:OUTLET,0.9919919919919914,22.307727882404897
992,flow:vessel:OUTLET,0.9929929929929936,22.305264050999327
993,flow:vessel:OUTLET,0.9939939939939944,22.302801080884073
994,flow:vessel:OUTLET,0.994994994994995,22.300338963798794
995,flow:vessel:OUTLET,0.9959959959959956,22.297877691595904
996,flow:vessel:OUTLET,0.9969969969969963,22.29541725623904
997,flow:vessel:OUTLET,0.9979979979979989,22.2929576498015
998,flow:vessel:OUTLET,0.9989989989989992,22.290498864464784
999,flow:vessel:OUTLET,1.0,22.28804089251707
1000,pressure:vessel:OUTLET,0.0,33284.169950467825
1001,pressure:vessel:OUTLET,0.0010010010010006454,33281.571376431624
1002,pressure:vessel:OUTLET,0.0020020020020012907,33278.97309319037
1003,pressure:vessel:OUTLET,0.0030030030030037125,33276.37510055705
1004,pressure:vessel:OUTLET,0.004004004004004358,33273.77739834689
1005,pressure:vessel:OUTLET,0.005005005005005003,33271.17998637715
1006,pressure:vessel:OUTLET,0.006006006006005649,33268.582864467266
1007,pressure:vessel:OUTLET,0.007007007007006294,33265.986032438675
1008,pressure:vessel:OUTLET,0.008008008008008716,33263.38949011489
1009,pressure:vessel:OUTLET,0.00900900900900936,33260.79323732141
1010,pressure:vessel:OUTLET,0.010010010010010006,33258.19727388572
1011,pressure:vessel:OUTLET,0.011011011011010652,33255.6015996373
1012,pressure:vessel:OUTLET,0.012012012012011295,33253.00621440748
1013,pressure:vessel:OUTLET,0.01301301301301372,33250.41111802956
1014,pressure:vessel:OUTLET,0.014014014014014364,33247.81631033867
1015,pressure:vessel:OUTLET,0.01501501501501501,33245.221791171825
1016,pressure:vessel:OUTLET,0.016016016016015655,33242.62756036785
1017,pressure:vessel:OUTLET,0.0170170170170163,33240.03361776736
1018,pressure:vessel:OUTLET,0.01801801801801872,33237.43996321276
1019,pressure:vessel:OUTLET,0.019019019019019368,33234.846596548196
1020,pressure:vessel:OUTLET,0.020020020020020013,33232.25351761955
1021,pressure:vessel:OUTLET,0.021021021021020655,33229.66072627439
1022,pressure:vessel:OUTLET,0.022022022022021304,33227.068222361995
1023,pressure:vessel:OUTLET,0.023023023023023725,33224.47600573326
1024,pressure:vessel:OUTLET,0.02402402402402437,33221.884076240756
1025,pressure:vessel:OUTLET,0.025025025025025016,33219.29243373863
1026,pressure:vessel:OUTLET,0.026026026026025665,33216.70107808263
1027,pressure:vessel:OUTLET,0.027027027027026307,33214.11000913011
1028,pressure:vessel:OUTLET,0.02802802802802873,33211.5192267399
1029,pressure:vessel:OUTLET,0.029029029029029377,33208.928730772415
1030,pressure:vessel:OUTLET,0.03003003003003002,33206.33852108956
1031,pressure:vessel:OUTLET,0.031031031031030665,33203.74859755469
1032,pressure:vessel:OUTLET,0.03203203203203131,33201.15896003267
1033,pressure:vessel:OUTLET,0.03303303303303373,33198.5696083898
1034,pressure:vessel:OUTLET,0.03403403403403438,33195.98054249377
1035,pressure:vessel:OUTLET,0.03503503503503502,33193.391762213716
1036,pressure:vessel:OUTLET,0.03603603603603566,33190.803267420146
1037,pressure:vessel:OUTLET,0.03703703703703631,33188.215057984926
1038,pressure:vessel:OUTLET,0.038038038038038735,33185.62713378127
1039,pressure:vessel:OUTLET,0.039039039039039374,33183.03949468373
1040,pressure:vessel:OUTLET,0.040040040040040026,33180.45214056818
1041,pressure:vessel:OUTLET,0.04104104104104067,33177.86507131176
1042,pressure:vessel:OUTLET,0.04204204204204132,33175.278286792905
1043,pressure:vessel:OUTLET,0.04304304304304374,33172.6917868913
1044,pressure:vessel:OUTLET,0.044044044044044384,33170.10557148787
1045,pressure:vessel:OUTLET,0.04504504504504503,33167.51964046479
1046,pressure:vessel:OUTLET,0.046046046046045674,33164.93399370539
1047,pressure:vessel:OUTLET,0.04704704704704632,33162.34863109424
1048,pressure:vessel:OUTLET,0.04804804804804874,33159.76355251706
1049,pressure:vessel:OUTLET,0.04904904904904939,33157.178757860755
1050,pressure:vessel:OUTLET,0.05005005005005003,33154.59424701332
1051,pressure:vessel:OUTLET,0.05105105105105068,33152.01001986395
1052,pressure:vessel:OUTLET,0.05205205205205132,33149.42607630287
1053,pressure:vessel:OUTLET,0.053053053053053745,33146.84241622148
1054,pressure:vessel:OUTLET,0.05405405405405439,33144.2590395122
1055,pressure:vessel:OUTLET,0.05505505505505503,33141.675946068564
1056,pressure:vessel:OUTLET,0.05605605605605568,33139.09313578513
1057,pressure:vessel:OUTLET,0.057057057057056326,33136.51060855749
1058,pressure:vessel:OUTLET,0.058058058058058755,33133.92836428228
1059,pressure:vessel:OUTLET,0.05905905905905939,33131.34640285713
1060,pressure:vessel:OUTLET,0.06006006006006004,33128.764724180684
1061,pressure:vessel:OUTLET,0.06106106106106069,33126.183328152554
1062,pressure:vessel:OUTLET,0.06206206206206133,33123.602214673316
1063,pressure:vessel:OUTLET,0.06306306306306375,33121.021383644525
1064,pressure:vessel:OUTLET,0.0640640640640644,33118.44083496864
1065,pressure:vessel:OUTLET,0.06506506506506504,33115.860568549106
1066,pressure:vessel:OUTLET,0.06606606606606569,33113.28058429022
1067,pressure:vessel:OUTLET,0.06706706706706633,33110.70088209724
1068,pressure:vessel:OUTLET,0.06806806806806875,33108.12146187629
1069,pressure:vessel:OUTLET,0.0690690690690694,33105.54232353436
1070,pressure:vessel:OUTLET,0.07007007007007005,33102.96346697934
1071,pressure:vessel:OUTLET,0.07107107107107069,33100.38489211997
1072,pressure:vessel:OUTLET,0.07207207207207132,33097.8065988658
1073,pressure:vessel:OUTLET,0.07307307307307376,33095.22858712726
1074,pressure:vessel:OUTLET,0.0740740740740744,33092.65085681558
1075,pressure:vessel:OUTLET,0.07507507507507503,33090.07340784279
1076,pressure:vessel:OUTLET,0.0760760760760757,33087.496240121734
1077,pressure:vessel:OUTLET,0.07707707707707634,33084.91935356606
1078,pressure:vessel:OUTLET,0.07807807807807877,33082.342748090145
1079,pressure:vessel:OUTLET,0.0790790790790794,33079.76642360919
1080,pressure:vessel:OUTLET,0.08008008008008005,33077.19038003911
1081,pressure:vessel:OUTLET,0.08108108108108071,33074.61461729659
1082,pressure:vessel:OUTLET,0.08208208208208134,33072.03913529904
1083,pressure:vessel:OUTLET,0.08308308308308376,33069.4639339646
1084,pressure:vessel:OUTLET,0.08408408408408441,33066.88901321214
1085,pressure:vessel:OUTLET,0.08508508508508505,33064.3143729612
1086,pressure:vessel:OUTLET,0.0860860860860857,33061.74001313205
1087,pressure:vessel:OUTLET,0.08708708708708635,33059.16593364564
1088,pressure:vessel:OUTLET,0.08808808808808877,33056.5921344236
1089,pressure:vessel:OUTLET,0.08908908908908941,33054.01861538821
1090,pressure:vessel:OUTLET,0.09009009009009004,33051.445376462434
1091,pressure:vessel:OUTLET,0.0910910910910907,33048.87241756987
1092,pressure:vessel:OUTLET,0.09209209209209135,33046.29973863478
1093,pressure:vessel:OUTLET,0.09309309309309376,33043.727339582016
1094,pressure:vessel:OUTLET,0.0940940940940944,33041.1552203371
1095,pressure:vessel:OUTLET,0.09509509509509506,33038.58338082615
1096,pressure:vessel:OUTLET,0.0960960960960957,33036.011820975895
1097,pressure:vessel:OUTLET,0.09709709709709637,33033.440540713644
1098,pressure:vessel:OUTLET,0.09809809809809877,33030.86953996734
1099,pressure:vessel:OUTLET,0.0990990990990994,33028.29881866546
1100,pressure:vessel:OUTLET,0.10010010010010006,33025.7283767371
1101,pressure:vessel:OUTLET,0.10110110110110072,33023.15821567453
1102,pressure:vessel:OUTLET,0.10210210210210136,33020.58834373253
1103,pressure:vessel:OUTLET,0.10310310310310378,33018.01877989835
1104,pressure:vessel:OUTLET,0.10410410410410442,33015.44955406379
1105,pressure:vessel:OUTLET,0.10510510510510508,33012.88070601527
1106,pressure:vessel:OUTLET,0.10610610610610571,33010.31228456048
1107,pressure:vessel:OUTLET,0.10710710710710636,33007.744346731175
1108,pressure:vessel:OUTLET,0.10810810810810878,33005.1769570458
1109,pressure:vessel:OUTLET,0.10910910910910944,33002.6101868326
1110,pressure:vessel:OUTLET,0.11011011011011008,33000.04411360637
1111,pressure:vessel:OUTLET,0.11111111111111072,32997.478820494856
1112,pressure:vessel:OUTLET,0.11211211211211136,32994.91439571046
1113,pressure:vessel:OUTLET,0.11311311311311378,32992.35093206365
1114,pressure:vessel:OUTLET,0.11411411411411444,32989.788526514334
1115,pressure:vessel:OUTLET,0.11511511511511507,32987.227279758365
1116,pressure:vessel:OUTLET,0.11611611611611572,32984.667295845844
1117,pressure:vessel:OUTLET,0.11711711711711636,32982.10868182899
1118,pressure:vessel:OUTLET,0.1181181181181188,32979.55154743673
1119,pressure:vessel:OUTLET,0.11911911911911945,32976.99600477404
1120,pressure:vessel:OUTLET,0.12012012012012008,32974.442168043905
1121,pressure:vessel:OUTLET,0.12112112112112072,32971.89015328994
1122,pressure:vessel:OUTLET,0.12212212212212135,32969.340078158035
1123,pressure:vessel:OUTLET,0.1231231231231238,32966.79206167551
1124,pressure:vessel:OUTLET,0.12412412412412444,32964.24622404605
1125,pressure:vessel:OUTLET,0.12512512512512508,32961.702686459575
1126,pressure:vessel:OUTLET,0.12612612612612573,32959.1615709153
1127,pressure:vessel:OUTLET,0.12712712712712637,32956.62300005725
1128,pressure:vessel:OUTLET,0.1281281281281288,32954.08709702114
1129,pressure:vessel:OUTLET,0.12912912912912944,32951.55398529155
1130,pressure:vessel:OUTLET,0.13013013013013008,32949.02378856869
1131,pressure:vessel:OUTLET,0.13113113113113073,32946.49663064392
1132,pressure:vessel:OUTLET,0.13213213213213135,32943.97263528328
1133,pressure:vessel:OUTLET,0.1331331331331338,32941.45192611854
1134,pressure:vessel:OUTLET,0.13413413413413444,32938.934626544855
1135,pressure:vessel:OUTLET,0.1351351351351351,32936.420859624835
1136,pressure:vessel:OUTLET,0.13613613613613573,32933.91074799829
1137,pressure:vessel:OUTLET,0.13713713713713638,32931.40441379726
1138,pressure:vessel:OUTLET,0.1381381381381388,32928.90197856597
1139,pressure:vessel:OUTLET,0.13913913913913944,32926.40356318524
1140,pressure:vessel:OUTLET,0.1401401401401401,32923.909287801005
1141,pressure:vessel:OUTLET,0.14114114114114074,32921.419271756764
1142,pressure:vessel:OUTLET,0.14214214214214138,32918.93363352941
1143,pressure:vessel:OUTLET,0.1431431431431438,32916.45249066847
1144,pressure:vessel:OUTLET,0.14414414414414445,32913.97595973823
1145,pressure:vessel:OUTLET,0.1451451451451451,32911.50415626277
1146,pressure:vessel:OUTLET,0.14614614614614574,32909.03719467348
1147,pressure:vessel:OUTLET,0.14714714714714638,32906.5751882591
1148,pressure:vessel:OUTLET,0.1481481481481488,32904.11824911783
1149,pressure:vessel:OUTLET,0.14914914914914945,32901.666488111776
1150,pressure:vessel:OUTLET,0.1501501501501501,32899.22001482298
1151,pressure:vessel:OUTLET,0.15115115115115074,32896.77893751162
1152,pressure:vessel:OUTLET,0.1521521521521514,32894.343363075655
1153,pressure:vessel:OUTLET,0.1531531531531538,32891.913397012155
1154,pressure:vessel:OUTLET,0.15415415415415443,32889.48914338012
1155,pressure:vessel:OUTLET,0.1551551551551551,32887.07070476464
1156,pressure:vessel:OUTLET,0.15615615615615577,32884.65818224247
1157,pressure:vessel:OUTLET,0.1571571571571564,32882.251675348736
1158,pressure:vessel:OUTLET,0.1581581581581588,32879.851282044896
1159,pressure:vessel:OUTLET,0.15915915915915946,32877.45709868782
1160,pressure:vessel:OUTLET,0.1601601601601601,32875.069219999896
1161,pressure:vessel:OUTLET,0.16116116116116075,32872.687739040135
1162,pressure:vessel:OUTLET,0.1621621621621614,32870.312747176366
1163,pressure:vessel:OUTLET,0.16316316316316382,32867.94433405814
1164,pressure:vessel:OUTLET,0.16416416416416446,32865.5825875908
1165,pressure:vessel:OUTLET,0.1651651651651651,32863.22759391009
1166,pressure:vessel:OUTLET,0.16616616616616575,32860.879437357944
1167,pressure:vessel:OUTLET,0.1671671671671664,32858.53820045876
1168,pressure:vessel:OUTLET,0.16816816816816882,32856.20396389668
1169,pressure:vessel:OUTLET,0.16916916916916946,32853.87680649342
1170,pressure:vessel:OUTLET,0.1701701701701701,32851.556805187094
1171,pressure:vessel:OUTLET,0.17117117117117076,32849.244035011456
1172,pressure:vessel:OUTLET,0.1721721721721714,32846.938569076134
1173,pressure:vessel:OUTLET,0.17317317317317382,32844.640478547284
1174,pressure:vessel:OUTLET,0.17417417417417447,32842.34983262917
1175,pressure:vessel:OUTLET,0.1751751751751751,32840.06669854619
1176,pressure:vessel:OUTLET,0.17617617617617576,32837.791141525726
1177,pressure:vessel:OUTLET,0.1771771771771764,32835.52322478153
1178,pressure:vessel:OUTLET,0.17817817817817885,32833.26300949781
1179,pressure:vessel:OUTLET,0.17917917917917947,32831.01055481391
1180,pressure:vessel:OUTLET,0.18018018018018012,32828.76591780963
1181,pressure:vessel:OUTLET,0.18118118118118076,32826.529153491225
1182,pressure:vessel:OUTLET,0.1821821821821814,32824.30031477788
1183,pressure:vessel:OUTLET,0.18318318318318383,32822.079452488964
1184,pressure:vessel:OUTLET,0.18418418418418447,32819.86661533175
1185,pressure:vessel:OUTLET,0.18518518518518512,32817.66184988988
1186,pressure:vessel:OUTLET,0.18618618618618576,32815.483017761726
1187,pressure:vessel:OUTLET,0.1871871871871864,32813.369849388364
1188,pressure:vessel:OUTLET,0.18818818818818883,32811.36760455408
1189,pressure:vessel:OUTLET,0.18918918918918948,32809.5180777092
1190,pressure:vessel:OUTLET,0.19019019019019012,32807.85920623636
1191,pressure:vessel:OUTLET,0.19119119119119077,32806.42549667834
1192,pressure:vessel:OUTLET,0.1921921921921914,32805.24826945006
1193,pressure:vessel:OUTLET,0.19319319319319384,32804.35591020963
1194,pressure:vessel:OUTLET,0.19419419419419448,32803.77409535235
1195,pressure:vessel:OUTLET,0.19519519519519513,32803.52599969913
1196,pressure:vessel:OUTLET,0.19619619619619577,32803.632486808274
1197,pressure:vessel:OUTLET,0.1971971971971964,32804.11228357696
1198,pressure:vessel:OUTLET,0.19819819819819884,32804.98214042774
1199,pressure:vessel:OUTLET,0.19919919919919948,32806.25697830887
1200,pressure:vessel:OUTLET,0.20020020020020013,32807.95002362618
1201,pressure:vessel:OUTLET,0.20120120120120075,32810.072932132025
1202,pressure:vessel:OUTLET,0.20220220220220145,32812.63590271048
1203,pressure:vessel:OUTLET,0.20320320320320384,32815.64778191893
1204,pressure:vessel:OUTLET,0.2042042042042045,32819.116160073994
1205,pressure:vessel:OUTLET,0.20520520520520513,32823.04745960334
1206,pressure:vessel:OUTLET,0.20620620620620575,32827.44701632424
1207,pressure:vessel:OUTLET,0.2072072072072064,32832.31915425393
1208,pressure:vessel:OUTLET,0.20820820820820884,32837.66725450601
1209,pressure:vessel:OUTLET,0.2092092092092095,32843.493818779796
1210,pressure:vessel:OUTLET,0.21021021021021016,32849.80052790746
1211,pressure:vessel:OUTLET,0.2112112112112108,32856.58829588348
1212,pressure:vessel:OUTLET,0.21221221221221143,32863.85731976588
1213,pressure:vessel:OUTLET,0.21321321321321385,32871.60712580474
1214,pressure:vessel:OUTLET,0.2142142142142145,32879.8366121241
1215,pressure:vessel:OUTLET,0.2152152152152151,32888.544088254646
1216,pressure:vessel:OUTLET,0.21621621621621576,32897.72731179005
1217,pressure:vessel:OUTLET,0.21721721721721643,32907.38352241585
1218,pressure:vessel:OUTLET,0.21821821821821885,32917.50947353844
1219,pressure:vessel:OUTLET,0.21921921921921952,32928.10146172276
1220,pressure:vessel:OUTLET,0.22022022022022017,32939.155354128176
1221,pressure:vessel:OUTLET,0.2212212212212208,32950.66661411677
1222,pressure:vessel:OUTLET,0.22222222222222143,32962.63032519225
1223,pressure:vessel:OUTLET,0.22322322322322383,32975.04121341444
1224,pressure:vessel:OUTLET,0.22422422422422447,32987.89366842114
1225,pressure:vessel:OUTLET,0.22522522522522517,33001.181763178065
1226,pressure:vessel:OUTLET,0.2262262262262258,33014.89927256644
1227,pressure:vessel:OUTLET,0.22722722722722644,33029.03969090821
1228,pressure:vessel:OUTLET,0.22822822822822889,33043.596248520276
1229,pressure:vessel:OUTLET,0.22922922922922953,33058.56192738012
1230,pressure:vessel:OUTLET,0.23023023023023015,33073.92947597873
1231,pressure:vessel:OUTLET,0.2312312312312308,33089.69142342893
1232,pressure:vessel:OUTLET,0.23223223223223144,33105.8400928916
1233,pressure:vessel:OUTLET,0.23323323323323383,33122.3676143761
1234,pressure:vessel:OUTLET,0.2342342342342345,33139.26593696619
1235,pressure:vessel:OUTLET,0.23523523523523515,33156.52684051777
1236,pressure:vessel:OUTLET,0.2362362362362358,33174.141946870484
1237,pressure:vessel:OUTLET,0.23723723723723644,33192.102730611005
1238,pressure:vessel:OUTLET,0.2382382382382389,33210.40052942244
1239,pressure:vessel:OUTLET,0.2392392392392395,33229.02655405063
1240,pressure:vessel:OUTLET,0.24024024024024015,33247.97189791517
1241,pressure:vessel:OUTLET,0.2412412412412408,33267.227546390306
1242,pressure:vessel:OUTLET,0.24224224224224145,33286.78438577802
1243,pressure:vessel:OUTLET,0.24324324324324387,33306.63321199355
1244,pressure:vessel:OUTLET,0.2442442442442445,33326.76473898144
1245,pressure:vessel:OUTLET,0.24524524524524516,33347.169606878015
1246,pressure:vessel:OUTLET,0.2462462462462458,33367.83838993487
1247,pressure:vessel:OUTLET,0.24724724724724645,33388.76160421599
1248,pressure:vessel:OUTLET,0.24824824824824887,33409.92971507988
1249,pressure:vessel:OUTLET,0.24924924924924952,33431.33314445672
1250,pressure:vessel:OUTLET,0.25025025025025016,33452.962277929386
1251,pressure:vessel:OUTLET,0.2512512512512508,33474.80747162613
1252,pressure:vessel:OUTLET,0.25225225225225145,33496.85905893177
1253,pressure:vessel:OUTLET,0.2532532532532539,33519.107357023204
1254,pressure:vessel:OUTLET,0.2542542542542545,33541.54267323473
1255,pressure:vessel:OUTLET,0.25525525525525516,33564.155311257375
1256,pressure:vessel:OUTLET,0.2562562562562558,33586.93557717634
1257,pressure:vessel:OUTLET,0.25725725725725646,33609.8737853497
1258,pressure:vessel:OUTLET,0.2582582582582589,33632.960264131616
1259,pressure:vessel:OUTLET,0.2592592592592595,33656.185361441894
1260,pressure:vessel:OUTLET,0.26026026026026017,33679.539450184624
1261,pressure:vessel:OUTLET,0.2612612612612608,33703.012933517115
1262,pressure:vessel:OUTLET,0.26226226226226146,33726.596249970964
1263,pressure:vessel:OUTLET,0.2632632632632639,33750.27987842627
1264,pressure:vessel:OUTLET,0.2642642642642645,33774.05434294012
1265,pressure:vessel:OUTLET,0.26526526526526517,33797.91021743027
1266,pressure:vessel:OUTLET,0.2662662662662658,33821.83813021459
1267,pressure:vessel:OUTLET,0.26726726726726646,33845.82876840711
1268,pressure:vessel:OUTLET,0.2682682682682689,33869.87288217102
1269,pressure:vessel:OUTLET,0.26926926926926953,33893.96128882922
1270,pressure:vessel:OUTLET,0.2702702702702702,33918.08487683281
1271,pressure:vessel:OUTLET,0.2712712712712708,33942.234609588035
1272,pressure:vessel:OUTLET,0.27227227227227146,33966.40152914191
1273,pressure:vessel:OUTLET,0.2732732732732739,33990.57675972717
1274,pressure:vessel:OUTLET,0.27427427427427453,34014.75151116687
1275,pressure:vessel:OUTLET,0.2752752752752752,34038.91708213913
1276,pressure:vessel:OUTLET,0.2762762762762758,34063.06486330262
1277,pressure:vessel:OUTLET,0.27727727727727647,34087.1863402833
1278,pressure:vessel:OUTLET,0.2782782782782789,34111.27309652309
1279,pressure:vessel:OUTLET,0.27927927927927954,34135.316815991224
1280,pressure:vessel:OUTLET,0.2802802802802802,34159.30928575901
1281,pressure:vessel:OUTLET,0.2812812812812808,34183.24239843893
1282,pressure:vessel:OUTLET,0.28228228228228147,34207.10815448899
1283,pressure:vessel:OUTLET,0.2832832832832839,34230.89866438339
1284,pressure:vessel:OUTLET,0.28428428428428454,34254.60615065059
1285,pressure:vessel:OUTLET,0.2852852852852852,34278.222949780094
1286,pressure:vessel:OUTLET,0.28628628628628583,34301.74151399912
1287,pressure:vessel:OUTLET,0.2872872872872865,34325.15441292068
1288,pressure:vessel:OUTLET,0.2882882882882889,34348.4543350644
1289,pressure:vessel:OUTLET,0.28928928928928954,34371.634089251915
1290,pressure:vessel:OUTLET,0.2902902902902902,34394.68660587817
1291,pressure:vessel:OUTLET,0.29129129129129083,34417.604938060664
1292,pressure:vessel:OUTLET,0.2922922922922915,34440.38226266836
1293,pressure:vessel:OUTLET,0.2932932932932939,34463.011881232116
1294,pressure:vessel:OUTLET,0.29429429429429455,34485.48722073872
1295,pressure:vessel:OUTLET,0.2952952952952952,34507.80183431065
1296,pressure:vessel:OUTLET,0.29629629629629584,34529.94940177357
1297,pressure:vessel:OUTLET,0.2972972972972965,34551.92373011387
1298,pressure:vessel:OUTLET,0.2982982982982989,34573.718753828565
1299,pressure:vessel:OUTLET,0.29929929929929955,34595.32853516982
1300,pressure:vessel:OUTLET,0.3003003003003002,34616.74726428659
1301,pressure:vessel:OUTLET,0.30130130130130084,34637.969327065155
1302,pressure:vessel:OUTLET,0.3023023023023015,34658.98944967306
1303,pressure:vessel:OUTLET,0.3033033033033039,34679.802779242265
1304,pressure:vessel:OUTLET,0.30430430430430455,34700.40487109824
1305,pressure:vessel:OUTLET,0.3053053053053052,34720.79165516927
1306,pressure:vessel:OUTLET,0.30630630630630584,34740.959407295246
1307,pressure:vessel:OUTLET,0.3073073073073065,34760.90472287632
1308,pressure:vessel:OUTLET,0.3083083083083089,34780.62449258707
1309,pressure:vessel:OUTLET,0.30930930930930955,34800.11588009891
1310,pressure:vessel:OUTLET,0.3103103103103102,34819.37630159997
1311,pressure:vessel:OUTLET,0.31131131131131085,34838.40340697464
1312,pressure:vessel:OUTLET,0.3123123123123115,34857.195062500476
1313,pressure:vessel:OUTLET,0.3133133133133139,34875.74933493692
1314,pressure:vessel:OUTLET,0.31431431431431456,34894.06447688882
1315,pressure:vessel:OUTLET,0.3153153153153152,34912.138913338786
1316,pressure:vessel:OUTLET,0.31631631631631585,34929.971229250434
1317,pressure:vessel:OUTLET,0.3173173173173165,34947.56015815342
1318,pressure:vessel:OUTLET,0.3183183183183189,34964.90457162819
1319,pressure:vessel:OUTLET,0.31931931931931956,34982.00346961571
1320,pressure:vessel:OUTLET,0.3203203203203202,34998.85597148306
1321,pressure:vessel:OUTLET,0.32132132132132085,35015.4613077826
1322,pressure:vessel:OUTLET,0.3223223223223215,35031.818812646336
1323,pressure:vessel:OUTLET,0.3233233233233239,35047.927916763394
1324,pressure:vessel:OUTLET,0.32432432432432456,35063.78814089173
1325,pressure:vessel:OUTLET,0.3253253253253252,35079.39908986007
1326,pressure:vessel:OUTLET,0.32632632632632586,35094.760447019464
1327,pressure:vessel:OUTLET,0.3273273273273265,35109.871969107226
1328,pressure:vessel:OUTLET,0.3283283283283289,35124.73348148936
1329,pressure:vessel:OUTLET,0.32932932932932957,35139.34487375025
1330,pressure:vessel:OUTLET,0.3303303303303302,35153.70609560101
1331,pressure:vessel:OUTLET,0.33133133133133086,35167.81715308058
1332,pressure:vessel:OUTLET,0.3323323323323315,35181.67810502536
1333,pressure:vessel:OUTLET,0.3333333333333339,35195.2890597857
1334,pressure:vessel:OUTLET,0.33433433433433457,35208.65017216905
1335,pressure:vessel:OUTLET,0.3353353353353352,35221.76164059144
1336,pressure:vessel:OUTLET,0.33633633633633586,35234.62370442049
1337,pressure:vessel:OUTLET,0.3373373373373365,35247.23664149447
1338,pressure:vessel:OUTLET,0.33833833833833893,35259.60076580342
1339,pressure:vessel:OUTLET,0.3393393393393396,35271.71642531928
1340,pressure:vessel:OUTLET,0.3403403403403402,35283.583999963295
1341,pressure:vessel:OUTLET,0.34134134134134086,35295.20389969991
1342,pressure:vessel:OUTLET,0.3423423423423415,35306.57656274709
1343,pressure:vessel:OUTLET,0.34334334334334393,35317.70245389419
1344,pressure:vessel:OUTLET,0.3443443443443446,35328.582062918795
1345,pressure:vessel:OUTLET,0.3453453453453452,35339.21590309534
1346,pressure:vessel:OUTLET,0.34634634634634587,35349.60450978805
1347,pressure:vessel:OUTLET,0.3473473473473465,35359.74843912223
1348,pressure:vessel:OUTLET,0.34834834834834894,35369.6482667279
1349,pressure:vessel:OUTLET,0.3493493493493496,35379.30458655029
1350,pressure:vessel:OUTLET,0.3503503503503502,35388.71800972278
1351,pressure:vessel:OUTLET,0.35135135135135087,35397.88916349706
1352,pressure:vessel:OUTLET,0.3523523523523515,35406.81869022723
1353,pressure:vessel:OUTLET,0.35335335335335394,35415.50724640343
1354,pressure:vessel:OUTLET,0.3543543543543546,35423.95550173194
1355,pressure:vessel:OUTLET,0.35535535535535523,35432.16413825846
1356,pressure:vessel:OUTLET,0.3563563563563559,35440.1338495316
1357,pressure:vessel:OUTLET,0.3573573573573565,35447.86533980433
1358,pressure:vessel:OUTLET,0.35835835835835894,35455.35932327029
1359,pressure:vessel:OUTLET,0.3593593593593596,35462.6165233335
1360,pressure:vessel:OUTLET,0.36036036036036023,35469.63767190885
1361,pressure:vessel:OUTLET,0.3613613613613609,35476.42350875187
1362,pressure:vessel:OUTLET,0.3623623623623615,35482.97478081583
1363,pressure:vessel:OUTLET,0.36336336336336394,35489.29224163483
1364,pressure:vessel:OUTLET,0.36436436436436453,35495.37665073126
1365,pressure:vessel:OUTLET,0.3653653653653653,35501.228773046394
1366,pressure:vessel:OUTLET,0.36636636636636594,35506.84937839293
1367,pressure:vessel:OUTLET,0.3673673673673666,35512.239240928284
1368,pressure:vessel:OUTLET,0.36836836836836895,35517.39913864778
1369,pressure:vessel:OUTLET,0.3693693693693696,35522.329852896575
1370,pressure:vessel:OUTLET,0.37037037037037024,35527.03216789966
1371,pressure:vessel:OUTLET,0.3713713713713709,35531.50687030902
1372,pressure:vessel:OUTLET,0.37237237237237153,35535.75474876731
1373,pressure:vessel:OUTLET,0.3733733733733739,35539.77659348729
1374,pressure:vessel:OUTLET,0.37437437437437454,35543.57319584651
1375,pressure:vessel:OUTLET,0.3753753753753752,35547.14534799653
1376,pressure:vessel:OUTLET,0.37637637637637594,35550.493842486336
1377,pressure:vessel:OUTLET,0.37737737737737653,35553.61947189922
1378,pressure:vessel:OUTLET,0.37837837837837895,35556.52302850298
1379,pressure:vessel:OUTLET,0.3793793793793796,35559.20530391274
1380,pressure:vessel:OUTLET,0.38038038038038025,35561.667088766124
1381,pressure:vessel:OUTLET,0.3813813813813809,35563.90917241054
1382,pressure:vessel:OUTLET,0.38238238238238154,35565.93234260196
1383,pressure:vessel:OUTLET,0.383383383383384,35567.73738521519
1384,pressure:vessel:OUTLET,0.38438438438438466,35569.325083965145
1385,pressure:vessel:OUTLET,0.3853853853853853,35570.69622013887
1386,pressure:vessel:OUTLET,0.3863863863863859,35571.851572338244
1387,pressure:vessel:OUTLET,0.38738738738738654,35572.79191623282
1388,pressure:vessel:OUTLET,0.38838838838838896,35573.518024322846
1389,pressure:vessel:OUTLET,0.3893893893893896,35574.030665712206
1390,pressure:vessel:OUTLET,0.39039039039039025,35574.33060589087
1391,pressure:vessel:OUTLET,0.3913913913913909,35574.41860652707
1392,pressure:vessel:OUTLET,0.39239239239239154,35574.29542526856
1393,pressure:vessel:OUTLET,0.3933933933933939,35573.96181555328
1394,pressure:vessel:OUTLET,0.39439439439439467,35573.41852642877
1395,pressure:vessel:OUTLET,0.39539539539539525,35572.66630238066
1396,pressure:vessel:OUTLET,0.3963963963963959,35571.705883169656
1397,pressure:vessel:OUTLET,0.39739739739739655,35570.53800367734
1398,pressure:vessel:OUTLET,0.39839839839839897,35569.16339376017
1399,pressure:vessel:OUTLET,0.3993993993993996,35567.58277811201
1400,pressure:vessel:OUTLET,0.40040040040040026,35565.796876134715
1401,pressure:vessel:OUTLET,0.4014014014014009,35563.806401816895
1402,pressure:vessel:OUTLET,0.4024024024024015,35561.612063620625
1403,pressure:vessel:OUTLET,0.403403403403404,35559.21481594496
1404,pressure:vessel:OUTLET,0.4044044044044046,35556.62355849575
1405,pressure:vessel:OUTLET,0.40540540540540526,35553.85502171003
1406,pressure:vessel:OUTLET,0.4064064064064059,35550.92660464048
1407,pressure:vessel:OUTLET,0.40740740740740655,35547.854007301234
1408,pressure:vessel:OUTLET,0.408408408408409,35544.65157856125
1409,pressure:vessel:OUTLET,0.4094094094094096,35541.33243920678
1410,pressure:vessel:OUTLET,0.41041041041041026,35537.908573423745
1411,pressure:vessel:OUTLET,0.41141141141141085,35534.390928731234
1412,pressure:vessel:OUTLET,0.4124124124124115,35530.78950199403
1413,pressure:vessel:OUTLET,0.413413413413414,35527.11341979717
1414,pressure:vessel:OUTLET,0.4144144144144146,35523.37101168424
1415,pressure:vessel:OUTLET,0.41541541541541527,35519.569877358204
1416,pressure:vessel:OUTLET,0.4164164164164159,35515.71694822871
1417,pressure:vessel:OUTLET,0.41741741741741656,35511.81854380764
1418,pressure:vessel:OUTLET,0.418418418418419,35507.88042337748
1419,pressure:vessel:OUTLET,0.4194194194194196,35503.90783332997
1420,pressure:vessel:OUTLET,0.4204204204204202,35499.90555053684
1421,pressure:vessel:OUTLET,0.42142142142142097,35495.87792208509
1422,pressure:vessel:OUTLET,0.4224224224224216,35491.82890168116
1423,pressure:vessel:OUTLET,0.423423423423424,35487.76208300264
1424,pressure:vessel:OUTLET,0.42442442442442463,35483.680730253276
1425,pressure:vessel:OUTLET,0.4254254254254253,35479.58780615541
1426,pressure:vessel:OUTLET,0.4264264264264259,35475.4859975942
1427,pressure:vessel:OUTLET,0.42742742742742657,35471.377739110496
1428,pressure:vessel:OUTLET,0.428428428428429,35467.265234422244
1429,pressure:vessel:OUTLET,0.4294294294294296,35463.150476139686
1430,pressure:vessel:OUTLET,0.4304304304304302,35459.035263825455
1431,pressure:vessel:OUTLET,0.43143143143143087,35454.921220538236
1432,pressure:vessel:OUTLET,0.4324324324324316,35450.80980798691
1433,pressure:vessel:OUTLET,0.433433433433434,35446.70234041165
1434,pressure:vessel:OUTLET,0.43443443443443464,35442.59999729841
1435,pressure:vessel:OUTLET,0.4354354354354353,35438.503835024676
1436,pressure:vessel:OUTLET,0.4364364364364359,35434.4147975259
1437,pressure:vessel:OUTLET,0.43743743743743657,35430.333726064615
1438,pressure:vessel:OUTLET,0.43843843843843894,35426.26136817751
1439,pressure:vessel:OUTLET,0.4394394394394397,35422.19838586915
1440,pressure:vessel:OUTLET,0.44044044044044034,35418.145363115684
1441,pressure:vessel:OUTLET,0.441441441441441,35414.10281273598
1442,pressure:vessel:OUTLET,0.4424424424424416,35410.071182683765
1443,pressure:vessel:OUTLET,0.443443443443444,35406.05086180855
1444,pressure:vessel:OUTLET,0.44444444444444464,35402.04218513057
1445,pressure:vessel:OUTLET,0.4454454454454453,35398.04543866989
1446,pressure:vessel:OUTLET,0.44644644644644593,35394.06086386749
1447,pressure:vessel:OUTLET,0.4474474474474466,35390.0886616322
1448,pressure:vessel:OUTLET,0.44844844844844894,35386.128996045
1449,pressure:vessel:OUTLET,0.4494494494494497,35382.1819977495
1450,pressure:vessel:OUTLET,0.45045045045045035,35378.24776705469
1451,pressure:vessel:OUTLET,0.45145145145145094,35374.326376774225
1452,pressure:vessel:OUTLET,0.4524524524524516,35370.41787482445
1453,pressure:vessel:OUTLET,0.453453453453454,35366.52228660114
1454,pressure:vessel:OUTLET,0.45445445445445465,35362.63961715372
1455,pressure:vessel:OUTLET,0.4554554554554553,35358.76985317399
1456,pressure:vessel:OUTLET,0.45645645645645594,35354.91296481472
1457,pressure:vessel:OUTLET,0.4574574574574566,35351.0689073526
1458,pressure:vessel:OUTLET,0.45845845845845906,35347.23762270854
1459,pressure:vessel:OUTLET,0.4594594594594597,35343.41904083726
1460,pressure:vessel:OUTLET,0.4604604604604603,35339.6130809973
1461,pressure:vessel:OUTLET,0.46146146146146094,35335.81965291118
1462,pressure:vessel:OUTLET,0.4624624624624616,35332.03865782556
1463,pressure:vessel:OUTLET,0.463463463463464,35328.26998947885
1464,pressure:vessel:OUTLET,0.46446446446446465,35324.513534985264
1465,pressure:vessel:OUTLET,0.4654654654654653,35320.76917564115
1466,pressure:vessel:OUTLET,0.46646646646646595,35317.03678766103
1467,pressure:vessel:OUTLET,0.46746746746746654,35313.31624284888
1468,pressure:vessel:OUTLET,0.468468468468469,35309.60740921006
1469,pressure:vessel:OUTLET,0.46946946946946966,35305.91015150918
1470,pressure:vessel:OUTLET,0.4704704704704703,35302.22433177814
1471,pressure:vessel:OUTLET,0.47147147147147095,35298.54980977879
1472,pressure:vessel:OUTLET,0.4724724724724716,35294.88644342398
1473,pressure:vessel:OUTLET,0.473473473473474,35291.23408916039
1474,pressure:vessel:OUTLET,0.47447447447447466,35287.59260231664
1475,pressure:vessel:OUTLET,0.4754754754754753,35283.96183741929
1476,pressure:vessel:OUTLET,0.4764764764764759,35280.34164847977
1477,pressure:vessel:OUTLET,0.47747747747747665,35276.73188925451
1478,pressure:vessel:OUTLET,0.478478478478479,35273.132413480525
1479,pressure:vessel:OUTLET,0.47947947947947966,35269.54307508876
1480,pressure:vessel:OUTLET,0.4804804804804803,35265.96372839682
1481,pressure:vessel:OUTLET,0.48148148148148096,35262.394228283
1482,pressure:vessel:OUTLET,0.4824824824824816,35258.83443034327
1483,pressure:vessel:OUTLET,0.483483483483484,35255.284191032355
1484,pressure:vessel:OUTLET,0.48448448448448467,35251.7433677908
1485,pressure:vessel:OUTLET,0.48548548548548526,35248.21181915862
1486,pressure:vessel:OUTLET,0.4864864864864859,35244.68940487724
1487,pressure:vessel:OUTLET,0.48748748748748655,35241.17598598028
1488,pressure:vessel:OUTLET,0.488488488488489,35237.67142487448
1489,pressure:vessel:OUTLET,0.48948948948948967,35234.17558541145
1490,pressure:vessel:OUTLET,0.4904904904904903,35230.688332951024
1491,pressure:vessel:OUTLET,0.49149149149149096,35227.20953441708
1492,pressure:vessel:OUTLET,0.4924924924924916,35223.73905834638
1493,pressure:vessel:OUTLET,0.493493493493494,35220.27677493104
1494,pressure:vessel:OUTLET,0.4944944944944946,35216.822556055224
1495,pressure:vessel:OUTLET,0.4954954954954954,35213.3762753266
1496,pressure:vessel:OUTLET,0.496496496496496,35209.93780810296
1497,pressure:vessel:OUTLET,0.49749749749749667,35206.50703151441
1498,pressure:vessel:OUTLET,0.49849849849849903,35203.083824481684
1499,pressure:vessel:OUTLET,0.4994994994994997,35199.66806773071
1500,pressure:vessel:OUTLET,0.5005005005005003,35196.25964380393
1501,pressure:vessel:OUTLET,0.501501501501501,35192.85843706866
1502,pressure:vessel:OUTLET,0.5025025025025016,35189.464333722564
1503,pressure:vessel:OUTLET,0.503503503503504,35186.07722179688
1504,pressure:vessel:OUTLET,0.5045045045045047,35182.69699115721
1505,pressure:vessel:OUTLET,0.5055055055055053,35179.323533502306
1506,pressure:vessel:OUTLET,0.506506506506506,35175.95674236115
1507,pressure:vessel:OUTLET,0.5075075075075066,35172.59651308814
1508,pressure:vessel:OUTLET,0.508508508508509,35169.24274285697
1509,pressure:vessel:OUTLET,0.5095095095095097,35165.89533065304
1510,pressure:vessel:OUTLET,0.5105105105105103,35162.55417726469
1511,pressure:vessel:OUTLET,0.511511511511511,35159.21918527325
1512,pressure:vessel:OUTLET,0.5125125125125116,35155.890259042244
1513,pressure:vessel:OUTLET,0.513513513513514,35152.56730470555
1514,pressure:vessel:OUTLET,0.5145145145145147,35149.25023015488
1515,pressure:vessel:OUTLET,0.5155155155155153,35145.938945026515
1516,pressure:vessel:OUTLET,0.516516516516516,35142.63336068735
1517,pressure:vessel:OUTLET,0.5175175175175166,35139.33339022051
1518,pressure:vessel:OUTLET,0.518518518518519,35136.03894841034
1519,pressure:vessel:OUTLET,0.5195195195195197,35132.749951727055
1520,pressure:vessel:OUTLET,0.5205205205205203,35129.46631831095
1521,pressure:vessel:OUTLET,0.521521521521521,35126.187967956335
1522,pressure:vessel:OUTLET,0.5225225225225216,35122.91482209511
1523,pressure:vessel:OUTLET,0.523523523523524,35119.64680378019
1524,pressure:vessel:OUTLET,0.5245245245245247,35116.383837668625
1525,pressure:vessel:OUTLET,0.5255255255255253,35113.12585000463
1526,pressure:vessel:OUTLET,0.526526526526526,35109.87276860242
1527,pressure:vessel:OUTLET,0.5275275275275266,35106.624522828955
1528,pressure:vessel:OUTLET,0.528528528528529,35103.38104358659
1529,pressure:vessel:OUTLET,0.5295295295295297,35100.142263295624
1530,pressure:vessel:OUTLET,0.5305305305305303,35096.9081158769
1531,pressure:vessel:OUTLET,0.531531531531531,35093.67853673427
1532,pressure:vessel:OUTLET,0.5325325325325316,35090.4534627371
1533,pressure:vessel:OUTLET,0.533533533533534,35087.23283220284
1534,pressure:vessel:OUTLET,0.5345345345345347,35084.01658487944
1535,pressure:vessel:OUTLET,0.5355355355355353,35080.80466192805
1536,pressure:vessel:OUTLET,0.536536536536536,35077.597005905496
1537,pressure:vessel:OUTLET,0.5375375375375366,35074.393560747056
1538,pressure:vessel:OUTLET,0.5385385385385391,35071.19427174912
1539,pressure:vessel:OUTLET,0.5395395395395397,35067.99908555201
1540,pressure:vessel:OUTLET,0.5405405405405403,35064.807950122864
1541,pressure:vessel:OUTLET,0.541541541541541,35061.620814738584
1542,pressure:vessel:OUTLET,0.5425425425425416,35058.43762996893
1543,pressure:vessel:OUTLET,0.5435435435435441,35055.25834765963
1544,pressure:vessel:OUTLET,0.5445445445445447,35052.08292091562
1545,pressure:vessel:OUTLET,0.5455455455455454,35048.9113040845
1546,pressure:vessel:OUTLET,0.546546546546546,35045.743452739895
1547,pressure:vessel:OUTLET,0.5475475475475466,35042.579323665086
1548,pressure:vessel:OUTLET,0.5485485485485491,35039.41887483671
1549,pressure:vessel:OUTLET,0.5495495495495497,35036.26206540854
1550,pressure:vessel:OUTLET,0.5505505505505504,35033.10885569545
1551,pressure:vessel:OUTLET,0.551551551551551,35029.95920715742
1552,pressure:vessel:OUTLET,0.5525525525525516,35026.81308238376
1553,pressure:vessel:OUTLET,0.5535535535535541,35023.670445077325
1554,pressure:vessel:OUTLET,0.5545545545545547,35020.531260039024
1555,pressure:vessel:OUTLET,0.5555555555555554,35017.39549315229
1556,pressure:vessel:OUTLET,0.556556556556556,35014.263111367734
1557,pressure:vessel:OUTLET,0.5575575575575566,35011.13408268798
1558,pressure:vessel:OUTLET,0.5585585585585591,35008.008376152546
1559,pressure:vessel:OUTLET,0.5595595595595597,35004.8859626654
1560,pressure:vessel:OUTLET,0.5605605605605604,35001.76681724757
1561,pressure:vessel:OUTLET,0.561561561561561,34998.650920996435
1562,pressure:vessel:OUTLET,0.5625625625625617,34995.53826120306
1563,pressure:vessel:OUTLET,0.5635635635635641,34992.42883031206
1564,pressure:vessel:OUTLET,0.5645645645645647,34989.3226247974
1565,pressure:vessel:OUTLET,0.5655655655655654,34986.21964422923
1566,pressure:vessel:OUTLET,0.566566566566566,34983.119890495516
1567,pressure:vessel:OUTLET,0.5675675675675667,34980.02336715355
1568,pressure:vessel:OUTLET,0.5685685685685691,34976.93007889468
1569,pressure:vessel:OUTLET,0.5695695695695697,34973.84003110623
1570,pressure:vessel:OUTLET,0.5705705705705704,34970.753229516806
1571,pressure:vessel:OUTLET,0.571571571571571,34967.669679913124
1572,pressure:vessel:OUTLET,0.5725725725725717,34964.58938791783
1573,pressure:vessel:OUTLET,0.5735735735735741,34961.512358819455
1574,pressure:vessel:OUTLET,0.5745745745745747,34958.438597446424
1575,pressure:vessel:OUTLET,0.5755755755755754,34955.36810807841
1576,pressure:vessel:OUTLET,0.576576576576576,34952.30089438909
1577,pressure:vessel:OUTLET,0.5775775775775767,34949.23695941504
1578,pressure:vessel:OUTLET,0.5785785785785791,34946.17630554635
1579,pressure:vessel:OUTLET,0.5795795795795797,34943.11893453516
1580,pressure:vessel:OUTLET,0.5805805805805804,34940.06484751837
1581,pressure:vessel:OUTLET,0.581581581581581,34937.01404505215
1582,pressure:vessel:OUTLET,0.5825825825825817,34933.96652715516
1583,pressure:vessel:OUTLET,0.5835835835835841,34930.92229335853
1584,pressure:vessel:OUTLET,0.5845845845845847,34927.88134276081
1585,pressure:vessel:OUTLET,0.5855855855855854,34924.843674085736
1586,pressure:vessel:OUTLET,0.586586586586586,34921.80928574202
1587,pressure:vessel:OUTLET,0.5875875875875867,34918.77817588333
1588,pressure:vessel:OUTLET,0.5885885885885891,34915.750342467705
1589,pressure:vessel:OUTLET,0.5895895895895897,34912.725783315356
1590,pressure:vessel:OUTLET,0.5905905905905904,34909.704496164064
1591,pressure:vessel:OUTLET,0.591591591591591,34906.68647872132
1592,pressure:vessel:OUTLET,0.5925925925925917,34903.67172871295
1593,pressure:vessel:OUTLET,0.5935935935935941,34900.66024392712
1594,pressure:vessel:OUTLET,0.5945945945945947,34897.65202225398
1595,pressure:vessel:OUTLET,0.5955955955955954,34894.64706171983
1596,pressure:vessel:OUTLET,0.596596596596596,34891.64536051608
1597,pressure:vessel:OUTLET,0.5975975975975967,34888.6469170223
1598,pressure:vessel:OUTLET,0.5985985985985991,34885.65172982339
1599,pressure:vessel:OUTLET,0.5995995995995997,34882.65979772055
1600,pressure:vessel:OUTLET,0.6006006006006004,34879.67111966715
1601,pressure:vessel:OUTLET,0.601601601601601,34876.68569334324
1602,pressure:vessel:OUTLET,0.6026026026026017,34873.70351325978
1603,pressure:vessel:OUTLET,0.6036036036036041,34870.72457014868
1604,pressure:vessel:OUTLET,0.6046046046046047,34867.74885126429
1605,pressure:vessel:OUTLET,0.6056056056056054,34864.77634078201
1606,pressure:vessel:OUTLET,0.606606606606606,34861.80702014552
1607,pressure:vessel:OUTLET,0.6076076076076067,34858.840868383435
1608,pressure:vessel:OUTLET,0.6086086086086091,34855.87786239754
1609,pressure:vessel:OUTLET,0.6096096096096097,34852.917977224184
1610,pressure:vessel:OUTLET,0.6106106106106104,34849.961186271874
1611,pressure:vessel:OUTLET,0.611611611611611,34847.00746153653
1612,pressure:vessel:OUTLET,0.6126126126126117,34844.05677379685
1613,pressure:vessel:OUTLET,0.6136136136136141,34841.10909279122
1614,pressure:vessel:OUTLET,0.6146146146146148,34838.164387377714
1615,pressure:vessel:OUTLET,0.6156156156156154,34835.222625679045
1616,pressure:vessel:OUTLET,0.616616616616616,34832.2837752133
1617,pressure:vessel:OUTLET,0.6176176176176167,34829.34780301205
1618,pressure:vessel:OUTLET,0.6186186186186191,34826.41467572684
1619,pressure:vessel:OUTLET,0.6196196196196198,34823.484359725044
1620,pressure:vessel:OUTLET,0.6206206206206204,34820.55682117605
1621,pressure:vessel:OUTLET,0.621621621621621,34817.63202612868
1622,pressure:vessel:OUTLET,0.6226226226226217,34814.70994058062
1623,pressure:vessel:OUTLET,0.6236236236236241,34811.79053054046
1624,pressure:vessel:OUTLET,0.6246246246246248,34808.87376208312
1625,pressure:vessel:OUTLET,0.6256256256256254,34805.95960139938
1626,pressure:vessel:OUTLET,0.626626626626626,34803.04801483959
1627,pressure:vessel:OUTLET,0.6276276276276267,34800.13896895277
1628,pressure:vessel:OUTLET,0.6286286286286291,34797.23243052089
1629,pressure:vessel:OUTLET,0.6296296296296298,34794.328366589114
1630,pressure:vessel:OUTLET,0.6306306306306304,34791.42674449234
1631,pressure:vessel:OUTLET,0.631631631631631,34788.527531878346
1632,pressure:vessel:OUTLET,0.6326326326326317,34785.63069672776
1633,pressure:vessel:OUTLET,0.6336336336336341,34782.73620737143
1634,pressure:vessel:OUTLET,0.6346346346346348,34779.8440325051
1635,pressure:vessel:OUTLET,0.6356356356356354,34776.95414120188
1636,pressure:vessel:OUTLET,0.636636636636636,34774.066502922746
1637,pressure:vessel:OUTLET,0.6376376376376367,34771.181087525
1638,pressure:vessel:OUTLET,0.6386386386386391,34768.29786526923
1639,pressure:vessel:OUTLET,0.6396396396396398,34765.41680682467
1640,pressure:vessel:OUTLET,0.6406406406406404,34762.53788327328
1641,pressure:vessel:OUTLET,0.6416416416416411,34759.6610661125
1642,pressure:vessel:OUTLET,0.6426426426426417,34756.78632725705
1643,pressure:vessel:OUTLET,0.6436436436436441,34753.91363903964
1644,pressure:vessel:OUTLET,0.6446446446446448,34751.04297421094
1645,pressure:vessel:OUTLET,0.6456456456456454,34748.174305938635
1646,pressure:vessel:OUTLET,0.6466466466466461,34745.307607805895
1647,pressure:vessel:OUTLET,0.6476476476476467,34742.4428538092
1648,pressure:vessel:OUTLET,0.6486486486486491,34739.58001835563
1649,pressure:vessel:OUTLET,0.6496496496496498,34736.719076259695
1650,pressure:vessel:OUTLET,0.6506506506506504,34733.86000273972
1651,pressure:vessel:OUTLET,0.6516516516516511,34731.0027734139
1652,pressure:vessel:OUTLET,0.6526526526526517,34728.14736429606
1653,pressure:vessel:OUTLET,0.6536536536536541,34725.293751791076
1654,pressure:vessel:OUTLET,0.6546546546546548,34722.441912690134
1655,pressure:vessel:OUTLET,0.6556556556556554,34719.59182416575
1656,pressure:vessel:OUTLET,0.6566566566566561,34716.74346376667
1657,pressure:vessel:OUTLET,0.6576576576576567,34713.89680941259
1658,pressure:vessel:OUTLET,0.6586586586586591,34711.0518393888
1659,pressure:vessel:OUTLET,0.6596596596596598,34708.208532340745
1660,pressure:vessel:OUTLET,0.6606606606606604,34705.36686726847
1661,pressure:vessel:OUTLET,0.6616616616616611,34702.52682352112
1662,pressure:vessel:OUTLET,0.6626626626626617,34699.688380791325
1663,pressure:vessel:OUTLET,0.6636636636636641,34696.85151910955
1664,pressure:vessel:OUTLET,0.6646646646646648,34694.0162188386
1665,pressure:vessel:OUTLET,0.6656656656656654,34691.182460667944
1666,pressure:vessel:OUTLET,0.6666666666666661,34688.350225608185
1667,pressure:vessel:OUTLET,0.6676676676676667,34685.519494985514
1668,pressure:vessel:OUTLET,0.6686686686686691,34682.69025043624
1669,pressure:vessel:OUTLET,0.6696696696696698,34679.8624739013
1670,pressure:vessel:OUTLET,0.6706706706706704,34677.036147620944
1671,pressure:vessel:OUTLET,0.6716716716716711,34674.21125412929
1672,pressure:vessel:OUTLET,0.6726726726726717,34671.38777624913
1673,pressure:vessel:OUTLET,0.6736736736736741,34668.565697086735
1674,pressure:vessel:OUTLET,0.6746746746746748,34665.74500002667
1675,pressure:vessel:OUTLET,0.6756756756756754,34662.925668726755
1676,pressure:vessel:OUTLET,0.6766766766766761,34660.107687113115
1677,pressure:vessel:OUTLET,0.6776776776776767,34657.291039375224
1678,pressure:vessel:OUTLET,0.6786786786786791,34654.47570996111
1679,pressure:vessel:OUTLET,0.6796796796796798,34651.6616835726
1680,pressure:vessel:OUTLET,0.6806806806806804,34648.848945160666
1681,pressure:vessel:OUTLET,0.6816816816816811,34646.03747992083
1682,pressure:vessel:OUTLET,0.6826826826826817,34643.22727328868
1683,pressure:vessel:OUTLET,0.6836836836836842,34640.41831093543
1684,pressure:vessel:OUTLET,0.6846846846846848,34637.6105787636
1685,pressure:vessel:OUTLET,0.6856856856856854,34634.804062902775
1686,pressure:vessel:OUTLET,0.6866866866866861,34631.9987497054
1687,pressure:vessel:OUTLET,0.6876876876876867,34629.19462574275
1688,pressure:vessel:OUTLET,0.6886886886886892,34626.39167780081
1689,pressure:vessel:OUTLET,0.6896896896896898,34623.58989287647
1690,pressure:vessel:OUTLET,0.6906906906906904,34620.78925817358
1691,pressure:vessel:OUTLET,0.6916916916916911,34617.98976109923
1692,pressure:vessel:OUTLET,0.6926926926926917,34615.19138926
1693,pressure:vessel:OUTLET,0.6936936936936942,34612.39413045836
1694,pressure:vessel:OUTLET,0.6946946946946948,34609.59797268915
1695,pressure:vessel:OUTLET,0.6956956956956954,34606.802904136035
1696,pressure:vessel:OUTLET,0.6966966966966961,34604.00891316817
1697,pressure:vessel:OUTLET,0.6976976976976967,34601.21598833677
1698,pressure:vessel:OUTLET,0.6986986986986992,34598.42411837195
1699,pressure:vessel:OUTLET,0.6996996996996998,34595.633292179446
1700,pressure:vessel:OUTLET,0.7007007007007005,34592.84349883752
1701,pressure:vessel:OUTLET,0.7017017017017011,34590.05472759384
1702,pressure:vessel:OUTLET,0.7027027027027017,34587.26696786255
1703,pressure:vessel:OUTLET,0.7037037037037042,34584.480209221256
1704,pressure:vessel:OUTLET,0.7047047047047048,34581.69444140819
1705,pressure:vessel:OUTLET,0.7057057057057055,34578.90965431935
1706,pressure:vessel:OUTLET,0.7067067067067061,34576.12583800577
1707,pressure:vessel:OUTLET,0.7077077077077067,34573.34298267077
1708,pressure:vessel:OUTLET,0.7087087087087092,34570.56107866737
1709,pressure:vessel:OUTLET,0.7097097097097098,34567.780116495574
1710,pressure:vessel:OUTLET,0.7107107107107105,34565.0000868
1711,pressure:vessel:OUTLET,0.7117117117117111,34562.22098036718
1712,pressure:vessel:OUTLET,0.7127127127127117,34559.44278812333
1713,pressure:vessel:OUTLET,0.7137137137137142,34556.66550113178
1714,pressure:vessel:OUTLET,0.7147147147147148,34553.889110590746
1715,pressure:vessel:OUTLET,0.7157157157157155,34551.113607830965
1716,pressure:vessel:OUTLET,0.7167167167167161,34548.338984313516
1717,pressure:vessel:OUTLET,0.7177177177177168,34545.56523162753
1718,pressure:vessel:OUTLET,0.7187187187187192,34542.7923414881
1719,pressure:vessel:OUTLET,0.7197197197197198,34540.02030573414
1720,pressure:vessel:OUTLET,0.7207207207207205,34537.24911632632
1721,pressure:vessel:OUTLET,0.7217217217217211,34534.478765345
1722,pressure:vessel:OUTLET,0.7227227227227218,34531.70924498827
1723,pressure:vessel:OUTLET,0.7237237237237242,34528.94054757001
1724,pressure:vessel:OUTLET,0.7247247247247248,34526.17266551794
1725,pressure:vessel:OUTLET,0.7257257257257255,34523.40559137173
1726,pressure:vessel:OUTLET,0.7267267267267261,34520.63931778125
1727,pressure:vessel:OUTLET,0.7277277277277268,34517.87383750463
1728,pressure:vessel:OUTLET,0.7287287287287291,34515.109143406626
1729,pressure:vessel:OUTLET,0.7297297297297297,34512.345228456776
1730,pressure:vessel:OUTLET,0.7307307307307304,34509.58208573072
1731,pressure:vessel:OUTLET,0.7317317317317312,34506.81970841389
1732,pressure:vessel:OUTLET,0.7327327327327319,34504.058089802624
1733,pressure:vessel:OUTLET,0.7337337337337343,34501.29722330211
1734,pressure:vessel:OUTLET,0.7347347347347348,34498.53710242337
1735,pressure:vessel:OUTLET,0.7357357357357355,34495.77772078048
1736,pressure:vessel:OUTLET,0.7367367367367361,34493.01907208797
1737,pressure:vessel:OUTLET,0.7377377377377385,34490.26115015824
1738,pressure:vessel:OUTLET,0.7387387387387392,34487.503948899335
1739,pressure:vessel:OUTLET,0.7397397397397398,34484.747462312516
1740,pressure:vessel:OUTLET,0.7407407407407405,34481.99168449028
1741,pressure:vessel:OUTLET,0.7417417417417411,34479.23660961422
1742,pressure:vessel:OUTLET,0.7427427427427435,34476.48223195315
1743,pressure:vessel:OUTLET,0.7437437437437442,34473.728545861166
1744,pressure:vessel:OUTLET,0.7447447447447448,34470.97554577596
1745,pressure:vessel:OUTLET,0.7457457457457455,34468.22322621704
1746,pressure:vessel:OUTLET,0.7467467467467461,34465.47158178414
1747,pressure:vessel:OUTLET,0.7477477477477484,34462.72060715568
1748,pressure:vessel:OUTLET,0.7487487487487491,34459.97029708718
1749,pressure:vessel:OUTLET,0.7497497497497497,34457.2206464099
1750,pressure:vessel:OUTLET,0.7507507507507504,34454.47165002934
1751,pressure:vessel:OUTLET,0.7517517517517512,34451.72330292405
1752,pressure:vessel:OUTLET,0.7527527527527536,34448.97560014413
1753,pressure:vessel:OUTLET,0.7537537537537542,34446.22853681015
1754,pressure:vessel:OUTLET,0.7547547547547548,34443.4821081118
1755,pressure:vessel:OUTLET,0.7557557557557555,34440.73630930682
1756,pressure:vessel:OUTLET,0.7567567567567561,34437.991135719756
1757,pressure:vessel:OUTLET,0.7577577577577586,34435.24658274093
1758,pressure:vessel:OUTLET,0.7587587587587592,34432.50264582533
1759,pressure:vessel:OUTLET,0.7597597597597598,34429.7593204915
1760,pressure:vessel:OUTLET,0.7607607607607605,34427.016602320655
1761,pressure:vessel:OUTLET,0.7617617617617611,34424.27448695555
1762,pressure:vessel:OUTLET,0.7627627627627636,34421.53297009959
1763,pressure:vessel:OUTLET,0.7637637637637642,34418.792047515875
1764,pressure:vessel:OUTLET,0.7647647647647648,34416.051715026224
1765,pressure:vessel:OUTLET,0.7657657657657655,34413.31196851035
1766,pressure:vessel:OUTLET,0.766766766766766,34410.57280390494
1767,pressure:vessel:OUTLET,0.7677677677677687,34407.83421720276
1768,pressure:vessel:OUTLET,0.7687687687687693,34405.09620445189
1769,pressure:vessel:OUTLET,0.76976976976977,34402.358761754826
1770,pressure:vessel:OUTLET,0.7707707707707706,34399.62188526771
1771,pressure:vessel:OUTLET,0.7717717717717713,34396.88557119954
1772,pressure:vessel:OUTLET,0.7727727727727736,34394.149815811375
1773,pressure:vessel:OUTLET,0.7737737737737742,34391.414615415575
1774,pressure:vessel:OUTLET,0.7747747747747749,34388.679966375064
1775,pressure:vessel:OUTLET,0.7757757757757755,34385.94586510261
1776,pressure:vessel:OUTLET,0.7767767767767761,34383.212308060065
1777,pressure:vessel:OUTLET,0.7777777777777786,34380.4792917577
1778,pressure:vessel:OUTLET,0.7787787787787792,34377.74681275349
1779,pressure:vessel:OUTLET,0.7797797797797799,34375.01486765244
1780,pressure:vessel:OUTLET,0.7807807807807805,34372.28345310589
1781,pressure:vessel:OUTLET,0.7817817817817811,34369.55256581091
1782,pressure:vessel:OUTLET,0.7827827827827836,34366.822202509604
1783,pressure:vessel:OUTLET,0.7837837837837841,34364.092359988485
1784,pressure:vessel:OUTLET,0.7847847847847848,34361.363035077855
1785,pressure:vessel:OUTLET,0.7857857857857854,34358.63422465118
1786,pressure:vessel:OUTLET,0.786786786786786,34355.90592562451
1787,pressure:vessel:OUTLET,0.7877877877877887,34353.17813495582
1788,pressure:vessel:OUTLET,0.7887887887887893,34350.45084964452
1789,pressure:vessel:OUTLET,0.78978978978979,34347.72406673076
1790,pressure:vessel:OUTLET,0.7907907907907905,34344.997783294966
1791,pressure:vessel:OUTLET,0.7917917917917912,34342.2719964572
1792,pressure:vessel:OUTLET,0.7927927927927936,34339.54670337667
1793,pressure:vessel:OUTLET,0.7937937937937942,34336.82190125113
1794,pressure:vessel:OUTLET,0.7947947947947949,34334.09758731637
1795,pressure:vessel:OUTLET,0.7957957957957955,34331.37375884574
1796,pressure:vessel:OUTLET,0.7967967967967962,34328.65041314948
1797,pressure:vessel:OUTLET,0.7977977977977986,34325.92754757442
1798,pressure:vessel:OUTLET,0.7987987987987992,34323.205159503275
1799,pressure:vessel:OUTLET,0.7997997997997999,34320.48324635427
1800,pressure:vessel:OUTLET,0.8008008008008005,34317.761805580616
1801,pressure:vessel:OUTLET,0.8018018018018012,34315.04083467
1802,pressure:vessel:OUTLET,0.8028028028028035,34312.32033114416
1803,pressure:vessel:OUTLET,0.8038038038038041,34309.600292558374
1804,pressure:vessel:OUTLET,0.8048048048048048,34306.880716501
1805,pressure:vessel:OUTLET,0.8058058058058054,34304.16160059307
1806,pressure:vessel:OUTLET,0.806806806806806,34301.442942487745
1807,pressure:vessel:OUTLET,0.8078078078078086,34298.724739869984
1808,pressure:vessel:OUTLET,0.8088088088088092,34296.00699045603
1809,pressure:vessel:OUTLET,0.8098098098098099,34293.28969199298
1810,pressure:vessel:OUTLET,0.8108108108108105,34290.57284225841
1811,pressure:vessel:OUTLET,0.8118118118118112,34287.856439059906
1812,pressure:vessel:OUTLET,0.8128128128128136,34285.1404802347
1813,pressure:vessel:OUTLET,0.8138138138138142,34282.42496364922
1814,pressure:vessel:OUTLET,0.8148148148148149,34279.709887198675
1815,pressure:vessel:OUTLET,0.8158158158158155,34276.99524880676
1816,pressure:vessel:OUTLET,0.8168168168168162,34274.28104642511
1817,pressure:vessel:OUTLET,0.8178178178178186,34271.56727803306
1818,pressure:vessel:OUTLET,0.8188188188188192,34268.85394163718
1819,pressure:vessel:OUTLET,0.8198198198198199,34266.141035270935
1820,pressure:vessel:OUTLET,0.8208208208208205,34263.428556994295
1821,pressure:vessel:OUTLET,0.8218218218218212,34260.7165048934
1822,pressure:vessel:OUTLET,0.8228228228228237,34258.00487708015
1823,pressure:vessel:OUTLET,0.8238238238238244,34255.29367169195
1824,pressure:vessel:OUTLET,0.824824824824825,34252.58288689123
1825,pressure:vessel:OUTLET,0.8258258258258256,34249.87252086518
1826,pressure:vessel:OUTLET,0.8268268268268263,34247.16257182545
1827,pressure:vessel:OUTLET,0.8278278278278286,34244.45303800768
1828,pressure:vessel:OUTLET,0.8288288288288292,34241.74391767134
1829,pressure:vessel:OUTLET,0.8298298298298299,34239.03520909924
1830,pressure:vessel:OUTLET,0.8308308308308305,34236.326910597345
1831,pressure:vessel:OUTLET,0.8318318318318312,34233.619020494356
1832,pressure:vessel:OUTLET,0.8328328328328336,34230.91153714149
1833,pressure:vessel:OUTLET,0.8338338338338342,34228.20445891207
1834,pressure:vessel:OUTLET,0.8348348348348349,34225.497784201325
1835,pressure:vessel:OUTLET,0.8358358358358355,34222.791511426
1836,pressure:vessel:OUTLET,0.8368368368368362,34220.085639024124
1837,pressure:vessel:OUTLET,0.8378378378378386,34217.380165454706
1838,pressure:vessel:OUTLET,0.8388388388388393,34214.67508919739
1839,pressure:vessel:OUTLET,0.8398398398398398,34211.97040875229
1840,pressure:vessel:OUTLET,0.8408408408408404,34209.26612263958
1841,pressure:vessel:OUTLET,0.8418418418418411,34206.56222939931
1842,pressure:vessel:OUTLET,0.8428428428428437,34203.858727591076
1843,pressure:vessel:OUTLET,0.8438438438438444,34201.15561579382
1844,pressure:vessel:OUTLET,0.844844844844845,34198.45289260548
1845,pressure:vessel:OUTLET,0.8458458458458455,34195.7505566428
1846,pressure:vessel:OUTLET,0.8468468468468462,34193.048606541044
1847,pressure:vessel:OUTLET,0.8478478478478486,34190.347040953726
1848,pressure:vessel:OUTLET,0.8488488488488493,34187.645858552394
1849,pressure:vessel:OUTLET,0.8498498498498499,34184.945058026366
1850,pressure:vessel:OUTLET,0.8508508508508505,34182.24463808249
1851,pressure:vessel:OUTLET,0.8518518518518512,34179.54459744489
1852,pressure:vessel:OUTLET,0.8528528528528536,34176.844934854744
1853,pressure:vessel:OUTLET,0.8538538538538543,34174.14564907006
1854,pressure:vessel:OUTLET,0.8548548548548549,34171.446738865416
1855,pressure:vessel:OUTLET,0.8558558558558556,34168.748203031755
1856,pressure:vessel:OUTLET,0.8568568568568562,34166.05004037617
1857,pressure:vessel:OUTLET,0.8578578578578585,34163.352249721655
1858,pressure:vessel:OUTLET,0.8588588588588592,34160.654829906896
1859,pressure:vessel:OUTLET,0.8598598598598598,34157.957779786084
1860,pressure:vessel:OUTLET,0.8608608608608604,34155.26109822864
1861,pressure:vessel:OUTLET,0.8618618618618611,34152.564784119095
1862,pressure:vessel:OUTLET,0.8628628628628637,34149.86883635679
1863,pressure:vessel:OUTLET,0.8638638638638643,34147.17325385575
1864,pressure:vessel:OUTLET,0.8648648648648649,34144.47803554444
1865,pressure:vessel:OUTLET,0.8658658658658656,34141.783180365564
1866,pressure:vessel:OUTLET,0.8668668668668662,34139.0886872759
1867,pressure:vessel:OUTLET,0.8678678678678686,34136.39455524609
1868,pressure:vessel:OUTLET,0.8688688688688693,34133.70078326044
1869,pressure:vessel:OUTLET,0.8698698698698699,34131.00737031676
1870,pressure:vessel:OUTLET,0.8708708708708706,34128.31431542614
1871,pressure:vessel:OUTLET,0.8718718718718712,34125.62161761282
1872,pressure:vessel:OUTLET,0.8728728728728736,34122.929275913964
1873,pressure:vessel:OUTLET,0.8738738738738743,34120.23728937949
1874,pressure:vessel:OUTLET,0.8748748748748749,34117.54565707194
1875,pressure:vessel:OUTLET,0.8758758758758756,34114.85437806623
1876,pressure:vessel:OUTLET,0.8768768768768762,34112.16345144955
1877,pressure:vessel:OUTLET,0.8778778778778785,34109.472876321175
1878,pressure:vessel:OUTLET,0.8788788788788794,34106.782651792266
1879,pressure:vessel:OUTLET,0.87987987987988,34104.092776985766
1880,pressure:vessel:OUTLET,0.8808808808808807,34101.40325103618
1881,pressure:vessel:OUTLET,0.8818818818818813,34098.71407308947
1882,pressure:vessel:OUTLET,0.8828828828828836,34096.02524230284
1883,pressure:vessel:OUTLET,0.8838838838838843,34093.336757844656
1884,pressure:vessel:OUTLET,0.8848848848848849,34090.64861889423
1885,pressure:vessel:OUTLET,0.8858858858858856,34087.960824641676
1886,pressure:vessel:OUTLET,0.8868868868868862,34085.273374287804
1887,pressure:vessel:OUTLET,0.8878878878878886,34082.58626704394
1888,pressure:vessel:OUTLET,0.8888888888888893,34079.89950213179
1889,pressure:vessel:OUTLET,0.8898898898898899,34077.21307878328
1890,pressure:vessel:OUTLET,0.8908908908908906,34074.526996240456
1891,pressure:vessel:OUTLET,0.8918918918918912,34071.84125375532
1892,pressure:vessel:OUTLET,0.8928928928928936,34069.1558505897
1893,pressure:vessel:OUTLET,0.8938938938938943,34066.470786015074
1894,pressure:vessel:OUTLET,0.8948948948948949,34063.786059312544
1895,pressure:vessel:OUTLET,0.8958958958958955,34061.101669772564
1896,pressure:vessel:OUTLET,0.8968968968968961,34058.417616694955
1897,pressure:vessel:OUTLET,0.8978978978978985,34055.73389938863
1898,pressure:vessel:OUTLET,0.8988988988988994,34053.050517171614
1899,pressure:vessel:OUTLET,0.8998998998999,34050.36746937081
1900,pressure:vessel:OUTLET,0.9009009009009005,34047.68475532194
1901,pressure:vessel:OUTLET,0.9019019019019012,34045.00237436937
1902,pressure:vessel:OUTLET,0.9029029029029036,34042.32032586608
1903,pressure:vessel:OUTLET,0.9039039039039043,34039.63860917343
1904,pressure:vessel:OUTLET,0.9049049049049048,34036.95722366114
1905,pressure:vessel:OUTLET,0.9059059059059056,34034.27616870714
1906,pressure:vessel:OUTLET,0.9069069069069062,34031.59544369744
1907,pressure:vessel:OUTLET,0.9079079079079087,34028.915048026065
1908,pressure:vessel:OUTLET,0.9089089089089091,34026.234981094894
1909,pressure:vessel:OUTLET,0.90990990990991,34023.55524231359
1910,pressure:vessel:OUTLET,0.9109109109109106,34020.875831099474
1911,pressure:vessel:OUTLET,0.9119119119119112,34018.196746877424
1912,pressure:vessel:OUTLET,0.9129129129129137,34015.51798907979
1913,pressure:vessel:OUTLET,0.9139139139139144,34012.83955714625
1914,pressure:vessel:OUTLET,0.9149149149149148,34010.16145052377
1915,pressure:vessel:OUTLET,0.9159159159159157,34007.48366866642
1916,pressure:vessel:OUTLET,0.9169169169169161,34004.80621103538
1917,pressure:vessel:OUTLET,0.9179179179179188,34002.129077098754
1918,pressure:vessel:OUTLET,0.9189189189189192,33999.45226633152
1919,pressure:vessel:OUTLET,0.91991991991992,33996.77577821544
1920,pressure:vessel:OUTLET,0.9209209209209205,33994.09961223891
1921,pressure:vessel:OUTLET,0.9219219219219212,33991.42376789697
1922,pressure:vessel:OUTLET,0.9229229229229237,33988.74824469112
1923,pressure:vessel:OUTLET,0.9239239239239245,33986.07304212928
1924,pressure:vessel:OUTLET,0.9249249249249248,33983.39815972568
1925,pressure:vessel:OUTLET,0.9259259259259256,33980.72359700077
1926,pressure:vessel:OUTLET,0.9269269269269262,33978.04935348119
1927,pressure:vessel:OUTLET,0.9279279279279287,33975.3754286996
1928,pressure:vessel:OUTLET,0.9289289289289293,33972.701822194664
1929,pressure:vessel:OUTLET,0.9299299299299301,33970.02853351093
1930,pressure:vessel:OUTLET,0.9309309309309306,33967.35556219878
1931,pressure:vessel:OUTLET,0.9319319319319312,33964.682907814335
1932,pressure:vessel:OUTLET,0.9329329329329336,33962.010569919345
1933,pressure:vessel:OUTLET,0.9339339339339344,33959.33854808118
1934,pressure:vessel:OUTLET,0.9349349349349348,33956.666841872684
1935,pressure:vessel:OUTLET,0.9359359359359357,33953.99545087216
1936,pressure:vessel:OUTLET,0.9369369369369364,33951.32437466324
1937,pressure:vessel:OUTLET,0.9379379379379387,33948.65361283487
1938,pressure:vessel:OUTLET,0.9389389389389392,33945.98316498117
1939,pressure:vessel:OUTLET,0.93993993993994,33943.313030701414
1940,pressure:vessel:OUTLET,0.9409409409409406,33940.64320959996
1941,pressure:vessel:OUTLET,0.9419419419419413,33937.973701286166
1942,pressure:vessel:OUTLET,0.9429429429429437,33935.304505374275
1943,pressure:vessel:OUTLET,0.9439439439439444,33932.635621483445
1944,pressure:vessel:OUTLET,0.9449449449449449,33929.96704923761
1945,pressure:vessel:OUTLET,0.9459459459459456,33927.29878826544
1946,pressure:vessel:OUTLET,0.9469469469469463,33924.63083820026
1947,pressure:vessel:OUTLET,0.9479479479479487,33921.96319868002
1948,pressure:vessel:OUTLET,0.9489489489489493,33919.295869347174
1949,pressure:vessel:OUTLET,0.9499499499499501,33916.628849848705
1950,pressure:vessel:OUTLET,0.9509509509509506,33913.96213983595
1951,pressure:vessel:OUTLET,0.9519519519519511,33911.295738964654
1952,pressure:vessel:OUTLET,0.9529529529529536,33908.62964689484
1953,pressure:vessel:OUTLET,0.9539539539539544,33905.96386329075
1954,pressure:vessel:OUTLET,0.9549549549549549,33903.29838782084
1955,pressure:vessel:OUTLET,0.9559559559559557,33900.63322015766
1956,pressure:vessel:OUTLET,0.9569569569569564,33897.96835997782
1957,pressure:vessel:OUTLET,0.9579579579579587,33895.303806961994
1958,pressure:vessel:OUTLET,0.9589589589589592,33892.63956079474
1959,pressure:vessel:OUTLET,0.95995995995996,33889.975621164565
1960,pressure:vessel:OUTLET,0.9609609609609606,33887.31198776381
1961,pressure:vessel:OUTLET,0.9619619619619613,33884.6486602886
1962,pressure:vessel:OUTLET,0.9629629629629637,33881.98563843882
1963,pressure:vessel:OUTLET,0.9639639639639644,33879.322921918036
1964,pressure:vessel:OUTLET,0.9649649649649648,33876.66051043347
1965,pressure:vessel:OUTLET,0.9659659659659656,33873.99840369591
1966,pressure:vessel:OUTLET,0.9669669669669663,33871.3366014197
1967,pressure:vessel:OUTLET,0.9679679679679687,33868.6751033227
1968,pressure:vessel:OUTLET,0.9689689689689693,33866.01390912617
1969,pressure:vessel:OUTLET,0.9699699699699701,33863.35301855482
1970,pressure:vessel:OUTLET,0.9709709709709705,33860.69243133666
1971,pressure:vessel:OUTLET,0.9719719719719712,33858.03214720307
1972,pressure:vessel:OUTLET,0.9729729729729738,33855.372165888606
1973,pressure:vessel:OUTLET,0.9739739739739744,33852.71248713113
1974,pressure:vessel:OUTLET,0.9749749749749749,33850.053110671615
1975,pressure:vessel:OUTLET,0.9759759759759756,33847.3940362542
1976,pressure:vessel:OUTLET,0.9769769769769763,33844.73526362608
1977,pressure:vessel:OUTLET,0.9779779779779789,33842.07679253751
1978,pressure:vessel:OUTLET,0.9789789789789792,33839.41862274177
1979,pressure:vessel:OUTLET,0.9799799799799802,33836.76075399505
1980,pressure:vessel:OUTLET,0.9809809809809806,33834.103186056505
1981,pressure:vessel:OUTLET,0.9819819819819813,33831.44591868815
1982,pressure:vessel:OUTLET,0.9829829829829837,33828.78895165486
1983,pressure:vessel:OUTLET,0.9839839839839845,33826.13228472428
1984,pressure:vessel:OUTLET,0.984984984984985,33823.475917666845
1985,pressure:vessel:OUTLET,0.9859859859859856,33820.81985025573
1986,pressure:vessel:OUTLET,0.9869869869869863,33818.16408226676
1987,pressure:vessel:OUTLET,0.9879879879879888,33815.50861347844
1988,pressure:vessel:OUTLET,0.9889889889889892,33812.85344367189
1989,pressure:vessel:OUTLET,0.9899899899899901,33810.198572630805
1990,pressure:vessel:OUTLET,0.9909909909909907,33807.54400014142
1991,pressure:vessel:OUTLET,0.9919919919919914,33804.88972599247
1992,pressure:vessel:OUTLET,0.9929929929929936,33802.23574997522
1993,pressure:vessel:OUTLET,0.9939939939939944,33799.58207188329
1994,pressure:vessel:OUTLET,0.994994994994995,33796.92869151281
1995,pressure:vessel:OUTLET,0.9959959959959956,33794.2756086622
1996,pressure:vessel:OUTLET,0.9969969969969963,33791.62282313226
1997,pressure:vessel:OUTLET,0.9979979979979989,33788.97033472612
1998,pressure:vessel:OUTLET,0.9989989989989992,33786.31814324913
1999,pressure:vessel:OUTLET,1.0,33783.66624850896
2000,flow:INLET:valve0,0.0,-0.010285121047047298
2001,flow:INLET:valve0,0.0010010010010006454,-0.010322692168586537
2002,flow:INLET:valve0,0.0020020020020012907,-0.01036025909896195
2003,flow:INLET:valve0,0.0030030030030037125,-0.010397821838629305
2004,flow:INLET:valve0,0.004004004004004358,-0.010435380388049616
2005,flow:INLET:valve0,0.005005005005005003,-0.010472934747679175
2006,flow:INLET:valve0,0.006006006006005649,-0.010510484917977894
2007,flow:INLET:valve0,0.007007007007006294,-0.010548030899403217
2008,flow:INLET:valve0,0.008008008008008716,-0.010585572692414192
2009,flow:INLET:valve0,0.00900900900900936,-0.010623110297467025
2010,flow:INLET:valve0,0.010010010010010006,-0.010660643715021187
2011,flow:INLET:valve0,0.011011011011010652,-0.010698172945534117
2012,flow:INLET:valve0,0.012012012012011295,-0.010735697989462669
2013,flow:INLET:valve0,0.01301301301301372,-0.010773218847264955
2014,flow:INLET:valve0,0.014014014014014364,-0.010810735519398526
2015,flow:INLET:valve0,0.01501501501501501,-0.010848248006320164
2016,flow:INLET:valve0,0.016016016016015655,-0.010885756308487118
2017,flow:INLET:valve0,0.0170170170170163,-0.010923260426357127
2018,flow:INLET:valve0,0.01801801801801872,-0.01096076036038637
2019,flow:INLET:valve0,0.019019019019019368,-0.010998256111032332
2020,flow:INLET:valve0,0.020020020020020013,-0.011035747678751798
2021,flow:INLET:valve0,0.021021021021020655,-0.011073235064000228
2022,flow:INLET:valve0,0.022022022022021304,-0.011110718267235668
2023,flow:INLET:valve0,0.023023023023023725,-0.011148197288913208
2024,flow:INLET:valve0,0.02402402402402437,-0.01118567212949012
2025,flow:INLET:valve0,0.025025025025025016,-0.011223142789422595
2026,flow:INLET:valve0,0.026026026026025665,-0.011260609269166564
2027,flow:INLET:valve0,0.027027027027026307,-0.01129807156917832
2028,flow:INLET:valve0,0.02802802802802873,-0.011335529689912707
2029,flow:INLET:valve0,0.029029029029029377,-0.011372983631826794
2030,flow:INLET:valve0,0.03003003003003002,-0.011410433395375385
2031,flow:INLET:valve0,0.031031031031030665,-0.0114478789810151
2032,flow:INLET:valve0,0.03203203203203131,-0.011485320389200332
2033,flow:INLET:valve0,0.03303303303303373,-0.011522757620387509
2034,flow:INLET:valve0,0.03403403403403438,-0.011560190675031452
2035,flow:INLET:valve0,0.03503503503503502,-0.011597619553587403
2036,flow:INLET:valve0,0.03603603603603566,-0.011635044256510652
2037,flow:INLET:valve0,0.03703703703703631,-0.011672464784255708
2038,flow:INLET:valve0,0.038038038038038735,-0.01170988113727835
2039,flow:INLET:valve0,0.039039039039039374,-0.011747293316032983
2040,flow:INLET:valve0,0.040040040040040026,-0.011784701320974507
2041,flow:INLET:valve0,0.04104104104104067,-0.01182210515255726
2042,flow:INLET:valve0,0.04204204204204132,-0.011859504811236285
2043,flow:INLET:valve0,0.04304304304304374,-0.011896900297465872
2044,flow:INLET:valve0,0.044044044044044384,-0.011934291611699822
2045,flow:INLET:valve0,0.04504504504504503,-0.011971678754393868
2046,flow:INLET:valve0,0.046046046046045674,-0.012009061726001188
2047,flow:INLET:valve0,0.04704704704704632,-0.012046440526975496
2048,flow:INLET:valve0,0.04804804804804874,-0.012083815157772472
2049,flow:INLET:valve0,0.04904904904904939,-0.012121185618843852
2050,flow:INLET:valve0,0.05005005005005003,-0.01215855191064538
2051,flow:INLET:valve0,0.05105105105105068,-0.01219591403363009
2052,flow:INLET:valve0,0.05205205205205132,-0.012233271988251792
2053,flow:INLET:valve0,0.053053053053053745,-0.01227062577496363
2054,flow:INLET:valve0,0.05405405405405439,-0.01230797539421934
2055,flow:INLET:valve0,0.05505505505505503,-0.012345320846473426
2056,flow:INLET:valve0,0.05605605605605568,-0.012382662132177326
2057,flow:INLET:valve0,0.057057057057056326,-0.012419999251786535
2058,flow:INLET:valve0,0.058058058058058755,-0.012457332205752264
2059,flow:INLET:valve0,0.05905905905905939,-0.01249466099452797
2060,flow:INLET:valve0,0.06006006006006004,-0.012531985618568128
2061,flow:INLET:valve0,0.06106106106106069,-0.012569306078323557
2062,flow:INLET:valve0,0.06206206206206133,-0.012606622374248784
2063,flow:INLET:valve0,0.06306306306306375,-0.012643934506795894
2064,flow:INLET:valve0,0.0640640640640644,-0.012681242476417836
2065,flow:INLET:valve0,0.06506506506506504,-0.012718546283566976
2066,flow:INLET:valve0,0.06606606606606569,-0.01275584592869573
2067,flow:INLET:valve0,0.06706706706706633,-0.012793141412256973
2068,flow:INLET:valve0,0.06806806806806875,-0.012830432734703448
2069,flow:INLET:valve0,0.0690690690690694,-0.01286771989648592
2070,flow:INLET:valve0,0.07007007007007005,-0.01290500289805828
2071,flow:INLET:valve0,0.07107107107107069,-0.012942281739871235
2072,flow:INLET:valve0,0.07207207207207132,-0.01297955642237845
2073,flow:INLET:valve0,0.07307307307307376,-0.013016826946030796
2074,flow:INLET:valve0,0.0740740740740744,-0.01305409331128008
2075,flow:INLET:valve0,0.07507507507507503,-0.01309135551857924
2076,flow:INLET:valve0,0.0760760760760757,-0.01312861356837866
2077,flow:INLET:valve0,0.07707707707707634,-0.01316586746113089
2078,flow:INLET:valve0,0.07807807807807877,-0.01320311719728738
2079,flow:INLET:valve0,0.0790790790790794,-0.013240362777299897
2080,flow:INLET:valve0,0.08008008008008005,-0.013277604201618925
2081,flow:INLET:valve0,0.08108108108108071,-0.01331484147069734
2082,flow:INLET:valve0,0.08208208208208134,-0.013352074584985505
2083,flow:INLET:valve0,0.08308308308308376,-0.013389303544934755
2084,flow:INLET:valve0,0.08408408408408441,-0.013426528350996794
2085,flow:INLET:valve0,0.08508508508508505,-0.013463749003621846
2086,flow:INLET:valve0,0.0860860860860857,-0.013500965503261755
2087,flow:INLET:valve0,0.08708708708708635,-0.01353817785036648
2088,flow:INLET:valve0,0.08808808808808877,-0.013575386045388629
2089,flow:INLET:valve0,0.08908908908908941,-0.013612590088777117
2090,flow:INLET:valve0,0.09009009009009004,-0.01364978998098412
2091,flow:INLET:valve0,0.0910910910910907,-0.013686985722459346
2092,flow:INLET:valve0,0.09209209209209135,-0.013724177313653545
2093,flow:INLET:valve0,0.09309309309309376,-0.013761364755018076
2094,flow:INLET:valve0,0.0940940940940944,-0.01379854804700247
2095,flow:INLET:valve0,0.09509509509509506,-0.013835727190057509
2096,flow:INLET:valve0,0.0960960960960957,-0.0138729021846338
2097,flow:INLET:valve0,0.09709709709709637,-0.013910073031181152
2098,flow:INLET:valve0,0.09809809809809877,-0.01394723973014964
2099,flow:INLET:valve0,0.0990990990990994,-0.013984402281989966
2100,flow:INLET:valve0,0.10010010010010006,-0.014021560687151867
2101,flow:INLET:valve0,0.10110110110110072,-0.014641986153034386
2102,flow:INLET:valve0,0.10210210210210136,-0.016901380008400645
2103,flow:INLET:valve0,0.10310310310310378,-0.02032553212151882
2104,flow:INLET:valve0,0.10410410410410442,-0.02515066919641748
2105,flow:INLET:valve0,0.10510510510510508,-0.03125730753470207
2106,flow:INLET:valve0,0.10610610610610571,-0.038703326165810535
2107,flow:INLET:valve0,0.10710710710710636,-0.04745743015886843
2108,flow:INLET:valve0,0.10810810810810878,-0.0575324189202268
2109,flow:INLET:valve0,0.10910910910910944,-0.0689185521335462
2110,flow:INLET:valve0,0.11011011011011008,-0.081616867002763
2111,flow:INLET:valve0,0.11111111111111072,-0.09562251997118774
2112,flow:INLET:valve0,0.11211211211211136,-0.1109331163296098
2113,flow:INLET:valve0,0.11311311311311378,-0.12754454600804818
2114,flow:INLET:valve0,0.11411411411411444,-0.14545306640419403
2115,flow:INLET:valve0,0.11511511511511507,-0.1646542618221981
2116,flow:INLET:valve0,0.11611611611611572,-0.1851435647361465
2117,flow:INLET:valve0,0.11711711711711636,-0.20691599627047016
2118,flow:INLET:valve0,0.1181181181181188,-0.22996629720221015
2119,flow:INLET:valve0,0.11911911911911945,-0.25428886383277494
2120,flow:INLET:valve0,0.12012012012012008,-0.279877781555274
2121,flow:INLET:valve0,0.12112112112112072,-0.3067268097055722
2122,flow:INLET:valve0,0.12212212212212135,-0.3348293909018841
2123,flow:INLET:valve0,0.1231231231231238,-0.3641786482715803
2124,flow:INLET:valve0,0.12412412412412444,-0.39476738886564794
2125,flow:INLET:valve0,0.12512512512512508,-0.4265881041102088
2126,flow:INLET:valve0,0.12612612612612573,-0.4596329718715816
2127,flow:INLET:valve0,0.12712712712712637,-0.4938938578449932
2128,flow:INLET:valve0,0.1281281281281288,-0.5293623174129797
2129,flow:INLET:valve0,0.12912912912912944,-0.5660295973999235
2130,flow:INLET:valve0,0.13013013013013008,-0.603886638008804
2131,flow:INLET:valve0,0.13113113113113073,-0.6429240747983336
2132,flow:INLET:valve0,0.13213213213213135,-0.6831322407691519
2133,flow:INLET:valve0,0.1331331331331338,-0.7245011685258628
2134,flow:INLET:valve0,0.13413413413413444,-0.7670205925306418
2135,flow:INLET:valve0,0.1351351351351351,-0.8106799514395349
2136,flow:INLET:valve0,0.13613613613613573,-0.8554683905270852
2137,flow:INLET:valve0,0.13713713713713638,-0.9013747641936732
2138,flow:INLET:valve0,0.1381381381381388,-0.948387638559458
2139,flow:INLET:valve0,0.13913913913913944,-0.9964952941417853
2140,flow:INLET:valve0,0.1401401401401401,-1.0456857286162904
2141,flow:INLET:valve0,0.14114114114114074,-1.095946659662726
2142,flow:INLET:valve0,0.14214214214214138,-1.1472655278916528
2143,flow:INLET:valve0,0.1431431431431438,-1.1996294998550006
2144,flow:INLET:valve0,0.14414414414414445,-1.2530254711374396
2145,flow:INLET:valve0,0.1451451451451451,-1.3074400695284336
2146,flow:INLET:valve0,0.14614614614614574,-1.3628596582761388
2147,flow:INLET:valve0,0.14714714714714638,-1.4192703394187032
2148,flow:INLET:valve0,0.1481481481481488,-1.4766579571961609
2149,flow:INLET:valve0,0.14914914914914945,-1.5350081015395078
2150,flow:INLET:valve0,0.1501501501501501,-1.5943061116366255
2151,flow:INLET:valve0,0.15115115115115074,-1.6545370795763092
2152,flow:INLET:valve0,0.1521521521521514,-1.715685854065345
2153,flow:INLET:valve0,0.1531531531531538,-1.777737044222119
2154,flow:INLET:valve0,0.15415415415415443,-1.840675023442844
2155,flow:INLET:valve0,0.1551551551551551,-1.9044839333400396
2156,flow:INLET:valve0,0.15615615615615577,-1.9691476877544525
2157,flow:INLET:valve0,0.1571571571571564,-2.034649976834898
2158,flow:INLET:valve0,0.1581581581581588,-2.100974271189692
2159,flow:INLET:valve0,0.15915915915915946,-2.168103826105341
2160,flow:INLET:valve0,0.1601601601601601,-2.236021685832061
2161,flow:INLET:valve0,0.16116116116116075,-2.304710687937217
2162,flow:INLET:valve0,0.1621621621621614,-2.3741534677208325
2163,flow:INLET:valve0,0.16316316316316382,-2.444332462696879
2164,flow:INLET:valve0,0.16416416416416446,-2.5152299171357013
2165,flow:INLET:valve0,0.1651651651651651,-2.586827886667044
2166,flow:INLET:valve0,0.16616616616616575,-2.6591082429447876
2167,flow:INLET:valve0,0.1671671671671664,-2.7320526783670203
2168,flow:INLET:valve0,0.16816816816816882,-2.805642710855417
2169,flow:INLET:valve0,0.16916916916916946,-2.8798596886888896
2170,flow:INLET:valve0,0.1701701701701701,-2.9546847953908735
2171,flow:INLET:valve0,0.17117117117117076,-3.0300990546713584
2172,flow:INLET:valve0,0.1721721721721714,-3.106083335416894
2173,flow:INLET:valve0,0.17317317317317382,-3.1826183567327377
2174,flow:INLET:valve0,0.17417417417417447,-3.2596846930316445
2175,flow:INLET:valve0,0.1751751751751751,-3.337262779168817
2176,flow:INLET:valve0,0.17617617617617576,-3.415332915623866
2177,flow:INLET:valve0,0.1771771771771764,-3.493875273722885
2178,flow:INLET:valve0,0.17817817817817885,-3.572869900904715
2179,flow:INLET:valve0,0.17917917917917947,-3.6522967260258903
2180,flow:INLET:valve0,0.18018018018018012,-3.732135564703418
2181,flow:INLET:valve0,0.18118118118118076,-3.8123661246964953
2182,flow:INLET:valve0,0.1821821821821814,-3.892968011319792
2183,flow:INLET:valve0,0.18318318318318383,-3.973920732892615
2184,flow:INLET:valve0,0.18418418418418447,-4.055203706218065
2185,flow:INLET:valve0,0.18518518518518512,-4.136796262091501
2186,flow:INLET:valve0,0.18618618618618576,-4.218482055841512
2187,flow:INLET:valve0,0.1871871871871864,-4.300127538394473
2188,flow:INLET:valve0,0.18818818818818883,-4.38169693568227
2189,flow:INLET:valve0,0.18918918918918948,-4.4631553470730125
2190,flow:INLET:valve0,0.19019019019019012,-4.544467749595508
2191,flow:INLET:valve0,0.19119119119119077,-4.6255992361709835
2192,flow:INLET:valve0,0.1921921921921914,-4.706515000247823
2193,flow:INLET:valve0,0.19319319319319384,-4.787180373262145
2194,flow:INLET:valve0,0.19419419419419448,-4.867560850455326
2195,flow:INLET:valve0,0.19519519519519513,-4.947622119196424
2196,flow:INLET:valve0,0.19619619619619577,-5.027330086340575
2197,flow:INLET:valve0,0.1971971971971964,-5.106650905554364
2198,flow:INLET:valve0,0.19819819819819884,-5.185551004240644
2199,flow:INLET:valve0,0.19919919919919948,-5.263997110159716
2200,flow:INLET:valve0,0.20020020020020013,-5.341956277649258
2201,flow:INLET:valve0,0.20120120120120075,-5.419395913440652
2202,flow:INLET:valve0,0.20220220220220145,-5.496283802016567
2203,flow:INLET:valve0,0.20320320320320384,-5.572588130489696
2204,flow:INLET:valve0,0.2042042042042045,-5.648277512962114
2205,flow:INLET:valve0,0.20520520520520513,-5.723321014336141
2206,flow:INLET:valve0,0.20620620620620575,-5.797688173547995
2207,flow:INLET:valve0,0.2072072072072064,-5.871349026189069
2208,flow:INLET:valve0,0.20820820820820884,-5.944274126492414
2209,flow:INLET:valve0,0.2092092092092095,-6.016434568652841
2210,flow:INLET:valve0,0.21021021021021016,-6.08780200745561
2211,flow:INLET:valve0,0.2112112112112108,-6.158348678191688
2212,flow:INLET:valve0,0.21221221221221143,-6.228047415830196
2213,flow:INLET:valve0,0.21321321321321385,-6.2968716734323165
2214,flow:INLET:valve0,0.2142142142142145,-6.364795539781571
2215,flow:INLET:valve0,0.2152152152152151,-6.431793756212408
2216,flow:INLET:valve0,0.21621621621621576,-6.497841732621869
2217,flow:INLET:valve0,0.21721721721721643,-6.5629155626425035
2218,flow:INLET:valve0,0.21821821821821885,-6.6269920379677965
2219,flow:INLET:valve0,0.21921921921921952,-6.690048661812668
2220,flow:INLET:valve0,0.22022022022022017,-6.752063661498512
2221,flow:INLET:valve0,0.2212212212212208,-6.813016000155158
2222,flow:INLET:valve0,0.22222222222222143,-6.872885387525766
2223,flow:INLET:valve0,0.22322322322322383,-6.931652289873542
2224,flow:INLET:valve0,0.22422422422422447,-6.989297938980789
2225,flow:INLET:valve0,0.22522522522522517,-7.04580434023756
2226,flow:INLET:valve0,0.2262262262262258,-7.101154279820019
2227,flow:INLET:valve0,0.22722722722722644,-7.155331330952513
2228,flow:INLET:valve0,0.22822822822822889,-7.208319859259839
2229,flow:INLET:valve0,0.22922922922922953,-7.260105027208016
2230,flow:INLET:valve0,0.23023023023023015,-7.3106727976384995
2231,flow:INLET:valve0,0.2312312312312308,-7.3600099364033
2232,flow:INLET:valve0,0.23223223223223144,-7.408104014102733
2233,flow:INLET:valve0,0.23323323323323383,-7.454943406939283
2234,flow:INLET:valve0,0.2342342342342345,-7.50051729669335
2235,flow:INLET:valve0,0.23523523523523515,-7.544815669832619
2236,flow:INLET:valve0,0.2362362362362358,-7.587829315769342
2237,flow:INLET:valve0,0.23723723723723644,-7.629549824274214
2238,flow:INLET:valve0,0.2382382382382389,-7.669969582066429
2239,flow:INLET:valve0,0.2392392392392395,-7.709081768592116
2240,flow:INLET:valve0,0.24024024024024015,-7.746880351009021
2241,flow:INLET:valve0,0.2412412412412408,-7.783360078397282
2242,flow:INLET:valve0,0.24224224224224145,-7.818516475210837
2243,flow:INLET:valve0,0.24324324324324387,-7.8523458339941135
2244,flow:INLET:valve0,0.2442442442442445,-7.8848452073814626
2245,flow:INLET:valve0,0.24524524524524516,-7.916012399401899
2246,flow:INLET:valve0,0.2462462462462458,-7.945845956113458
2247,flow:INLET:valve0,0.24724724724724645,-7.974345155586167
2248,flow:INLET:valve0,0.24824824824824887,-8.001509997262012
2249,flow:INLET:valve0,0.24924924924924952,-8.027341190713186
2250,flow:INLET:valve0,0.25025025025025016,-8.051840143824615
2251,flow:INLET:valve0,0.2512512512512508,-8.075008950427833
2252,flow:INLET:valve0,0.25225225225225145,-8.096850377408641
2253,flow:INLET:valve0,0.2532532532532539,-8.117367851318718
2254,flow:INLET:valve0,0.2542542542542545,-8.1365654445153
2255,flow:INLET:valve0,0.25525525525525516,-8.154447860856425
2256,flow:INLET:valve0,0.2562562562562558,-8.171020420980664
2257,flow:INLET:valve0,0.25725725725725646,-8.186289047195114
2258,flow:INLET:valve0,0.2582582582582589,-8.20026024800272
2259,flow:INLET:valve0,0.2592592592592595,-8.212941102294032
2260,flow:INLET:valve0,0.26026026026026017,-8.224339243231267
2261,flow:INLET:valve0,0.2612612612612608,-8.234462841853752
2262,flow:INLET:valve0,0.26226226226226146,-8.243320590428674
2263,flow:INLET:valve0,0.2632632632632639,-8.25092168557778
2264,flow:INLET:valve0,0.2642642642642645,-8.257275811204492
2265,flow:INLET:valve0,0.26526526526526517,-8.262393121248794
2266,flow:INLET:valve0,0.2662662662662658,-8.266284222297465
2267,flow:INLET:valve0,0.26726726726726646,-8.268960156072817
2268,flow:INLET:valve0,0.2682682682682689,-8.270432381828655
2269,flow:INLET:valve0,0.26926926926926953,-8.270712758676499
2270,flow:INLET:valve0,0.2702702702702702,-8.269813527867392
2271,flow:INLET:valve0,0.2712712712712708,-8.267747295054571
2272,flow:INLET:valve0,0.27227227227227146,-8.264527012558391
2273,flow:INLET:valve0,0.2732732732732739,-8.26016596165909
2274,flow:INLET:valve0,0.27427427427427453,-8.254677734938264
2275,flow:INLET:valve0,0.2752752752752752,-8.248076218691477
2276,flow:INLET:valve0,0.2762762762762758,-8.240375575434067
2277,flow:INLET:valve0,0.27727727727727647,-8.231590226519003
2278,flow:INLET:valve0,0.2782782782782789,-8.221734834888643
2279,flow:INLET:valve0,0.27927927927927954,-8.21082428797828
2280,flow:INLET:valve0,0.2802802802802802,-8.198873680790467
2281,flow:INLET:valve0,0.2812812812812808,-8.18589829915844
2282,flow:INLET:valve0,0.28228228228228147,-8.171913603214252
2283,flow:INLET:valve0,0.2832832832832839,-8.156935211079608
2284,flow:INLET:valve0,0.28428428428428454,-8.140978882793537
2285,flow:INLET:valve0,0.2852852852852852,-8.12406050449235
2286,flow:INLET:valve0,0.28628628628628583,-8.106196072856045
2287,flow:INLET:valve0,0.2872872872872865,-8.087401679833393
2288,flow:INLET:valve0,0.2882882882882889,-8.067693497659318
2289,flow:INLET:valve0,0.28928928928928954,-8.047087764175366
2290,flow:INLET:valve0,0.2902902902902902,-8.025600768464361
2291,flow:INLET:valve0,0.29129129129129083,-8.00324883680981
2292,flow:INLET:valve0,0.2922922922922915,-7.980048318988467
2293,flow:INLET:valve0,0.2932932932932939,-7.9560155749055745
2294,flow:INLET:valve0,0.29429429429429455,-7.931166961580016
2295,flow:INLET:valve0,0.2952952952952952,-7.90551882048673
2296,flow:INLET:valve0,0.29629629629629584,-7.87908746526279
2297,flow:INLET:valve0,0.2972972972972965,-7.851889169782567
2298,flow:INLET:valve0,0.2982982982982989,-7.823940156607233
2299,flow:INLET:valve0,0.29929929929929955,-7.79525658581268
2300,flow:INLET:valve0,0.3003003003003002,-7.765854544199541
2301,flow:INLET:valve0,0.30130130130130084,-7.7361305435032195
2302,flow:INLET:valve0,0.3023023023023015,-7.706335053770544
2303,flow:INLET:valve0,0.3033033033033039,-7.676351661623388
2304,flow:INLET:valve0,0.30430430430430455,-7.646246657139043
2305,flow:INLET:valve0,0.3053053053053052,-7.615994877048661
2306,flow:INLET:valve0,0.30630630630630584,-7.585616746897864
2307,flow:INLET:valve0,0.3073073073073065,-7.555109766569792
2308,flow:INLET:valve0,0.3083083083083089,-7.524482765673821
2309,flow:INLET:valve0,0.30930930930930955,-7.4937387757846015
2310,flow:INLET:valve0,0.3103103103103102,-7.462883593994307
2311,flow:INLET:valve0,0.31131131131131085,-7.431921500952573
2312,flow:INLET:valve0,0.3123123123123115,-7.4008574017240765
2313,flow:INLET:valve0,0.3133133133133139,-7.369695755313189
2314,flow:INLET:valve0,0.31431431431431456,-7.338441109926101
2315,flow:INLET:valve0,0.3153153153153152,-7.307097835434238
2316,flow:INLET:valve0,0.31631631631631585,-7.2756702573050065
2317,flow:INLET:valve0,0.3173173173173165,-7.244162589865432
2318,flow:INLET:valve0,0.3183183183183189,-7.21257896996404
2319,flow:INLET:valve0,0.31931931931931956,-7.180923440496586
2320,flow:INLET:valve0,0.3203203203203202,-7.149199959061214
2321,flow:INLET:valve0,0.32132132132132085,-7.117412394108302
2322,flow:INLET:valve0,0.3223223223223215,-7.0855645274010195
2323,flow:INLET:valve0,0.3233233233233239,-7.053660053376557
2324,flow:INLET:valve0,0.32432432432432456,-7.021702580111461
2325,flow:INLET:valve0,0.3253253253253252,-6.989695629537835
2326,flow:INLET:valve0,0.32632632632632586,-6.957642638084878
2327,flow:INLET:valve0,0.3273273273273265,-6.925546957157486
2328,flow:INLET:valve0,0.3283283283283289,-6.893411853743902
2329,flow:INLET:valve0,0.32932932932932957,-6.861240511004945
2330,flow:INLET:valve0,0.3303303303303302,-6.829036028917108
2331,flow:INLET:valve0,0.33133133133133086,-6.79680142493128
2332,flow:INLET:valve0,0.3323323323323315,-6.76453963466525
2333,flow:INLET:valve0,0.3333333333333339,-6.732253512618834
2334,flow:INLET:valve0,0.33433433433433457,-6.699945832915896
2335,flow:INLET:valve0,0.3353353353353352,-6.667619290069647
2336,flow:INLET:valve0,0.33633633633633586,-6.635276499771094
2337,flow:INLET:valve0,0.3373373373373365,-6.602919999699861
2338,flow:INLET:valve0,0.33833833833833893,-6.570552250355774
2339,flow:INLET:valve0,0.3393393393393396,-6.538175635910772
2340,flow:INLET:valve0,0.3403403403403402,-6.505792465080096
2341,flow:INLET:valve0,0.34134134134134086,-6.473404972011351
2342,flow:INLET:valve0,0.3423423423423415,-6.4410153171914954
2343,flow:INLET:valve0,0.34334334334334393,-6.408625588369833
2344,flow:INLET:valve0,0.3443443443443446,-6.376237801496874
2345,flow:INLET:valve0,0.3453453453453452,-6.34385390167794
2346,flow:INLET:valve0,0.34634634634634587,-6.311475764140349
2347,flow:INLET:valve0,0.3473473473473465,-6.279105195214181
2348,flow:INLET:valve0,0.34834834834834894,-6.246743933324953
2349,flow:INLET:valve0,0.3493493493493496,-6.214393649997906
2350,flow:INLET:valve0,0.3503503503503502,-6.182055950873301
2351,flow:INLET:valve0,0.35135135135135087,-6.149732376731046
2352,flow:INLET:valve0,0.3523523523523515,-6.1174244045254
2353,flow:INLET:valve0,0.35335335335335394,-6.0851334484276505
2354,flow:INLET:valve0,0.3543543543543546,-6.052860860876947
2355,flow:INLET:valve0,0.35535535535535523,-6.020607933638437
2356,flow:INLET:valve0,0.3563563563563559,-5.988375898867461
2357,flow:INLET:valve0,0.3573573573573565,-5.956165930180402
2358,flow:INLET:valve0,0.35835835835835894,-5.92397914373028
2359,flow:INLET:valve0,0.3593593593593596,-5.891816599287369
2360,flow:INLET:valve0,0.36036036036036023,-5.859679301324066
2361,flow:INLET:valve0,0.3613613613613609,-5.827568200102839
2362,flow:INLET:valve0,0.3623623623623615,-5.795484192768025
2363,flow:INLET:valve0,0.36336336336336394,-5.763428124439528
2364,flow:INLET:valve0,0.36436436436436453,-5.731400789308938
2365,flow:INLET:valve0,0.3653653653653653,-5.6994029317373185
2366,flow:INLET:valve0,0.36636636636636594,-5.667435247353492
2367,flow:INLET:valve0,0.3673673673673666,-5.6354983841539275
2368,flow:INLET:valve0,0.36836836836836895,-5.603592943602111
2369,flow:INLET:valve0,0.3693693693693696,-5.571719481728146
2370,flow:INLET:valve0,0.37037037037037024,-5.539878510227946
2371,flow:INLET:valve0,0.3713713713713709,-5.508070497560798
2372,flow:INLET:valve0,0.37237237237237153,-5.476295870046685
2373,flow:INLET:valve0,0.3733733733733739,-5.444555012961091
2374,flow:INLET:valve0,0.37437437437437454,-5.41284827162839
2375,flow:INLET:valve0,0.3753753753753752,-5.381175952513027
2376,flow:INLET:valve0,0.37637637637637594,-5.349538324307497
2377,flow:INLET:valve0,0.37737737737737653,-5.317935619018495
2378,flow:INLET:valve0,0.37837837837837895,-5.286368033049193
2379,flow:INLET:valve0,0.3793793793793796,-5.254835728278558
2380,flow:INLET:valve0,0.38038038038038025,-5.223338833137334
2381,flow:INLET:valve0,0.3813813813813809,-5.191877443679393
2382,flow:INLET:valve0,0.38238238238238154,-5.160451624650299
2383,flow:INLET:valve0,0.383383383383384,-5.12906141055072
2384,flow:INLET:valve0,0.38438438438438466,-5.097706806696005
2385,flow:INLET:valve0,0.3853853853853853,-5.066387790271363
2386,flow:INLET:valve0,0.3863863863863859,-5.035104311381624
2387,flow:INLET:valve0,0.38738738738738654,-5.003856294097259
2388,flow:INLET:valve0,0.38838838838838896,-4.972643637494658
2389,flow:INLET:valve0,0.3893893893893896,-4.9414662166916745
2390,flow:INLET:valve0,0.39039039039039025,-4.910323883878344
2391,flow:INLET:valve0,0.3913913913913909,-4.879216469341387
2392,flow:INLET:valve0,0.39239239239239154,-4.848143782484641
2393,flow:INLET:valve0,0.3933933933933939,-4.8171056128431
2394,flow:INLET:valve0,0.39439439439439467,-4.786101731091975
2395,flow:INLET:valve0,0.39539539539539525,-4.755131890050388
2396,flow:INLET:valve0,0.3963963963963959,-4.7241958256786525
2397,flow:INLET:valve0,0.39739739739739655,-4.693293258071167
2398,flow:INLET:valve0,0.39839839839839897,-4.662423892442683
2399,flow:INLET:valve0,0.3993993993993996,-4.631587420109372
2400,flow:INLET:valve0,0.40040040040040026,-4.600783519464511
2401,flow:INLET:valve0,0.4014014014014009,-4.570011856947486
2402,flow:INLET:valve0,0.4024024024024015,-4.539272088008441
2403,flow:INLET:valve0,0.403403403403404,-4.508559044431312
2404,flow:INLET:valve0,0.4044044044044046,-4.477724621525399
2405,flow:INLET:valve0,0.40540540540540526,-4.446728452474636
2406,flow:INLET:valve0,0.4064064064064059,-4.4155825484847995
2407,flow:INLET:valve0,0.40740740740740655,-4.384288521769749
2408,flow:INLET:valve0,0.408408408408409,-4.352850069761195
2409,flow:INLET:valve0,0.4094094094094096,-4.321270491329224
2410,flow:INLET:valve0,0.41041041041041026,-4.2895531808158145
2411,flow:INLET:valve0,0.41141141141141085,-4.257701529100409
2412,flow:INLET:valve0,0.4124124124124115,-4.225718943025912
2413,flow:INLET:valve0,0.413413413413414,-4.19360884105407
2414,flow:INLET:valve0,0.4144144144144146,-4.161374653766179
2415,flow:INLET:valve0,0.41541541541541527,-4.1290198233400295
2416,flow:INLET:valve0,0.4164164164164159,-4.096547803259023
2417,flow:INLET:valve0,0.41741741741741656,-4.063962057960696
2418,flow:INLET:valve0,0.418418418418419,-4.03126606250339
2419,flow:INLET:valve0,0.4194194194194196,-3.99846330222544
2420,flow:INLET:valve0,0.4204204204204202,-3.965557272407472
2421,flow:INLET:valve0,0.42142142142142097,-3.9325514779317703
2422,flow:INLET:valve0,0.4224224224224216,-3.899449432943411
2423,flow:INLET:valve0,0.423423423423424,-3.86625466050953
2424,flow:INLET:valve0,0.42442442442442463,-3.83297069227902
2425,flow:INLET:valve0,0.4254254254254253,-3.7996010681419534
2426,flow:INLET:valve0,0.4264264264264259,-3.7661493358878193
2427,flow:INLET:valve0,0.42742742742742657,-3.7326190508647574
2428,flow:INLET:valve0,0.428428428428429,-3.6990137756374817
2429,flow:INLET:valve0,0.4294294294294296,-3.665337079645427
2430,flow:INLET:valve0,0.4304304304304302,-3.6315925388609056
2431,flow:INLET:valve0,0.43143143143143087,-3.5977837354459705
2432,flow:INLET:valve0,0.4324324324324316,-3.5639142574105516
2433,flow:INLET:valve0,0.433433433433434,-3.5299876982691605
2434,flow:INLET:valve0,0.43443443443443464,-3.4960076566980693
2435,flow:INLET:valve0,0.4354354354354353,-3.461977736192455
2436,flow:INLET:valve0,0.4364364364364359,-3.4279015447223933
2437,flow:INLET:valve0,0.43743743743743657,-3.393782694390154
2438,flow:INLET:valve0,0.43843843843843894,-3.3596248010862144
2439,flow:INLET:valve0,0.4394394394394397,-3.325431484145712
2440,flow:INLET:valve0,0.44044044044044034,-3.2912063660050386
2441,flow:INLET:valve0,0.441441441441441,-3.256953071857294
2442,flow:INLET:valve0,0.4424424424424416,-3.22267522930916
2443,flow:INLET:valve0,0.443443443443444,-3.1883764680364957
2444,flow:INLET:valve0,0.44444444444444464,-3.1540604194405546
2445,flow:INLET:valve0,0.4454454454454453,-3.119730716304277
2446,flow:INLET:valve0,0.44644644644644593,-3.085390992447656
2447,flow:INLET:valve0,0.4474474474474466,-3.051044882384463
2448,flow:INLET:valve0,0.44844844844844894,-3.0166960209778777
2449,flow:INLET:valve0,0.4494494494494497,-2.9823480430967284
2450,flow:INLET:valve0,0.45045045045045035,-2.9480045832719237
2451,flow:INLET:valve0,0.45145145145145094,-2.913669275352025
2452,flow:INLET:valve0,0.4524524524524516,-2.879345752160206
2453,flow:INLET:valve0,0.453453453453454,-2.845037645150269
2454,flow:INLET:valve0,0.45445445445445465,-2.810748584063236
2455,flow:INLET:valve0,0.4554554554554553,-2.776482196584324
2456,flow:INLET:valve0,0.45645645645645594,-2.7422421079989925
2457,flow:INLET:valve0,0.4574574574574566,-2.7080319408505953
2458,flow:INLET:valve0,0.45845845845845906,-2.6738553145970227
2459,flow:INLET:valve0,0.4594594594594597,-2.639715845268108
2460,flow:INLET:valve0,0.4604604604604603,-2.60561714512338
2461,flow:INLET:valve0,0.46146146146146094,-2.571562822309064
2462,flow:INLET:valve0,0.4624624624624616,-2.5375564805166633
2463,flow:INLET:valve0,0.463463463463464,-2.503601718640692
2464,flow:INLET:valve0,0.46446446446446465,-2.469702130437148
2465,flow:INLET:valve0,0.4654654654654653,-2.435861304182502
2466,flow:INLET:valve0,0.46646646646646595,-2.402082822331932
2467,flow:INLET:valve0,0.46746746746746654,-2.3683702611792663
2468,flow:INLET:valve0,0.468468468468469,-2.334727190516089
2469,flow:INLET:valve0,0.46946946946946966,-2.3011571732917484
2470,flow:INLET:valve0,0.4704704704704703,-2.2676637652738716
2471,flow:INLET:valve0,0.47147147147147095,-2.234250514708229
2472,flow:INLET:valve0,0.4724724724724716,-2.2009209619804357
2473,flow:INLET:valve0,0.473473473473474,-2.1676786392767866
2474,flow:INLET:valve0,0.47447447447447466,-2.1345270702461807
2475,flow:INLET:valve0,0.4754754754754753,-2.101469769662542
2476,flow:INLET:valve0,0.4764764764764759,-2.0685102430867683
2477,flow:INLET:valve0,0.47747747747747665,-2.035651986530448
2478,flow:INLET:valve0,0.478478478478479,-2.0028984861189874
2479,flow:INLET:valve0,0.47947947947947966,-1.9702532177557064
2480,flow:INLET:valve0,0.4804804804804803,-1.9377196467866873
2481,flow:INLET:valve0,0.48148148148148096,-1.905301227665101
2482,flow:INLET:valve0,0.4824824824824816,-1.8730014036174925
2483,flow:INLET:valve0,0.483483483483484,-1.8408236063094707
2484,flow:INLET:valve0,0.48448448448448467,-1.8087712555125477
2485,flow:INLET:valve0,0.48548548548548526,-1.7768477587717086
2486,flow:INLET:valve0,0.4864864864864859,-1.745056511072661
2487,flow:INLET:valve0,0.48748748748748655,-1.71340089451106
2488,flow:INLET:valve0,0.488488488488489,-1.6818842779612402
2489,flow:INLET:valve0,0.48948948948948967,-1.650510016746225
2490,flow:INLET:valve0,0.4904904904904903,-1.6192814523085106
2491,flow:INLET:valve0,0.49149149149149096,-1.5882019118806767
2492,flow:INLET:valve0,0.4924924924924916,-1.5572747081580147
2493,flow:INLET:valve0,0.493493493493494,-1.52650313897082
2494,flow:INLET:valve0,0.4944944944944946,-1.4958904869579923
2495,flow:INLET:valve0,0.4954954954954954,-1.4654400192415815
2496,flow:INLET:valve0,0.496496496496496,-1.435154987101218
2497,flow:INLET:valve0,0.49749749749749667,-1.4050386256506688
2498,flow:INLET:valve0,0.49849849849849903,-1.3750941535141736
2499,flow:INLET:valve0,0.4994994994994997,-1.3453247725042048
2500,flow:INLET:valve0,0.5005005005005003,-1.3157336673002256
2501,flow:INLET:valve0,0.501501501501501,-1.2863240051275444
2502,flow:INLET:valve0,0.5025025025025016,-1.257098935438281
2503,flow:INLET:valve0,0.503503503503504,-1.228061589592332
2504,flow:INLET:valve0,0.5045045045045047,-1.1992150805398183
2505,flow:INLET:valve0,0.5055055055055053,-1.1705625025046358
2506,flow:INLET:valve0,0.506506506506506,-1.1421069306682752
2507,flow:INLET:valve0,0.5075075075075066,-1.1138514208558146
2508,flow:INLET:valve0,0.508508508508509,-1.0857990092220668
2509,flow:INLET:valve0,0.5095095095095097,-1.0579527119393033
2510,flow:INLET:valve0,0.5105105105105103,-1.030315524886239
2511,flow:INLET:valve0,0.511511511511511,-1.0028904233373788
2512,flow:INLET:valve0,0.5125125125125116,-0.975680361654673
2513,flow:INLET:valve0,0.513513513513514,-0.9486882729794744
2514,flow:INLET:valve0,0.5145145145145147,-0.9219170689261701
2515,flow:INLET:valve0,0.5155155155155153,-0.8953696392772219
2516,flow:INLET:valve0,0.516516516516516,-0.8690488516787118
2517,flow:INLET:valve0,0.5175175175175166,-0.8429575513383185
2518,flow:INLET:valve0,0.518518518518519,-0.8170985607237186
2519,flow:INLET:valve0,0.5195195195195197,-0.7914746792628395
2520,flow:INLET:valve0,0.5205205205205203,-0.7660886830456
2521,flow:INLET:valve0,0.521521521521521,-0.7409433245263836
2522,flow:INLET:valve0,0.5225225225225216,-0.7160413322289849
2523,flow:INLET:valve0,0.523523523523524,-0.6913854104522159
2524,flow:INLET:valve0,0.5245245245245247,-0.6669782389774385
2525,flow:INLET:valve0,0.5255255255255253,-0.6428224727777925
2526,flow:INLET:valve0,0.526526526526526,-0.6189207417282462
2527,flow:INLET:valve0,0.5275275275275266,-0.5952756503183396
2528,flow:INLET:valve0,0.528528528528529,-0.5718897773656632
2529,flow:INLET:valve0,0.5295295295295297,-0.5487656757314897
2530,flow:INLET:valve0,0.5305305305305303,-0.5259058720381924
2531,flow:INLET:valve0,0.531531531531531,-0.5033128663877097
2532,flow:INLET:valve0,0.5325325325325316,-0.48098913208279026
2533,flow:INLET:valve0,0.533533533533534,-0.4589371153492019
2534,flow:INLET:valve0,0.5345345345345347,-0.437159235060198
2535,flow:INLET:valve0,0.5355355355355353,-0.4156578824629638
2536,flow:INLET:valve0,0.536536536536536,-0.3944354209062894
2537,flow:INLET:valve0,0.5375375375375366,-0.37349418557114616
2538,flow:INLET:valve0,0.5385385385385391,-0.352836483202416
2539,flow:INLET:valve0,0.5395395395395397,-0.3324645918430842
2540,flow:INLET:valve0,0.5405405405405403,-0.31238076057047437
2541,flow:INLET:valve0,0.541541541541541,-0.29258720923405124
2542,flow:INLET:valve0,0.5425425425425416,-0.2730861281961161
2543,flow:INLET:valve0,0.5435435435435441,-0.2538796780739716
2544,flow:INLET:valve0,0.5445445445445447,-0.23496998948464445
2545,flow:INLET:valve0,0.5455455455455454,-0.21635916279186193
2546,flow:INLET:valve0,0.546546546546546,-0.19804926785477192
2547,flow:INLET:valve0,0.5475475475475466,-0.18004234377971193
2548,flow:INLET:valve0,0.5485485485485491,-0.1623403986736685
2549,flow:INLET:valve0,0.5495495495495497,-0.14494540940043482
2550,flow:INLET:valve0,0.5505505505505504,-0.1278593213392202
2551,flow:INLET:valve0,0.551551551551551,-0.1110840481452105
2552,flow:INLET:valve0,0.5525525525525516,-0.09462147151331704
2553,flow:INLET:valve0,0.5535535535535541,-0.07847344094384551
2554,flow:INLET:valve0,0.5545545545545547,-0.06264177351101413
2555,flow:INLET:valve0,0.5555555555555554,-0.04712825363412224
2556,flow:INLET:valve0,0.556556556556556,-0.031934632850894935
2557,flow:INLET:valve0,0.5575575575575566,-0.017062629594128666
2558,flow:INLET:valve0,0.5585585585585591,-0.002513928970527296
2559,flow:INLET:valve0,0.5595595595595597,40.58515079381118
2560,flow:INLET:valve0,0.5605605605605604,99.76556607009609
2561,flow:INLET:valve0,0.561561561561561,143.63465209407966
2562,flow:INLET:valve0,0.5625625625625617,189.57487096105476
2563,flow:INLET:valve0,0.5635635635635641,229.38651940167696
2564,flow:INLET:valve0,0.5645645645645647,267.58345872562194
2565,flow:INLET:valve0,0.5655655655655654,302.27940440319753
2566,flow:INLET:valve0,0.566566566566566,334.74452748774564
2567,flow:INLET:valve0,0.5675675675675667,364.6328264753714
2568,flow:INLET:valve0,0.5685685685685691,392.37230458618023
2569,flow:INLET:valve0,0.5695695695695697,417.97352222892385
2570,flow:INLET:valve0,0.5705705705705704,441.6285046491224
2571,flow:INLET:valve0,0.571571571571571,463.414124257181
2572,flow:INLET:valve0,0.5725725725725717,483.4429321287474
2573,flow:INLET:valve0,0.5735735735735741,501.7899931849579
2574,flow:INLET:valve0,0.5745745745745747,518.5314819234987
2575,flow:INLET:valve0,0.5755755755755754,533.7271905331355
2576,flow:INLET:valve0,0.576576576576576,547.430899862114
2577,flow:INLET:valve0,0.5775775775775767,559.6866611159135
2578,flow:INLET:valve0,0.5785785785785791,570.5319845906705
2579,flow:INLET:valve0,0.5795795795795797,579.9974550288117
2580,flow:INLET:valve0,0.5805805805805804,588.1080293536272
2581,flow:INLET:valve0,0.581581581581581,594.8834025352865
2582,flow:INLET:valve0,0.5825825825825817,600.3387606498586
2583,flow:INLET:valve0,0.5835835835835841,604.4852720503168
2584,flow:INLET:valve0,0.5845845845845847,607.3306503173428
2585,flow:INLET:valve0,0.5855855855855854,608.8796301097536
2586,flow:INLET:valve0,0.586586586586586,609.1344422620666
2587,flow:INLET:valve0,0.5875875875875867,608.0952509214452
2588,flow:INLET:valve0,0.5885885885885891,605.7605764507877
2589,flow:INLET:valve0,0.5895895895895897,602.1276965910057
2590,flow:INLET:valve0,0.5905905905905904,597.1930332971771
2591,flow:INLET:valve0,0.591591591591591,590.9525245683064
2592,flow:INLET:valve0,0.5925925925925917,583.4019840534758
2593,flow:INLET:valve0,0.5935935935935941,574.5374489509369
2594,flow:INLET:valve0,0.5945945945945947,564.3555173525709
2595,flow:INLET:valve0,0.5955955955955954,552.8536754089728
2596,flow:INLET:valve0,0.596596596596596,540.0306146524764
2597,flow:INLET:valve0,0.5975975975975967,525.8865394371896
2598,flow:INLET:valve0,0.5985985985985991,510.4234642771261
2599,flow:INLET:valve0,0.5995995995995997,493.6455006111522
2600,flow:INLET:valve0,0.6006006006006004,475.6619531979395
2601,flow:INLET:valve0,0.601601601601601,458.4532521308721
2602,flow:INLET:valve0,0.6026026026026017,441.7983028691926
2603,flow:INLET:valve0,0.6036036036036041,425.7743954906265
2604,flow:INLET:valve0,0.6046046046046047,410.3101422786024
2605,flow:INLET:valve0,0.6056056056056054,395.4098062995578
2606,flow:INLET:valve0,0.606606606606606,381.0409280011962
2607,flow:INLET:valve0,0.6076076076076067,367.1905044337228
2608,flow:INLET:valve0,0.6086086086086091,353.83685389213315
2609,flow:INLET:valve0,0.6096096096096097,340.9636471422936
2610,flow:INLET:valve0,0.6106106106106104,328.5528551464917
2611,flow:INLET:valve0,0.611611611611611,316.58824015834506
2612,flow:INLET:valve0,0.6126126126126117,305.0535763325644
2613,flow:INLET:valve0,0.6136136136136141,293.93350680546325
2614,flow:INLET:valve0,0.6146146146146148,283.21308370986753
2615,flow:INLET:valve0,0.6156156156156154,272.8779678534166
2616,flow:INLET:valve0,0.616616616616616,262.9142996545374
2617,flow:INLET:valve0,0.6176176176176167,253.3087354999195
2618,flow:INLET:valve0,0.6186186186186191,244.04840240381597
2619,flow:INLET:valve0,0.6196196196196198,235.1208944926119
2620,flow:INLET:valve0,0.6206206206206204,226.51424951784855
2621,flow:INLET:valve0,0.621621621621621,218.21693626230984
2622,flow:INLET:valve0,0.6226226226226217,210.21783737423513
2623,flow:INLET:valve0,0.6236236236236241,202.50623533070723
2624,flow:INLET:valve0,0.6246246246246248,195.07179764938016
2625,flow:INLET:valve0,0.6256256256256254,187.90456325975916
2626,flow:INLET:valve0,0.626626626626626,180.9949290502365
2627,flow:INLET:valve0,0.6276276276276267,174.3336370556418
2628,flow:INLET:valve0,0.6286286286286291,167.91176202677357
2629,flow:INLET:valve0,0.6296296296296298,161.72069948588802
2630,flow:INLET:valve0,0.6306306306306304,155.75215419188032
2631,flow:INLET:valve0,0.631631631631631,149.99812902979087
2632,flow:INLET:valve0,0.6326326326326317,144.45091429475266
2633,flow:INLET:valve0,0.6336336336336341,139.10307736347474
2634,flow:INLET:valve0,0.6346346346346348,133.9474527357301
2635,flow:INLET:valve0,0.6356356356356354,128.9771324343488
2636,flow:INLET:valve0,0.636636636636636,124.18545674991528
2637,flow:INLET:valve0,0.6376376376376367,119.56600531826004
2638,flow:INLET:valve0,0.6386386386386391,115.11258851853148
2639,flow:INLET:valve0,0.6396396396396398,110.81923918046468
2640,flow:INLET:valve0,0.6406406406406404,106.68020458964902
2641,flow:INLET:valve0,0.6416416416416411,102.68993878015942
2642,flow:INLET:valve0,0.6426426426426417,98.84309510413868
2643,flow:INLET:valve0,0.6436436436436441,95.13451906847502
2644,flow:INLET:valve0,0.6446446446446448,91.55924142886478
2645,flow:INLET:valve0,0.6456456456456454,88.11247153214494
2646,flow:INLET:valve0,0.6466466466466461,84.78959089781205
2647,flow:INLET:valve0,0.6476476476476467,81.58614703028616
2648,flow:INLET:valve0,0.6486486486486491,78.49784745353163
2649,flow:INLET:valve0,0.6496496496496498,75.52055396004769
2650,flow:INLET:valve0,0.6506506506506504,72.6502770665953
2651,flow:INLET:valve0,0.6516516516516511,69.88317066912849
2652,flow:INLET:valve0,0.6526526526526517,67.21552688986488
2653,flow:INLET:valve0,0.6536536536536541,64.64377110952533
2654,flow:INLET:valve0,0.6546546546546548,62.16445717811931
2655,flow:INLET:valve0,0.6556556556556554,59.77426279785244
2656,flow:INLET:valve0,0.6566566566566561,57.4699850719637
2657,flow:INLET:valve0,0.6576576576576567,55.24853621354074
2658,flow:INLET:valve0,0.6586586586586591,53.10693940855053
2659,flow:INLET:valve0,0.6596596596596598,51.04232482755459
2660,flow:INLET:valve0,0.6606606606606604,49.051925780762815
2661,flow:INLET:valve0,0.6616616616616611,47.13307501125612
2662,flow:INLET:valve0,0.6626626626626617,45.28320112145941
2663,flow:INLET:valve0,0.6636636636636641,43.499825128007295
2664,flow:INLET:valve0,0.6646646646646648,41.78055714044692
2665,flow:INLET:valve0,0.6656656656656654,40.12309315931368
2666,flow:INLET:valve0,0.6666666666666661,38.52521198925495
2667,flow:INLET:valve0,0.6676676676676667,36.98477226311475
2668,flow:INLET:valve0,0.6686686686686691,35.49970957297309
2669,flow:INLET:valve0,0.6696696696696698,34.06803370427343
2670,flow:INLET:valve0,0.6706706706706704,32.68782596937379
2671,flow:INLET:valve0,0.6716716716716711,31.357236636917975
2672,flow:INLET:valve0,0.6726726726726717,30.074482453595277
2673,flow:INLET:valve0,0.6736736736736741,28.837844254967575
2674,flow:INLET:valve0,0.6746746746746748,27.645664662163163
2675,flow:INLET:valve0,0.6756756756756754,26.49634586133786
2676,flow:INLET:valve0,0.6766766766766761,25.388347462970124
2677,flow:INLET:valve0,0.6776776776776767,24.32018443804128
2678,flow:INLET:valve0,0.6786786786786791,23.290425128456125
2679,flow:INLET:valve0,0.6796796796796798,22.297689328892215
2680,flow:INLET:valve0,0.6806806806806804,21.340646437649905
2681,flow:INLET:valve0,0.6816816816816811,20.41801367392961
2682,flow:INLET:valve0,0.6826826826826817,19.528554359161685
2683,flow:INLET:valve0,0.6836836836836842,18.671076260161367
2684,flow:INLET:valve0,0.6846846846846848,17.84442999175704
2685,flow:INLET:valve0,0.6856856856856854,17.047507476887304
2686,flow:INLET:valve0,0.6866866866866861,16.279240462003397
2687,flow:INLET:valve0,0.6876876876876867,15.538599085851278
2688,flow:INLET:valve0,0.6886886886886892,14.824590499667476
2689,flow:INLET:valve0,0.6896896896896898,14.136257536989929
2690,flow:INLET:valve0,0.6906906906906904,13.47267743124534
2691,flow:INLET:valve0,0.6916916916916911,12.832960579461789
2692,flow:INLET:valve0,0.6926926926926917,12.21624935037024
2693,flow:INLET:valve0,0.6936936936936942,11.621716935383526
2694,flow:INLET:valve0,0.6946946946946948,11.048566240834566
2695,flow:INLET:valve0,0.6956956956956954,10.49602882005977
2696,flow:INLET:valve0,0.6966966966966961,9.963363843830686
2697,flow:INLET:valve0,0.6976976976976967,9.449857107813477
2698,flow:INLET:valve0,0.6986986986986992,8.954820075682456
2699,flow:INLET:valve0,0.6996996996996998,8.477588956632388
2700,flow:INLET:valve0,0.7007007007007005,8.017523816046435
2701,flow:INLET:valve0,0.7017017017017011,7.5740077181127585
2702,flow:INLET:valve0,0.7027027027027017,7.146445899271204
2703,flow:INLET:valve0,0.7037037037037042,6.734264971354436
2704,flow:INLET:valve0,0.7047047047047048,6.336912153373747
2705,flow:INLET:valve0,0.7057057057057055,5.953854530903367
2706,flow:INLET:valve0,0.7067067067067061,5.584578342109218
2707,flow:INLET:valve0,0.7077077077077067,5.228588289394744
2708,flow:INLET:valve0,0.7087087087087092,4.885406875828915
2709,flow:INLET:valve0,0.7097097097097098,4.554573765389567
2710,flow:INLET:valve0,0.7107107107107105,4.235645166217734
2711,flow:INLET:valve0,0.7117117117117111,3.9281932360333975
2712,flow:INLET:valve0,0.7127127127127117,3.631805508914157
2713,flow:INLET:valve0,0.7137137137137142,3.346084342688457
2714,flow:INLET:valve0,0.7147147147147148,3.0706463861692055
2715,flow:INLET:valve0,0.7157157157157155,2.8051220655535003
2716,flow:INLET:valve0,0.7167167167167161,2.5491550892677224
2717,flow:INLET:valve0,0.7177177177177168,2.302401970624188
2718,flow:INLET:valve0,0.7187187187187192,2.064531567607321
2719,flow:INLET:valve0,0.7197197197197198,1.8352246392251883
2720,flow:INLET:valve0,0.7207207207207205,1.614173417794729
2721,flow:INLET:valve0,0.7217217217217211,1.4010811965932517
2722,flow:INLET:valve0,0.7227227227227218,1.1956619323403237
2723,flow:INLET:valve0,0.7237237237237242,0.9976398619591628
2724,flow:INLET:valve0,0.7247247247247248,0.8067491331140388
2725,flow:INLET:valve0,0.7257257257257255,0.6227334480222341
2726,flow:INLET:valve0,0.7267267267267261,0.44534572008020445
2727,flow:INLET:valve0,0.7277277277277268,0.2743477428011154
2728,flow:INLET:valve0,0.7287287287287291,0.10950987069495992
2729,flow:INLET:valve0,0.7297297297297297,-0.04938928843802026
2730,flow:INLET:valve0,0.7307307307307304,0.02463676489607798
2731,flow:INLET:valve0,0.7317317317317312,-0.012435366297475796
2732,flow:INLET:valve0,0.7327327327327319,0.006041586220065714
2733,flow:INLET:valve0,0.7337337337337343,-0.0032559934582852418
2734,flow:INLET:valve0,0.7347347347347348,0.0013336989772600406
2735,flow:INLET:valve0,0.7357357357357355,-0.001020237900689133
2736,flow:INLET:valve0,0.7367367367367361,9.764647483203856e-05
2737,flow:INLET:valve0,0.7377377377377385,-0.0005203731515381233
2738,flow:INLET:valve0,0.7387387387387392,-0.00027043415896308776
2739,flow:INLET:valve0,0.7397397397397398,-0.0004544678577064013
2740,flow:INLET:valve0,0.7407407407407405,-0.00042150859387775314
2741,flow:INLET:valve0,0.7417417417417411,-0.0004970391953779152
2742,flow:INLET:valve0,0.7427427427427435,-0.0005183182492661222
2743,flow:INLET:valve0,0.7437437437437442,-0.0005667164630058772
2744,flow:INLET:valve0,0.7447447447447448,-0.0006015484838570244
2745,flow:INLET:valve0,0.7457457457457455,-0.0006431569891765046
2746,flow:INLET:valve0,0.7467467467467461,-0.0006813706412714273
2747,flow:INLET:valve0,0.7477477477477484,-0.000721275109966138
2748,flow:INLET:valve0,0.7487487487487491,-0.0007603275613255067
2749,flow:INLET:valve0,0.7497497497497497,-0.0007997994132894245
2750,flow:INLET:valve0,0.7507507507507504,-0.0008390549578564816
2751,flow:INLET:valve0,0.7517517517517512,-0.0008784120499932772
2752,flow:INLET:valve0,0.7527527527527536,-0.0009177117631780668
2753,flow:INLET:valve0,0.7537537537537542,-0.0009570335616294533
2754,flow:INLET:valve0,0.7547547547547548,-0.0009963377141935968
2755,flow:INLET:valve0,0.7557557557557555,-0.00103564408739834
2756,flow:INLET:valve0,0.7567567567567561,-0.0010749427489282213
2757,flow:INLET:valve0,0.7577577577577586,-0.0011142386658856069
2758,flow:INLET:valve0,0.7587587587587592,-0.0011535293556599387
2759,flow:INLET:valve0,0.7597597597597598,-0.0011928160604961504
2760,flow:INLET:valve0,0.7607607607607605,-0.0012320981602066685
2761,flow:INLET:valve0,0.7617617617617611,-0.001271375965816309
2762,flow:INLET:valve0,0.7627627627627636,-0.0013106493227421716
2763,flow:INLET:valve0,0.7637637637637642,-0.0013499183092016093
2764,flow:INLET:valve0,0.7647647647647648,-0.001389182887008823
2765,flow:INLET:valve0,0.7657657657657655,-0.0014284430761765396
2766,flow:INLET:valve0,0.766766766766766,-0.0014676988676151457
2767,flow:INLET:valve0,0.7677677677677687,-0.0015069502667834638
2768,flow:INLET:valve0,0.7687687687687693,-0.001546197271863317
2769,flow:INLET:valve0,0.76976976976977,-0.0015854398846726486
2770,flow:INLET:valve0,0.7707707707707706,-0.00162467810520784
2771,flow:INLET:valve0,0.7717717717717713,-0.0016639119343736482
2772,flow:INLET:valve0,0.7727727727727736,-0.0017031413726174725
2773,flow:INLET:valve0,0.7737737737737742,-0.0017423664206135637
2774,flow:INLET:valve0,0.7747747747747749,-0.0017815870789195372
2775,flow:INLET:valve0,0.7757757757757755,-0.0018208033481488665
2776,flow:INLET:valve0,0.7767767767767761,-0.0018600152288846656
2777,flow:INLET:valve0,0.7777777777777786,-0.0018992227217232288
2778,flow:INLET:valve0,0.7787787787787792,-0.0019384258272498536
2779,flow:INLET:valve0,0.7797797797797799,-0.001977624546055114
2780,flow:INLET:valve0,0.7807807807807805,-0.002016818878723401
2781,flow:INLET:valve0,0.7817817817817811,-0.002056008825839358
2782,flow:INLET:valve0,0.7827827827827836,-0.0020951943879866032
2783,flow:INLET:valve0,0.7837837837837841,-0.0021343755657456504
2784,flow:INLET:valve0,0.7847847847847848,-0.0021735523596966948
2785,flow:INLET:valve0,0.7857857857857854,-0.0022127247704183005
2786,flow:INLET:valve0,0.786786786786786,-0.002251892798486947
2787,flow:INLET:valve0,0.7877877877877887,-0.0022910564444773734
2788,flow:INLET:valve0,0.7887887887887893,-0.0023302157089643183
2789,flow:INLET:valve0,0.78978978978979,-0.002369370592520015
2790,flow:INLET:valve0,0.7907907907907905,-0.0024085210957159307
2791,flow:INLET:valve0,0.7917917917917912,-0.00244766721912049
2792,flow:INLET:valve0,0.7927927927927936,-0.002486808963303656
2793,flow:INLET:valve0,0.7937937937937942,-0.0025259463288313374
2794,flow:INLET:valve0,0.7947947947947949,-0.002565079316268987
2795,flow:INLET:valve0,0.7957957957957955,-0.0026042079261819457
2796,flow:INLET:valve0,0.7967967967967962,-0.0026433321591316696
2797,flow:INLET:valve0,0.7977977977977986,-0.002682452015681355
2798,flow:INLET:valve0,0.7987987987987992,-0.0027215674963907348
2799,flow:INLET:valve0,0.7997997997997999,-0.002760678601818465
2800,flow:INLET:valve0,0.8008008008008005,-0.0027997853325240673
2801,flow:INLET:valve0,0.8018018018018012,-0.0028388876890621264
2802,flow:INLET:valve0,0.8028028028028035,-0.002877985671990331
2803,flow:INLET:valve0,0.8038038038038041,-0.0029170792818616485
2804,flow:INLET:valve0,0.8048048048048048,-0.002956168519229535
2805,flow:INLET:valve0,0.8058058058058054,-0.0029952533846463974
2806,flow:INLET:valve0,0.806806806806806,-0.0030343338786627022
2807,flow:INLET:valve0,0.8078078078078086,-0.0030734100018278525
2808,flow:INLET:valve0,0.8088088088088092,-0.003112481754691549
2809,flow:INLET:valve0,0.8098098098098099,-0.003151549137800592
2810,flow:INLET:valve0,0.8108108108108105,-0.003190612151702085
2811,flow:INLET:valve0,0.8118118118118112,-0.003229670796939826
2812,flow:INLET:valve0,0.8128128128128136,-0.003268725074060949
2813,flow:INLET:valve0,0.8138138138138142,-0.003307774983605401
2814,flow:INLET:valve0,0.8148148148148149,-0.0033468205261184937
2815,flow:INLET:valve0,0.8158158158158155,-0.0033858617021393375
2816,flow:INLET:valve0,0.8168168168168162,-0.003424898512210345
2817,flow:INLET:valve0,0.8178178178178186,-0.0034639309568685454
2818,flow:INLET:valve0,0.8188188188188192,-0.0035029590366534385
2819,flow:INLET:valve0,0.8198198198198199,-0.0035419827521021487
2820,flow:INLET:valve0,0.8208208208208205,-0.0035810021037507725
2821,flow:INLET:valve0,0.8218218218218212,-0.0036200170921352466
2822,flow:INLET:valve0,0.8228228228228237,-0.0036590277177906416
2823,flow:INLET:valve0,0.8238238238238244,-0.003698033981249004
2824,flow:INLET:valve0,0.824824824824825,-0.0037370358830443222
2825,flow:INLET:valve0,0.8258258258258256,-0.003776033423708316
2826,flow:INLET:valve0,0.8268268268268263,-0.0038150266037711455
2827,flow:INLET:valve0,0.8278278278278286,-0.00385401542376394
2828,flow:INLET:valve0,0.8288288288288292,-0.0038929998842151823
2829,flow:INLET:valve0,0.8298298298298299,-0.003931979985653667
2830,flow:INLET:valve0,0.8308308308308305,-0.003970955728606914
2831,flow:INLET:valve0,0.8318318318318312,-0.004009927113601487
2832,flow:INLET:valve0,0.8328328328328336,-0.0040488941411632425
2833,flow:INLET:valve0,0.8338338338338342,-0.004087856811817819
2834,flow:INLET:valve0,0.8348348348348349,-0.0041268151260886714
2835,flow:INLET:valve0,0.8358358358358355,-0.004165769084500405
2836,flow:INLET:valve0,0.8368368368368362,-0.004204718687575154
2837,flow:INLET:valve0,0.8378378378378386,-0.004243663935835152
2838,flow:INLET:valve0,0.8388388388388393,-0.004282604829801517
2839,flow:INLET:valve0,0.8398398398398398,-0.004321541369995377
2840,flow:INLET:valve0,0.8408408408408404,-0.0043604735569352645
2841,flow:INLET:valve0,0.8418418418418411,-0.0043994013911416874
2842,flow:INLET:valve0,0.8428428428428437,-0.004438324873131877
2843,flow:INLET:valve0,0.8438438438438444,-0.004477244003424545
2844,flow:INLET:valve0,0.844844844844845,-0.004516158782535063
2845,flow:INLET:valve0,0.8458458458458455,-0.00455506921098183
2846,flow:INLET:valve0,0.8468468468468462,-0.004593975289278591
2847,flow:INLET:valve0,0.8478478478478486,-0.0046328770179414405
2848,flow:INLET:valve0,0.8488488488488493,-0.004671774397483776
2849,flow:INLET:valve0,0.8498498498498499,-0.004710667428420645
2850,flow:INLET:valve0,0.8508508508508505,-0.0047495561112630815
2851,flow:INLET:valve0,0.8518518518518512,-0.004788440446524705
2852,flow:INLET:valve0,0.8528528528528536,-0.004827320434717285
2853,flow:INLET:valve0,0.8538538538538543,-0.004866196076350197
2854,flow:INLET:valve0,0.8548548548548549,-0.0049050673719371815
2855,flow:INLET:valve0,0.8558558558558556,-0.004943934321984381
2856,flow:INLET:valve0,0.8568568568568562,-0.004982796927003871
2857,flow:INLET:valve0,0.8578578578578585,-0.005021655187503273
2858,flow:INLET:valve0,0.8588588588588592,-0.005060509103990346
2859,flow:INLET:valve0,0.8598598598598598,-0.005099358676972989
2860,flow:INLET:valve0,0.8608608608608604,-0.005138203906958309
2861,flow:INLET:valve0,0.8618618618618611,-0.005177044794452443
2862,flow:INLET:valve0,0.8628628628628637,-0.005215881339961628
2863,flow:INLET:valve0,0.8638638638638643,-0.005254713543990855
2864,flow:INLET:valve0,0.8648648648648649,-0.005293541407044494
2865,flow:INLET:valve0,0.8658658658658656,-0.0053323649296281965
2866,flow:INLET:valve0,0.8668668668668662,-0.00537118411224344
2867,flow:INLET:valve0,0.8678678678678686,-0.005409998955395516
2868,flow:INLET:valve0,0.8688688688688693,-0.005448809459585618
2869,flow:INLET:valve0,0.8698698698698699,-0.005487615625317021
2870,flow:INLET:valve0,0.8708708708708706,-0.005526417453090243
2871,flow:INLET:valve0,0.8718718718718712,-0.005565214943407959
2872,flow:INLET:valve0,0.8728728728728736,-0.005604008096768725
2873,flow:INLET:valve0,0.8738738738738743,-0.005642796913674594
2874,flow:INLET:valve0,0.8748748748748749,-0.005681581394625006
2875,flow:INLET:valve0,0.8758758758758756,-0.005720361540117671
2876,flow:INLET:valve0,0.8768768768768762,-0.00575913735065369
2877,flow:INLET:valve0,0.8778778778778785,-0.005797908826729456
2878,flow:INLET:valve0,0.8788788788788794,-0.0058366759688436385
2879,flow:INLET:valve0,0.87987987987988,-0.005875438777494139
2880,flow:INLET:valve0,0.8808808808808807,-0.0059141972531764975
2881,flow:INLET:valve0,0.8818818818818813,-0.005952951396388875
2882,flow:INLET:valve0,0.8828828828828836,-0.005991701207626116
2883,flow:INLET:valve0,0.8838838838838843,-0.0060304466873845105
2884,flow:INLET:valve0,0.8848848848848849,-0.006069187836159375
2885,flow:INLET:valve0,0.8858858858858856,-0.006107924654445101
2886,flow:INLET:valve0,0.8868868868868862,-0.006146657142736617
2887,flow:INLET:valve0,0.8878878878878886,-0.006185385301527174
2888,flow:INLET:valve0,0.8888888888888893,-0.006224109131311856
2889,flow:INLET:valve0,0.8898898898898899,-0.006262828632581688
2890,flow:INLET:valve0,0.8908908908908906,-0.006301543805832054
2891,flow:INLET:valve0,0.8918918918918912,-0.006340254651552707
2892,flow:INLET:valve0,0.8928928928928936,-0.006378961170238671
2893,flow:INLET:valve0,0.8938938938938943,-0.006417663362378386
2894,flow:INLET:valve0,0.8948948948948949,-0.006456361228466015
2895,flow:INLET:valve0,0.8958958958958955,-0.006495054768990218
2896,flow:INLET:valve0,0.8968968968968961,-0.006533743984443827
2897,flow:INLET:valve0,0.8978978978978985,-0.00657242887531487
2898,flow:INLET:valve0,0.8988988988988994,-0.006611109442094373
2899,flow:INLET:valve0,0.8998998998999,-0.006649785685271675
2900,flow:INLET:valve0,0.9009009009009005,-0.006688457605335498
2901,flow:INLET:valve0,0.9019019019019012,-0.006727125202775994
2902,flow:INLET:valve0,0.9029029029029036,-0.006765788478079513
2903,flow:INLET:valve0,0.9039039039039043,-0.0068044474317361546
2904,flow:INLET:valve0,0.9049049049049048,-0.006843102064232039
2905,flow:INLET:valve0,0.9059059059059056,-0.006881752376056288
2906,flow:INLET:valve0,0.9069069069069062,-0.006920398367694928
2907,flow:INLET:valve0,0.9079079079079087,-0.006959040039635008
2908,flow:INLET:valve0,0.9089089089089091,-0.006997677392362781
2909,flow:INLET:valve0,0.90990990990991,-0.007036310426365368
2910,flow:INLET:valve0,0.9109109109109106,-0.007074939142127728
2911,flow:INLET:valve0,0.9119119119119112,-0.007113563540135323
2912,flow:INLET:valve0,0.9129129129129137,-0.007152183620874777
2913,flow:INLET:valve0,0.9139139139139144,-0.007190799384829193
2914,flow:INLET:valve0,0.9149149149149148,-0.007229410832484742
2915,flow:INLET:valve0,0.9159159159159157,-0.007268017964325333
2916,flow:INLET:valve0,0.9169169169169161,-0.007306620780834503
2917,flow:INLET:valve0,0.9179179179179188,-0.007345219282497098
2918,flow:INLET:valve0,0.9189189189189192,-0.007383813469795987
2919,flow:INLET:valve0,0.91991991991992,-0.007422403343213768
2920,flow:INLET:valve0,0.9209209209209205,-0.007460988903235003
2921,flow:INLET:valve0,0.9219219219219212,-0.007499570150341327
2922,flow:INLET:valve0,0.9229229229229237,-0.007538147085015192
2923,flow:INLET:valve0,0.9239239239239245,-0.007576719707739269
2924,flow:INLET:valve0,0.9249249249249248,-0.0076152880189946145
2925,flow:INLET:valve0,0.9259259259259256,-0.007653852019264384
2926,flow:INLET:valve0,0.9269269269269262,-0.007692411709027305
2927,flow:INLET:valve0,0.9279279279279287,-0.0077309670887677345
2928,flow:INLET:valve0,0.9289289289289293,-0.007769518158964207
2929,flow:INLET:valve0,0.9299299299299301,-0.007808064920097857
2930,flow:INLET:valve0,0.9309309309309306,-0.00784660737265059
2931,flow:INLET:valve0,0.9319319319319312,-0.007885145517099594
2932,flow:INLET:valve0,0.9329329329329336,-0.00792367935392801
2933,flow:INLET:valve0,0.9339339339339344,-0.00796220888361225
2934,flow:INLET:valve0,0.9349349349349348,-0.008000734106634287
2935,flow:INLET:valve0,0.9359359359359357,-0.008039255023471872
2936,flow:INLET:valve0,0.9369369369369364,-0.008077771634605086
2937,flow:INLET:valve0,0.9379379379379387,-0.008116283940511467
2938,flow:INLET:valve0,0.9389389389389392,-0.00815479194167011
2939,flow:INLET:valve0,0.93993993993994,-0.008193295638559642
2940,flow:INLET:valve0,0.9409409409409406,-0.008231795031657017
2941,flow:INLET:valve0,0.9419419419419413,-0.008270290121441242
2942,flow:INLET:valve0,0.9429429429429437,-0.00830878090838865
2943,flow:INLET:valve0,0.9439439439439444,-0.008347267392978452
2944,flow:INLET:valve0,0.9449449449449449,-0.008385749575685612
2945,flow:INLET:valve0,0.9459459459459456,-0.008424227456988833
2946,flow:INLET:valve0,0.9469469469469463,-0.00846270103736424
2947,flow:INLET:valve0,0.9479479479479487,-0.008501170317288052
2948,flow:INLET:valve0,0.9489489489489493,-0.008539635297237842
2949,flow:INLET:valve0,0.9499499499499501,-0.008578095977687623
2950,flow:INLET:valve0,0.9509509509509506,-0.008616552359115851
2951,flow:INLET:valve0,0.9519519519519511,-0.008655004441996243
2952,flow:INLET:valve0,0.9529529529529536,-0.008693452226805565
2953,flow:INLET:valve0,0.9539539539539544,-0.008731895714017937
2954,flow:INLET:valve0,0.9549549549549549,-0.008770334904110126
2955,flow:INLET:valve0,0.9559559559559557,-0.0088087697975565
2956,flow:INLET:valve0,0.9569569569569564,-0.008847200394830635
2957,flow:INLET:valve0,0.9579579579579587,-0.008885626696409465
2958,flow:INLET:valve0,0.9589589589589592,-0.008924048702765275
2959,flow:INLET:valve0,0.95995995995996,-0.008962466414373739
2960,flow:INLET:valve0,0.9609609609609606,-0.009000879831708183
2961,flow:INLET:valve0,0.9619619619619613,-0.009039288955242872
2962,flow:INLET:valve0,0.9629629629629637,-0.009077693785450602
2963,flow:INLET:valve0,0.9639639639639644,-0.009116094322806152
2964,flow:INLET:valve0,0.9649649649649648,-0.009154490567782026
2965,flow:INLET:valve0,0.9659659659659656,-0.009192882520852137
2966,flow:INLET:valve0,0.9669669669669663,-0.009231270182488755
2967,flow:INLET:valve0,0.9679679679679687,-0.009269653553165813
2968,flow:INLET:valve0,0.9689689689689693,-0.009308032633354005
2969,flow:INLET:valve0,0.9699699699699701,-0.009346407423527962
2970,flow:INLET:valve0,0.9709709709709705,-0.00938477792415908
2971,flow:INLET:valve0,0.9719719719719712,-0.009423144135719258
2972,flow:INLET:valve0,0.9729729729729738,-0.009461506058681296
2973,flow:INLET:valve0,0.9739739739739744,-0.00949986369351643
2974,flow:INLET:valve0,0.9749749749749749,-0.009538217040696451
2975,flow:INLET:valve0,0.9759759759759756,-0.009576566100693277
2976,flow:INLET:valve0,0.9769769769769763,-0.009614910873978139
2977,flow:INLET:valve0,0.9779779779779789,-0.009653251361022429
2978,flow:INLET:valve0,0.9789789789789792,-0.009691587562296258
2979,flow:INLET:valve0,0.9799799799799802,-0.009729919478272397
2980,flow:INLET:valve0,0.9809809809809806,-0.009768247109420525
2981,flow:INLET:valve0,0.9819819819819813,-0.009806570456210533
2982,flow:INLET:valve0,0.9829829829829837,-0.009844889519114781
2983,flow:INLET:valve0,0.9839839839839845,-0.009883204298602578
2984,flow:INLET:valve0,0.984984984984985,-0.00992151479514391
2985,flow:INLET:valve0,0.9859859859859856,-0.009959821009209424
2986,flow:INLET:valve0,0.9869869869869863,-0.00999812294126839
2987,flow:INLET:valve0,0.9879879879879888,-0.010036420591791584
2988,flow:INLET:valve0,0.9889889889889892,-0.010074713961247235
2989,flow:INLET:valve0,0.9899899899899901,-0.010113003050106734
2990,flow:INLET:valve0,0.9909909909909907,-0.010151287858837682
2991,flow:INLET:valve0,0.9919919919919914,-0.010189568387910884
2992,flow:INLET:valve0,0.9929929929929936,-0.010227844637793804
2993,flow:INLET:valve0,0.9939939939939944,-0.010266116608957118
2994,flow:INLET:valve0,0.994994994994995,-0.010304384301868206
2995,flow:INLET:valve0,0.9959959959959956,-0.010342647716996846
2996,flow:INLET:valve0,0.9969969969969963,-0.010380906854811158
2997,flow:INLET:valve0,0.9979979979979989,-0.010419161715779885
2998,flow:INLET:valve0,0.9989989989989992,-0.010457412300370512
2999,flow:INLET:valve0,1.0,-0.010495658609052204
3000,pressure:INLET:valve0,0.0,5333.0
3001,pressure:INLET:valve0,0.0010010010010006454,5333.0
3002,pressure:INLET:valve0,0.0020020020020012907,5333.0
3003,pressure:INLET:valve0,0.0030030030030037125,5333.0
3004,pressure:INLET:valve0,0.004004004004004358,5333.0
3005,pressure:INLET:valve0,0.005005005005005003,5333.0
3006,pressure:INLET:valve0,0.006006006006005649,5333.0
3007,pressure:INLET:valve0,0.007007007007006294,5333.0
3008,pressure:INLET:valve0,0.008008008008008716,5333.0
3009,pressure:INLET:valve0,0.00900900900900936,5333.0
3010,pressure:INLET:valve0,0.010010010010010006,5333.0
3011,pressure:INLET:valve0,0.011011011011010652,5333.0
3012,pressure:INLET:valve0,0.012012012012011295,5333.0
3013,pressure:INLET:valve0,0.01301301301301372,5333.0
3014,pressure:INLET:valve0,0.014014014014014364,5333.0
3015,pressure:INLET:valve0,0.01501501501501501,5333.0
3016,pressure:INLET:valve0,0.016016016016015655,5333.0
3017,pressure:INLET:valve0,0.0170170170170163,5333.0
3018,pressure:INLET:valve0,0.01801801801801872,5333.0
3019,pressure:INLET:valve0,0.019019019019019368,5333.0
3020,pressure:INLET:valve0,0.020020020020020013,5333.0
3021,pressure:INLET:valve0,0.021021021021020655,5333.0
3022,pressure:INLET:valve0,0.022022022022021304,5333.0
3023,pressure:INLET:valve0,0.023023023023023725,5333.0
3024,pressure:INLET:valve0,0.02402402402402437,5333.0
3025,pressure:INLET:valve0,0.025025025025025016,5333.0
3026,pressure:INLET:valve0,0.026026026026025665,5333.0
3027,pressure:INLET:valve0,0.027027027027026307,5333.0
3028,pressure:INLET:valve0,0.02802802802802873,5333.0
3029,pressure:INLET:valve0,0.029029029029029377,5333.0
3030,pressure:INLET:valve0,0.03003003003003002,5333.0
3031,pressure:INLET:valve0,0.031031031031030665,5333.0
3032,pressure:INLET:valve0,0.03203203203203131,5333.0
3033,pressure:INLET:valve0,0.03303303303303373,5333.0
3034,pressure:INLET:valve0,0.03403403403403438,5333.0
3035,pressure:INLET:valve0,0.03503503503503502,5333.0
3036,pressure:INLET:valve0,0.03603603603603566,5333.0
3037,pressure:INLET:valve0,0.03703703703703631,5333.0
3038,pressure:INLET:valve0,0.038038038038038735,5333.0
3039,pressure:INLET:valve0,0.039039039039039374,5333.0
3040,pressure:INLET:valve0,0.040040040040040026,5333.0
3041,pressure:INLET:valve0,0.04104104104104067,5333.0
3042,pressure:INLET:valve0,0.04204204204204132,5333.0
3043,pressure:INLET:valve0,0.04304304304304374,5333.0
3044,pressure:INLET:valve0,0.044044044044044384,5333.0
3045,pressure:INLET:valve0,0.04504504504504503,5333.0
3046,pressure:INLET:valve0,0.046046046046045674,5333.0
3047,pressure:INLET:valve0,0.04704704704704632,5333.0
3048,pressure:INLET:valve0,0.04804804804804874,5333.0
3049,pressure:INLET:valve0,0.04904904904904939,5333.0
3050,pressure:INLET:valve0,0.05005005005005003,5333.0
3051,pressure:INLET:valve0,0.05105105105105068,5333.0
3052,pressure:INLET:valve0,0.05205205205205132,5333.0
3053,pressure:INLET:valve0,0.053053053053053745,5333.0
3054,pressure:INLET:valve0,0.05405405405405439,5333.0
3055,pressure:INLET:valve0,0.05505505505505503,5333.0
3056,pressure:INLET:valve0,0.05605605605605568,5333.0
3057,pressure:INLET:valve0,0.057057057057056326,5333.0
3058,pressure:INLET:valve0,0.058058058058058755,5333.0
3059,pressure:INLET:valve0,0.05905905905905939,5333.0
3060,pressure:INLET:valve0,0.06006006006006004,5333.0
3061,pressure:INLET:valve0,0.06106106106106069,5333.0
3062,pressure:INLET:valve0,0.06206206206206133,5333.0
3063,pressure:INLET:valve0,0.06306306306306375,5333.0
3064,pressure:INLET:valve0,0.0640640640640644,5333.0
3065,pressure:INLET:valve0,0.06506506506506504,5333.0
3066,pressure:INLET:valve0,0.06606606606606569,5333.0
3067,pressure:INLET:valve0,0.06706706706706633,5333.0
3068,pressure:INLET:valve0,0.06806806806806875,5333.0
3069,pressure:INLET:valve0,0.0690690690690694,5333.0
3070,pressure:INLET:valve0,0.07007007007007005,5333.0
3071,pressure:INLET:valve0,0.07107107107107069,5333.0
3072,pressure:INLET:valve0,0.07207207207207132,5333.0
3073,pressure:INLET:valve0,0.07307307307307376,5333.0
3074,pressure:INLET:valve0,0.0740740740740744,5333.0
3075,pressure:INLET:valve0,0.07507507507507503,5333.0
3076,pressure:INLET:valve0,0.0760760760760757,5333.0
3077,pressure:INLET:valve0,0.07707707707707634,5333.0
3078,pressure:INLET:valve0,0.07807807807807877,5333.0
3079,pressure:INLET:valve0,0.0790790790790794,5333.0
3080,pressure:INLET:valve0,0.08008008008008005,5333.0
3081,pressure:INLET:valve0,0.08108108108108071,5333.0
3082,pressure:INLET:valve0,0.08208208208208134,5333.0
3083,pressure:INLET:valve0,0.08308308308308376,5333.0
3084,pressure:INLET:valve0,0.08408408408408441,5333.0
3085,pressure:INLET:valve0,0.08508508508508505,5333.0
3086,pressure:INLET:valve0,0.0860860860860857,5333.0
3087,pressure:INLET:valve0,0.08708708708708635,5333.0
3088,pressure:INLET:valve0,0.08808808808808877,5333.0
3089,pressure:INLET:valve0,0.08908908908908941,5333.0
3090,pressure:INLET:valve0,0.09009009009009004,5333.0
3091,pressure:INLET:valve0,0.0910910910910907,5333.0
3092,pressure:INLET:valve0,0.09209209209209135,5333.0
3093,pressure:INLET:valve0,0.09309309309309376,5333.0
3094,pressure:INLET:valve0,0.0940940940940944,5333.0
3095,pressure:INLET:valve0,0.09509509509509506,5333.0
3096,pressure:INLET:valve0,0.0960960960960957,5333.0
3097,pressure:INLET:valve0,0.09709709709709637,5333.0
3098,pressure:INLET:valve0,0.09809809809809877,5333.0
3099,pressure:INLET:valve0,0.0990990990990994,5333.0
3100,pressure:INLET:valve0,0.10010010010010006,5333.0
3101,pressure:INLET:valve0,0.10110110110110072,5333.0
3102,pressure:INLET:valve0,0.10210210210210136,5333.0
3103,pressure:INLET:valve0,0.10310310310310378,5333.0
3104,pressure:INLET:valve0,0.10410410410410442,5333.0
3105,pressure:INLET:valve0,0.10510510510510508,5333.0
3106,pressure:INLET:valve0,0.10610610610610571,5333.0
3107,pressure:INLET:valve0,0.10710710710710636,5333.0
3108,pressure:INLET:valve0,0.10810810810810878,5333.0
3109,pressure:INLET:valve0,0.10910910910910944,5333.0
3110,pressure:INLET:valve0,0.11011011011011008,5333.0
3111,pressure:INLET:valve0,0.11111111111111072,5333.0
3112,pressure:INLET:valve0,0.11211211211211136,5333.0
3113,pressure:INLET:valve0,0.11311311311311378,5333.0
3114,pressure:INLET:valve0,0.11411411411411444,5333.0
3115,pressure:INLET:valve0,0.11511511511511507,5333.0
3116,pressure:INLET:valve0,0.11611611611611572,5333.0
3117,pressure:INLET:valve0,0.11711711711711636,5333.0
3118,pressure:INLET:valve0,0.1181181181181188,5333.0
3119,pressure:INLET:valve0,0.11911911911911945,5333.0
3120,pressure:INLET:valve0,0.12012012012012008,5333.0
3121,pressure:INLET:valve0,0.12112112112112072,5333.0
3122,pressure:INLET:valve0,0.12212212212212135,5333.0
3123,pressure:INLET:valve0,0.1231231231231238,5333.0
3124,pressure:INLET:valve0,0.12412412412412444,5333.0
3125,pressure:INLET:valve0,0.12512512512512508,5333.0
3126,pressure:INLET:valve0,0.12612612612612573,5333.0
3127,pressure:INLET:valve0,0.12712712712712637,5333.0
3128,pressure:INLET:valve0,0.1281281281281288,5333.0
3129,pressure:INLET:valve0,0.12912912912912944,5333.0
3130,pressure:INLET:valve0,0.13013013013013008,5333.0
3131,pressure:INLET:valve0,0.13113113113113073,5333.0
3132,pressure:INLET:valve0,0.13213213213213135,5333.0
3133,pressure:INLET:valve0,0.1331331331331338,5333.0
3134,pressure:INLET:valve0,0.13413413413413444,5333.0
3135,pressure:INLET:valve0,0.1351351351351351,5333.0
3136,pressure:INLET:valve0,0.13613613613613573,5333.0
3137,pressure:INLET:valve0,0.13713713713713638,5333.0
3138,pressure:INLET:valve0,0.1381381381381388,5333.0
3139,pressure:INLET:valve0,0.13913913913913944,5333.0
3140,pressure:INLET:valve0,0.1401401401401401,5333.0
3141,pressure:INLET:valve0,0.14114114114114074,5333.0
3142,pressure:INLET:valve0,0.14214214214214138,5333.0
3143,pressure:INLET:valve0,0.1431431431431438,5333.0
3144,pressure:INLET:valve0,0.14414414414414445,5333.0
3145,pressure:INLET:valve0,0.1451451451451451,5333.0
3146,pressure:INLET:valve0,0.14614614614614574,5333.0
3147,pressure:INLET:valve0,0.14714714714714638,5333.0
3148,pressure:INLET:valve0,0.1481481481481488,5333.0
3149,pressure:INLET:valve0,0.14914914914914945,5333.0
3150,pressure:INLET:valve0,0.1501501501501501,5333.0
3151,pressure:INLET:valve0,0.15115115115115074,5333.0
3152,pressure:INLET:valve0,0.1521521521521514,5333.0
3153,pressure:INLET:valve0,0.1531531531531538,5333.0
3154,pressure:INLET:valve0,0.15415415415415443,5333.0
3155,pressure:INLET:valve0,0.1551551551551551,5333.0
3156,pressure:INLET:valve0,0.15615615615615577,5333.0
3157,pressure:INLET:valve0,0.1571571571571564,5333.0
3158,pressure:INLET:valve0,0.1581581581581588,5333.0
3159,pressure:INLET:valve0,0.15915915915915946,5333.0
3160,pressure:INLET:valve0,0.1601601601601601,5333.0
3161,pressure:INLET:valve0,0.16116116116116075,5333.0
3162,pressure:INLET:valve0,0.1621621621621614,5333.0
3163,pressure:INLET:valve0,0.16316316316316382,5333.0
3164,pressure:INLET:valve0,0.16416416416416446,5333.0
3165,pressure:INLET:valve0,0.1651651651651651,5333.0
3166,pressure:INLET:valve0,0.16616616616616575,5333.0
3167,pressure:INLET:valve0,0.1671671671671664,5333.0
3168,pressure:INLET:valve0,0.16816816816816882,5333.0
3169,pressure:INLET:valve0,0.16916916916916946,5333.0
3170,pressure:INLET:valve0,0.1701701701701701,5333.0
3171,pressure:INLET:valve0,0.17117117117117076,5333.0
3172,pressure:INLET:valve0,0.1721721721721714,5333.0
3173,pressure:INLET:valve0,0.17317317317317382,5333.0
3174,pressure:INLET:valve0,0.17417417417417447,5333.0
3175,pressure:INLET:valve0,0.1751751751751751,5333.0
3176,pressure:INLET:valve0,0.17617617617617576,5333.0
3177,pressure:INLET:valve0,0.1771771771771764,5333.0
3178,pressure:INLET:valve0,0.17817817817817885,5333.0
3179,pressure:INLET:valve0,0.17917917917917947,5333.0
3180,pressure:INLET:valve0,0.18018018018018012,5333.0
3181,pressure:INLET:valve0,0.18118118118118076,5333.0
3182,pressure:INLET:valve0,0.1821821821821814,5333.0
3183,pressure:INLET:valve0,0.18318318318318383,5333.0
3184,pressure:INLET:valve0,0.18418418418418447,5333.0
3185,pressure:INLET:valve0,0.18518518518518512,5333.0
3186,pressure:INLET:valve0,0.18618618618618576,5333.0
3187,pressure:INLET:valve0,0.1871871871871864,5333.0
3188,pressure:INLET:valve0,0.18818818818818883,5333.0
3189,pressure:INLET:valve0,0.18918918918918948,5333.0
3190,pressure:INLET:valve0,0.19019019019019012,5333.0
3191,pressure:INLET:valve0,0.19119119119119077,5333.0
3192,pressure:INLET:valve0,0.1921921921921914,5333.0
3193,pressure:INLET:valve0,0.19319319319319384,5333.0
3194,pressure:INLET:valve0,0.19419419419419448,5333.0
3195,pressure:INLET:valve0,0.19519519519519513,5333.0
3196,pressure:INLET:valve0,0.19619619619619577,5333.0
3197,pressure:INLET:valve0,0.1971971971971964,5333.0
3198,pressure:INLET:valve0,0.19819819819819884,5333.0
3199,pressure:INLET:valve0,0.19919919919919948,5333.0
3200,pressure:INLET:valve0,0.20020020020020013,5333.0
3201,pressure:INLET:valve0,0.20120120120120075,5333.0
3202,pressure:INLET:valve0,0.20220220220220145,5333.0
3203,pressure:INLET:valve0,0.20320320320320384,5333.0
3204,pressure:INLET:valve0,0.2042042042042045,5333.0
3205,pressure:INLET:valve0,0.20520520520520513,5333.0
3206,pressure:INLET:valve0,0.20620620620620575,5333.0
3207,pressure:INLET:valve0,0.2072072072072064,5333.0
3208,pressure:INLET:valve0,0.20820820820820884,5333.0
3209,pressure:INLET:valve0,0.2092092092092095,5333.0
3210,pressure:INLET:valve0,0.21021021021021016,5333.0
3211,pressure:INLET:valve0,0.2112112112112108,5333.0
3212,pressure:INLET:valve0,0.21221221221221143,5333.0
3213,pressure:INLET:valve0,0.21321321321321385,5333.0
3214,pressure:INLET:valve0,0.2142142142142145,5333.0
3215,pressure:INLET:valve0,0.2152152152152151,5333.0
3216,pressure:INLET:valve0,0.21621621621621576,5333.0
3217,pressure:INLET:valve0,0.21721721721721643,5333.0
3218,pressure:INLET:valve0,0.21821821821821885,5333.0
3219,pressure:INLET:valve0,0.21921921921921952,5333.0
3220,pressure:INLET:valve0,0.22022022022022017,5333.0
3221,pressure:INLET:valve0,0.2212212212212208,5333.0
3222,pressure:INLET:valve0,0.22222222222222143,5333.0
3223,pressure:INLET:valve0,0.22322322322322383,5333.0
3224,pressure:INLET:valve0,0.22422422422422447,5333.0
3225,pressure:INLET:valve0,0.22522522522522517,5333.0
3226,pressure:INLET:valve0,0.2262262262262258,5333.0
3227,pressure:INLET:valve0,0.22722722722722644,5333.0
3228,pressure:INLET:valve0,0.22822822822822889,5333.0
3229,pressure:INLET:valve0,0.22922922922922953,5333.0
3230,pressure:INLET:valve0,0.23023023023023015,5333.0
3231,pressure:INLET:valve0,0.2312312312312308,5333.0
3232,pressure:INLET:valve0,0.23223223223223144,5333.0
3233,pressure:INLET:valve0,0.23323323323323383,5333.0
3234,pressure:INLET:valve0,0.2342342342342345,5333.0
3235,pressure:INLET:valve0,0.23523523523523515,5333.0
3236,pressure:INLET:valve0,0.2362362362362358,5333.0
3237,pressure:INLET:valve0,0.23723723723723644,5333.0
3238,pressure:INLET:valve0,0.2382382382382389,5333.0
3239,pressure:INLET:valve0,0.2392392392392395,5333.0
3240,pressure:INLET:valve0,0.24024024024024015,5333.0
3241,pressure:INLET:valve0,0.2412412412412408,5333.0
3242,pressure:INLET:valve0,0.24224224224224145,5333.0
3243,pressure:INLET:valve0,0.24324324324324387,5333.0
3244,pressure:INLET:valve0,0.2442442442442445,5333.0
3245,pressure:INLET:valve0,0.24524524524524516,5333.0
3246,pressure:INLET:valve0,0.2462462462462458,5333.0
3247,pressure:INLET:valve0,0.24724724724724645,5333.0
3248,pressure:INLET:valve0,0.24824824824824887,5333.0
3249,pressure:INLET:valve0,0.24924924924924952,5333.0
3250,pressure:INLET:valve0,0.25025025025025016,5333.0
3251,pressure:INLET:valve0,0.2512512512512508,5333.0
3252,pressure:INLET:valve0,0.25225225225225145,5333.0
3253,pressure:INLET:valve0,0.2532532532532539,5333.0
3254,pressure:INLET:valve0,0.2542542542542545,5333.0
3255,pressure:INLET:valve0,0.25525525525525516,5333.0
3256,pressure:INLET:valve0,0.2562562562562558,5333.0
3257,pressure:INLET:valve0,0.25725725725725646,5333.0
3258,pressure:INLET:valve0,0.2582582582582589,5333.0
3259,pressure:INLET:valve0,0.2592592592592595,5333.0
3260,pressure:INLET:valve0,0.26026026026026017,5333.0
3261,pressure:INLET:valve0,0.2612612612612608,5333.0
3262,pressure:INLET:valve0,0.26226226226226146,5333.0
3263,pressure:INLET:valve0,0.2632632632632639,5333.0
3264,pressure:INLET:valve0,0.2642642642642645,5333.0
3265,pressure:INLET:valve0,0.26526526526526517,5333.0
3266,pressure:INLET:valve0,0.2662662662662658,5333.0
3267,pressure:INLET:valve0,0.26726726726726646,5333.0
3268,pressure:INLET:valve0,0.2682682682682689,5333.0
3269,pressure:INLET:valve0,0.26926926926926953,5333.0
3270,pressure:INLET:valve0,0.2702702702702702,5333.0
3271,pressure:INLET:valve0,0.2712712712712708,5333.0
3272,pressure:INLET:valve0,0.27227227227227146,5333.0
3273,pressure:INLET:valve0,0.2732732732732739,5333.0
3274,pressure:INLET:valve0,0.27427427427427453,5333.0
3275,pressure:INLET:valve0,0.2752752752752752,5333.0
3276,pressure:INLET:valve0,0.2762762762762758,5333.0
3277,pressure:INLET:valve0,0.27727727727727647,5333.0
3278,pressure:INLET:valve0,0.2782782782782789,5333.0
3279,pressure:INLET:valve0,0.27927927927927954,5333.0
3280,pressure:INLET:valve0,0.2802802802802802,5333.0
3281,pressure:INLET:valve0,0.2812812812812808,5333.0
3282,pressure:INLET:valve0,0.28228228228228147,5333.0
3283,pressure:INLET:valve0,0.2832832832832839,5333.0
3284,pressure:INLET:valve0,0.28428428428428454,5333.0
3285,pressure:INLET:valve0,0.2852852852852852,5333.0
3286,pressure:INLET:valve0,0.28628628628628583,5333.0
3287,pressure:INLET:valve0,0.2872872872872865,5333.0
3288,pressure:INLET:valve0,0.2882882882882889,5333.0
3289,pressure:INLET:valve0,0.28928928928928954,5333.0
3290,pressure:INLET:valve0,0.2902902902902902,5333.0
3291,pressure:INLET:valve0,0.29129129129129083,5333.0
3292,pressure:INLET:valve0,0.2922922922922915,5333.0
3293,pressure:INLET:valve0,0.2932932932932939,5333.0
3294,pressure:INLET:valve0,0.29429429429429455,5333.0
3295,pressure:INLET:valve0,0.2952952952952952,5333.0
3296,pressure:INLET:valve0,0.29629629629629584,5333.0
3297,pressure:INLET:valve0,0.2972972972972965,5333.0
3298,pressure:INLET:valve0,0.2982982982982989,5333.0
3299,pressure:INLET:valve0,0.29929929929929955,5333.0
3300,pressure:INLET:valve0,0.3003003003003002,5333.0
3301,pressure:INLET:valve0,0.30130130130130084,5333.0
3302,pressure:INLET:valve0,0.3023023023023015,5333.0
3303,pressure:INLET:valve0,0.3033033033033039,5333.0
3304,pressure:INLET:valve0,0.30430430430430455,5333.0
3305,pressure:INLET:valve0,0.3053053053053052,5333.0
3306,pressure:INLET:valve0,0.30630630630630584,5333.0
3307,pressure:INLET:valve0,0.3073073073073065,5333.0
3308,pressure:INLET:valve0,0.3083083083083089,5333.0
3309,pressure:INLET:valve0,0.30930930930930955,5333.0
3310,pressure:INLET:valve0,0.3103103103103102,5333.0
3311,pressure:INLET:valve0,0.31131131131131085,5333.0
3312,pressure:INLET:valve0,0.3123123123123115,5333.0
3313,pressure:INLET:valve0,0.3133133133133139,5333.0
3314,pressure:INLET:valve0,0.31431431431431456,5333.0
3315,pressure:INLET:valve0,0.3153153153153152,5333.0
3316,pressure:INLET:valve0,0.31631631631631585,5333.0
3317,pressure:INLET:valve0,0.3173173173173165,5333.0
3318,pressure:INLET:valve0,0.3183183183183189,5333.0
3319,pressure:INLET:valve0,0.31931931931931956,5333.0
3320,pressure:INLET:valve0,0.3203203203203202,5333.0
3321,pressure:INLET:valve0,0.32132132132132085,5333.0
3322,pressure:INLET:valve0,0.3223223223223215,5333.0
3323,pressure:INLET:valve0,0.3233233233233239,5333.0
3324,pressure:INLET:valve0,0.32432432432432456,5333.0
3325,pressure:INLET:valve0,0.3253253253253252,5333.0
3326,pressure:INLET:valve0,0.32632632632632586,5333.0
3327,pressure:INLET:valve0,0.3273273273273265,5333.0
3328,pressure:INLET:valve0,0.3283283283283289,5333.0
3329,pressure:INLET:valve0,0.32932932932932957,5333.0
3330,pressure:INLET:valve0,0.3303303303303302,5333.0
3331,pressure:INLET:valve0,0.33133133133133086,5333.0
3332,pressure:INLET:valve0,0.3323323323323315,5333.0
3333,pressure:INLET:valve0,0.3333333333333339,5333.0
3334,pressure:INLET:valve0,0.33433433433433457,5333.0
3335,pressure:INLET:valve0,0.3353353353353352,5333.0
3336,pressure:INLET:valve0,0.33633633633633586,5333.0
3337,pressure:INLET:valve0,0.3373373373373365,5333.0
3338,pressure:INLET:valve0,0.33833833833833893,5333.0
3339,pressure:INLET:valve0,0.3393393393393396,5333.0
3340,pressure:INLET:valve0,0.3403403403403402,5333.0
3341,pressure:INLET:valve0,0.34134134134134086,5333.0
3342,pressure:INLET:valve0,0.3423423423423415,5333.0
3343,pressure:INLET:valve0,0.34334334334334393,5333.0
3344,pressure:INLET:valve0,0.3443443443443446,5333.0
3345,pressure:INLET:valve0,0.3453453453453452,5333.0
3346,pressure:INLET:valve0,0.34634634634634587,5333.0
3347,pressure:INLET:valve0,0.3473473473473465,5333.0
3348,pressure:INLET:valve0,0.34834834834834894,5333.0
3349,pressure:INLET:valve0,0.3493493493493496,5333.0
3350,pressure:INLET:valve0,0.3503503503503502,5333.0
3351,pressure:INLET:valve0,0.35135135135135087,5333.0
3352,pressure:INLET:valve0,0.3523523523523515,5333.0
3353,pressure:INLET:valve0,0.35335335335335394,5333.0
3354,pressure:INLET:valve0,0.3543543543543546,5333.0
3355,pressure:INLET:valve0,0.35535535535535523,5333.0
3356,pressure:INLET:valve0,0.3563563563563559,5333.0
3357,pressure:INLET:valve0,0.3573573573573565,5333.0
3358,pressure:INLET:valve0,0.35835835835835894,5333.0
3359,pressure:INLET:valve0,0.3593593593593596,5333.0
3360,pressure:INLET:valve0,0.36036036036036023,5333.0
3361,pressure:INLET:valve0,0.3613613613613609,5333.0
3362,pressure:INLET:valve0,0.3623623623623615,5333.0
3363,pressure:INLET:valve0,0.36336336336336394,5333.0
3364,pressure:INLET:valve0,0.36436436436436453,5333.0
3365,pressure:INLET:valve0,0.3653653653653653,5333.0
3366,pressure:INLET:valve0,0.36636636636636594,5333.0
3367,pressure:INLET:valve0,0.3673673673673666,5333.0
3368,pressure:INLET:valve0,0.36836836836836895,5333.0
3369,pressure:INLET:valve0,0.3693693693693696,5333.0
3370,pressure:INLET:valve0,0.37037037037037024,5333.0
3371,pressure:INLET:valve0,0.3713713713713709,5333.0
3372,pressure:INLET:valve0,0.37237237237237153,5333.0
3373,pressure:INLET:valve0,0.3733733733733739,5333.0
3374,pressure:INLET:valve0,0.37437437437437454,5333.0
3375,pressure:INLET:valve0,0.3753753753753752,5333.0
3376,pressure:INLET:valve0,0.37637637637637594,5333.0
3377,pressure:INLET:valve0,0.37737737737737653,5333.0
3378,pressure:INLET:valve0,0.37837837837837895,5333.0
3379,pressure:INLET:valve0,0.3793793793793796,5333.0
3380,pressure:INLET:valve0,0.38038038038038025,5333.0
3381,pressure:INLET:valve0,0.3813813813813809,5333.0
3382,pressure:INLET:valve0,0.38238238238238154,5333.0
3383,pressure:INLET:valve0,0.383383383383384,5333.0
3384,pressure:INLET:valve0,0.38438438438438466,5333.0
3385,pressure:INLET:valve0,0.3853853853853853,5333.0
3386,pressure:INLET:valve0,0.3863863863863859,5333.0
3387,pressure:INLET:valve0,0.38738738738738654,5333.0
3388,pressure:INLET:valve0,0.38838838838838896,5333.0
3389,pressure:INLET:valve0,0.3893893893893896,5333.0
3390,pressure:INLET:valve0,0.39039039039039025,5333.0
3391,pressure:INLET:valve0,0.3913913913913909,5333.0
3392,pressure:INLET:valve0,0.39239239239239154,5333.0
3393,pressure:INLET:valve0,0.3933933933933939,5333.0
3394,pressure:INLET:valve0,0.39439439439439467,5333.0
3395,pressure:INLET:valve0,0.39539539539539525,5333.0
3396,pressure:INLET:valve0,0.3963963963963959,5333.0
3397,pressure:INLET:valve0,0.39739739739739655,5333.0
3398,pressure:INLET:valve0,0.39839839839839897,5333.0
3399,pressure:INLET:valve0,0.3993993993993996,5333.0
3400,pressure:INLET:valve0,0.40040040040040026,5333.0
3401,pressure:INLET:valve0,0.4014014014014009,5333.0
3402,pressure:INLET:valve0,0.4024024024024015,5333.0
3403,pressure:INLET:valve0,0.403403403403404,5333.0
3404,pressure:INLET:valve0,0.4044044044044046,5333.0
3405,pressure:INLET:valve0,0.40540540540540526,5333.0
3406,pressure:INLET:valve0,0.4064064064064059,5333.0
3407,pressure:INLET:valve0,0.40740740740740655,5333.0
3408,pressure:INLET:valve0,0.408408408408409,5333.0
3409,pressure:INLET:valve0,0.4094094094094096,5333.0
3410,pressure:INLET:valve0,0.41041041041041026,5333.0
3411,pressure:INLET:valve0,0.41141141141141085,5333.0
3412,pressure:INLET:valve0,0.4124124124124115,5333.0
3413,pressure:INLET:valve0,0.413413413413414,5333.0
3414,pressure:INLET:valve0,0.4144144144144146,5333.0
3415,pressure:INLET:valve0,0.41541541541541527,5333.0
3416,pressure:INLET:valve0,0.4164164164164159,5333.0
3417,pressure:INLET:valve0,0.41741741741741656,5333.0
3418,pressure:INLET:valve0,0.418418418418419,5333.0
3419,pressure:INLET:valve0,0.4194194194194196,5333.0
3420,pressure:INLET:valve0,0.4204204204204202,5333.0
3421,pressure:INLET:valve0,0.42142142142142097,5333.0
3422,pressure:INLET:valve0,0.4224224224224216,5333.0
3423,pressure:INLET:valve0,0.423423423423424,5333.0
3424,pressure:INLET:valve0,0.42442442442442463,5333.0
3425,pressure:INLET:valve0,0.4254254254254253,5333.0
3426,pressure:INLET:valve0,0.4264264264264259,5333.0
3427,pressure:INLET:valve0,0.42742742742742657,5333.0
3428,pressure:INLET:valve0,0.428428428428429,5333.0
3429,pressure:INLET:valve0,0.4294294294294296,5333.0
3430,pressure:INLET:valve0,0.4304304304304302,5333.0
3431,pressure:INLET:valve0,0.43143143143143087,5333.0
3432,pressure:INLET:valve0,0.4324324324324316,5333.0
3433,pressure:INLET:valve0,0.433433433433434,5333.0
3434,pressure:INLET:valve0,0.43443443443443464,5333.0
3435,pressure:INLET:valve0,0.4354354354354353,5333.0
3436,pressure:INLET:valve0,0.4364364364364359,5333.0
3437,pressure:INLET:valve0,0.43743743743743657,5333.0
3438,pressure:INLET:valve0,0.43843843843843894,5333.0
3439,pressure:INLET:valve0,0.4394394394394397,5333.0
3440,pressure:INLET:valve0,0.44044044044044034,5333.0
3441,pressure:INLET:valve0,0.441441441441441,5333.0
3442,pressure:INLET:valve0,0.4424424424424416,5333.0
3443,pressure:INLET:valve0,0.443443443443444,5333.0
3444,pressure:INLET:valve0,0.44444444444444464,5333.0
3445,pressure:INLET:valve0,0.4454454454454453,5333.0
3446,pressure:INLET:valve0,0.44644644644644593,5333.0
3447,pressure:INLET:valve0,0.4474474474474466,5333.0
3448,pressure:INLET:valve0,0.44844844844844894,5333.0
3449,pressure:INLET:valve0,0.4494494494494497,5333.0
3450,pressure:INLET:valve0,0.45045045045045035,5333.0
3451,pressure:INLET:valve0,0.45145145145145094,5333.0
3452,pressure:INLET:valve0,0.4524524524524516,5333.0
3453,pressure:INLET:valve0,0.453453453453454,5333.0
3454,pressure:INLET:valve0,0.45445445445445465,5333.0
3455,pressure:INLET:valve0,0.4554554554554553,5333.0
3456,pressure:INLET:valve0,0.45645645645645594,5333.0
3457,pressure:INLET:valve0,0.4574574574574566,5333.0
3458,pressure:INLET:valve0,0.45845845845845906,5333.0
3459,pressure:INLET:valve0,0.4594594594594597,5333.0
3460,pressure:INLET:valve0,0.4604604604604603,5333.0
3461,pressure:INLET:valve0,0.46146146146146094,5333.0
3462,pressure:INLET:valve0,0.4624624624624616,5333.0
3463,pressure:INLET:valve0,0.463463463463464,5333.0
3464,pressure:INLET:valve0,0.46446446446446465,5333.0
3465,pressure:INLET:valve0,0.4654654654654653,5333.0
3466,pressure:INLET:valve0,0.46646646646646595,5333.0
3467,pressure:INLET:valve0,0.46746746746746654,5333.0
3468,pressure:INLET:valve0,0.468468468468469,5333.0
3469,pressure:INLET:valve0,0.46946946946946966,5333.0
3470,pressure:INLET:valve0,0.4704704704704703,5333.0
3471,pressure:INLET:valve0,0.47147147147147095,5333.0
3472,pressure:INLET:valve0,0.4724724724724716,5333.0
3473,pressure:INLET:valve0,0.473473473473474,5333.0
3474,pressure:INLET:valve0,0.47447447447447466,5333.0
3475,pressure:INLET:valve0,0.4754754754754753,5333.0
3476,pressure:INLET:valve0,0.4764764764764759,5333.0
3477,pressure:INLET:valve0,0.47747747747747665,5333.0
3478,pressure:INLET:valve0,0.478478478478479,5333.0
3479,pressure:INLET:valve0,0.47947947947947966,5333.0
3480,pressure:INLET:valve0,0.4804804804804803,5333.0
3481,pressure:INLET:valve0,0.48148148148148096,5333.0
3482,pressure:INLET:valve0,0.4824824824824816,5333.0
3483,pressure:INLET:valve0,0.483483483483484,5333.0
3484,pressure:INLET:valve0,0.48448448448448467,5333.0
3485,pressure:INLET:valve0,0.48548548548548526,5333.0
3486,pressure:INLET:valve0,0.4864864864864859,5333.0
3487,pressure:INLET:valve0,0.48748748748748655,5333.0
3488,pressure:INLET:valve0,0.488488488488489,5333.0
3489,pressure:INLET:valve0,0.48948948948948967,5333.0
3490,pressure:INLET:valve0,0.4904904904904903,5333.0
3491,pressure:INLET:valve0,0.49149149149149096,5333.0
3492,pressure:INLET:valve0,0.4924924924924916,5333.0
3493,pressure:INLET:valve0,0.493493493493494,5333.0
3494,pressure:INLET:valve0,0.4944944944944946,5333.0
3495,pressure:INLET:valve0,0.4954954954954954,5333.0
3496,pressure:INLET:valve0,0.496496496496496,5333.0
3497,pressure:INLET:valve0,0.49749749749749667,5333.0
3498,pressure:INLET:valve0,0.49849849849849903,5333.0
3499,pressure:INLET:valve0,0.4994994994994997,5333.0
3500,pressure:INLET:valve0,0.5005005005005003,5333.0
3501,pressure:INLET:valve0,0.501501501501501,5333.0
3502,pressure:INLET:valve0,0.5025025025025016,5333.0
3503,pressure:INLET:valve0,0.503503503503504,5333.0
3504,pressure:INLET:valve0,0.5045045045045047,5333.0
3505,pressure:INLET:valve0,0.5055055055055053,5333.0
3506,pressure:INLET:valve0,0.506506506506506,5333.0
3507,pressure:INLET:valve0,0.5075075075075066,5333.0
3508,pressure:INLET:valve0,0.508508508508509,5333.0
3509,pressure:INLET:valve0,0.5095095095095097,5333.0
3510,pressure:INLET:valve0,0.5105105105105103,5333.0
3511,pressure:INLET:valve0,0.511511511511511,5333.0
3512,pressure:INLET:valve0,0.5125125125125116,5333.0
3513,pressure:INLET:valve0,0.513513513513514,5333.0
3514,pressure:INLET:valve0,0.5145145145145147,5333.0
3515,pressure:INLET:valve0,0.5155155155155153,5333.0
3516,pressure:INLET:valve0,0.516516516516516,5333.0
3517,pressure:INLET:valve0,0.5175175175175166,5333.0
3518,pressure:INLET:valve0,0.518518518518519,5333.0
3519,pressure:INLET:valve0,0.5195195195195197,5333.0
3520,pressure:INLET:valve0,0.5205205205205203,5333.0
3521,pressure:INLET:valve0,0.521521521521521,5333.0
3522,pressure:INLET:valve0,0.5225225225225216,5333.0
3523,pressure:INLET:valve0,0.523523523523524,5333.0
3524,pressure:INLET:valve0,0.5245245245245247,5333.0
3525,pressure:INLET:valve0,0.5255255255255253,5333.0
3526,pressure:INLET:valve0,0.526526526526526,5333.0
3527,pressure:INLET:valve0,0.5275275275275266,5333.0
3528,pressure:INLET:valve0,0.528528528528529,5333.0
3529,pressure:INLET:valve0,0.5295295295295297,5333.0
3530,pressure:INLET:valve0,0.5305305305305303,5333.0
3531,pressure:INLET:valve0,0.531531531531531,5333.0
3532,pressure:INLET:valve0,0.5325325325325316,5333.0
3533,pressure:INLET:valve0,0.533533533533534,5333.0
3534,pressure:INLET:valve0,0.5345345345345347,5333.0
3535,pressure:INLET:valve0,0.5355355355355353,5333.0
3536,pressure:INLET:valve0,0.536536536536536,5333.0
3537,pressure:INLET:valve0,0.5375375375375366,5333.0
3538,pressure:INLET:valve0,0.5385385385385391,5333.0
3539,pressure:INLET:valve0,0.5395395395395397,5333.0
3540,pressure:INLET:valve0,0.5405405405405403,5333.0
3541,pressure:INLET:valve0,0.541541541541541,5333.0
3542,pressure:INLET:valve0,0.5425425425425416,5333.0
3543,pressure:INLET:valve0,0.5435435435435441,5333.0
3544,pressure:INLET:valve0,0.5445445445445447,5333.0
3545,pressure:INLET:valve0,0.5455455455455454,5333.0
3546,pressure:INLET:valve0,0.546546546546546,5333.0
3547,pressure:INLET:valve0,0.5475475475475466,5333.0
3548,pressure:INLET:valve0,0.5485485485485491,5333.0
3549,pressure:INLET:valve0,0.5495495495495497,5333.0
3550,pressure:INLET:valve0,0.5505505505505504,5333.0
3551,pressure:INLET:valve0,0.551551551551551,5333.0
3552,pressure:INLET:valve0,0.5525525525525516,5333.0
3553,pressure:INLET:valve0,0.5535535535535541,5333.0
3554,pressure:INLET:valve0,0.5545545545545547,5333.0
3555,pressure:INLET:valve0,0.5555555555555554,5333.0
3556,pressure:INLET:valve0,0.556556556556556,5333.0
3557,pressure:INLET:valve0,0.5575575575575566,5333.0
3558,pressure:INLET:valve0,0.5585585585585591,5333.0
3559,pressure:INLET:valve0,0.5595595595595597,5333.0
3560,pressure:INLET:valve0,0.5605605605605604,5333.0
3561,pressure:INLET:valve0,0.561561561561561,5333.0
3562,pressure:INLET:valve0,0.5625625625625617,5333.0
3563,pressure:INLET:valve0,0.5635635635635641,5333.0
3564,pressure:INLET:valve0,0.5645645645645647,5333.0
3565,pressure:INLET:valve0,0.5655655655655654,5333.0
3566,pressure:INLET:valve0,0.566566566566566,5333.0
3567,pressure:INLET:valve0,0.5675675675675667,5333.0
3568,pressure:INLET:valve0,0.5685685685685691,5333.0
3569,pressure:INLET:valve0,0.5695695695695697,5333.0
3570,pressure:INLET:valve0,0.5705705705705704,5333.0
3571,pressure:INLET:valve0,0.571571571571571,5333.0
3572,pressure:INLET:valve0,0.5725725725725717,5333.0
3573,pressure:INLET:valve0,0.5735735735735741,5333.0
3574,pressure:INLET:valve0,0.5745745745745747,5333.0
3575,pressure:INLET:valve0,0.5755755755755754,5333.0
3576,pressure:INLET:valve0,0.576576576576576,5333.0
3577,pressure:INLET:valve0,0.5775775775775767,5333.0
3578,pressure:INLET:valve0,0.5785785785785791,5333.0
3579,pressure:INLET:valve0,0.5795795795795797,5333.0
3580,pressure:INLET:valve0,0.5805805805805804,5333.0
3581,pressure:INLET:valve0,0.581581581581581,5333.0
3582,pressure:INLET:valve0,0.5825825825825817,5333.0
3583,pressure:INLET:valve0,0.5835835835835841,5333.0
3584,pressure:INLET:valve0,0.5845845845845847,5333.0
3585,pressure:INLET:valve0,0.5855855855855854,5333.0
3586,pressure:INLET:valve0,0.586586586586586,5333.0
3587,pressure:INLET:valve0,0.5875875875875867,5333.0
3588,pressure:INLET:valve0,0.5885885885885891,5333.0
3589,pressure:INLET:valve0,0.5895895895895897,5333.0
3590,pressure:INLET:valve0,0.5905905905905904,5333.0
3591,pressure:INLET:valve0,0.591591591591591,5333.0
3592,pressure:INLET:valve0,0.5925925925925917,5333.0
3593,pressure:INLET:valve0,0.5935935935935941,5333.0
3594,pressure:INLET:valve0,0.5945945945945947,5333.0
3595,pressure:INLET:valve0,0.5955955955955954,5333.0
3596,pressure:INLET:valve0,0.596596596596596,5333.0
3597,pressure:INLET:valve0,0.5975975975975967,5333.0
3598,pressure:INLET:valve0,0.5985985985985991,5333.0
3599,pressure:INLET:valve0,0.5995995995995997,5333.0
3600,pressure:INLET:valve0,0.6006006006006004,5333.0
3601,pressure:INLET:valve0,0.601601601601601,5333.0
3602,pressure:INLET:valve0,0.6026026026026017,5333.0
3603,pressure:INLET:valve0,0.6036036036036041,5333.0
3604,pressure:INLET:valve0,0.6046046046046047,5333.0
3605,pressure:INLET:valve0,0.6056056056056054,5333.0
3606,pressure:INLET:valve0,0.606606606606606,5333.0
3607,pressure:INLET:valve0,0.6076076076076067,5333.0
3608,pressure:INLET:valve0,0.6086086086086091,5333.0
3609,pressure:INLET:valve0,0.6096096096096097,5333.0
3610,pressure:INLET:valve0,0.6106106106106104,5333.0
3611,pressure:INLET:valve0,0.611611611611611,5333.0
3612,pressure:INLET:valve0,0.6126126126126117,5333.0
3613,pressure:INLET:valve0,0.6136136136136141,5333.0
3614,pressure:INLET:valve0,0.6146146146146148,5333.0
3615,pressure:INLET:valve0,0.6156156156156154,5333.0
3616,pressure:INLET:valve0,0.616616616616616,5333.0
3617,pressure:INLET:valve0,0.6176176176176167,5333.0
3618,pressure:INLET:valve0,0.6186186186186191,5333.0
3619,pressure:INLET:valve0,0.6196196196196198,5333.0
3620,pressure:INLET:valve0,0.6206206206206204,5333.0
3621,pressure:INLET:valve0,0.621621621621621,5333.0
3622,pressure:INLET:valve0,0.6226226226226217,5333.0
3623,pressure:INLET:valve0,0.6236236236236241,5333.0
3624,pressure:INLET:valve0,0.6246246246246248,5333.0
3625,pressure:INLET:valve0,0.6256256256256254,5333.0
3626,pressure:INLET:valve0,0.626626626626626,5333.0
3627,pressure:INLET:valve0,0.6276276276276267,5333.0
3628,pressure:INLET:valve0,0.6286286286286291,5333.0
3629,pressure:INLET:valve0,0.6296296296296298,5333.0
3630,pressure:INLET:valve0,0.6306306306306304,5333.0
3631,pressure:INLET:valve0,0.631631631631631,5333.0
3632,pressure:INLET:valve0,0.6326326326326317,5333.0
3633,pressure:INLET:valve0,0.6336336336336341,5333.0
3634,pressure:INLET:valve0,0.6346346346346348,5333.0
3635,pressure:INLET:valve0,0.6356356356356354,5333.0
3636,pressure:INLET:valve0,0.636636636636636,5333.0
3637,pressure:INLET:valve0,0.6376376376376367,5333.0
3638,pressure:INLET:valve0,0.6386386386386391,5333.0
3639,pressure:INLET:valve0,0.6396396396396398,5333.0
3640,pressure:INLET:valve0,0.6406406406406404,5333.0
3641,pressure:INLET:valve0,0.6416416416416411,5333.0
3642,pressure:INLET:valve0,0.6426426426426417,5333.0
3643,pressure:INLET:valve0,0.6436436436436441,5333.0
3644,pressure:INLET:valve0,0.6446446446446448,5333.0
3645,pressure:INLET:valve0,0.6456456456456454,5333.0
3646,pressure:INLET:valve0,0.6466466466466461,5333.0
3647,pressure:INLET:valve0,0.6476476476476467,5333.0
3648,pressure:INLET:valve0,0.6486486486486491,5333.0
3649,pressure:INLET:valve0,0.6496496496496498,5333.0
3650,pressure:INLET:valve0,0.6506506506506504,5333.0
3651,pressure:INLET:valve0,0.6516516516516511,5333.0
3652,pressure:INLET:valve0,0.6526526526526517,5333.0
3653,pressure:INLET:valve0,0.6536536536536541,5333.0
3654,pressure:INLET:valve0,0.6546546546546548,5333.0
3655,pressure:INLET:valve0,0.6556556556556554,5333.0
3656,pressure:INLET:valve0,0.6566566566566561,5333.0
3657,pressure:INLET:valve0,0.6576576576576567,5333.0
3658,pressure:INLET:valve0,0.6586586586586591,5333.0
3659,pressure:INLET:valve0,0.6596596596596598,5333.0
3660,pressure:INLET:valve0,0.6606606606606604,5333.0
3661,pressure:INLET:valve0,0.6616616616616611,5333.0
3662,pressure:INLET:valve0,0.6626626626626617,5333.0
3663,pressure:INLET:valve0,0.6636636636636641,5333.0
3664,pressure:INLET:valve0,0.6646646646646648,5333.0
3665,pressure:INLET:valve0,0.6656656656656654,5333.0
3666,pressure:INLET:valve0,0.6666666666666661,5333.0
3667,pressure:INLET:valve0,0.6676676676676667,5333.0
3668,pressure:INLET:valve0,0.6686686686686691,5333.0
3669,pressure:INLET:valve0,0.6696696696696698,5333.0
3670,pressure:INLET:valve0,0.6706706706706704,5333.0
3671,pressure:INLET:valve0,0.6716716716716711,5333.0
3672,pressure:INLET:valve0,0.6726726726726717,5333.0
3673,pressure:INLET:valve0,0.6736736736736741,5333.0
3674,pressure:INLET:valve0,0.6746746746746748,5333.0
3675,pressure:INLET:valve0,0.6756756756756754,5333.0
3676,pressure:INLET:valve0,0.6766766766766761,5333.0
3677,pressure:INLET:valve0,0.6776776776776767,5333.0
3678,pressure:INLET:valve0,0.6786786786786791,5333.0
3679,pressure:INLET:valve0,0.6796796796796798,5333.0
3680,pressure:INLET:valve0,0.6806806806806804,5333.0
3681,pressure:INLET:valve0,0.6816816816816811,5333.0
3682,pressure:INLET:valve0,0.6826826826826817,5333.0
3683,pressure:INLET:valve0,0.6836836836836842,5333.0
3684,pressure:INLET:valve0,0.6846846846846848,5333.0
3685,pressure:INLET:valve0,0.6856856856856854,5333.0
3686,pressure:INLET:valve0,0.6866866866866861,5333.0
3687,pressure:INLET:valve0,0.6876876876876867,5333.0
3688,pressure:INLET:valve0,0.6886886886886892,5333.0
3689,pressure:INLET:valve0,0.6896896896896898,5333.0
3690,pressure:INLET:valve0,0.6906906906906904,5333.0
3691,pressure:INLET:valve0,0.6916916916916911,5333.0
3692,pressure:INLET:valve0,0.6926926926926917,5333.0
3693,pressure:INLET:valve0,0.6936936936936942,5333.0
3694,pressure:INLET:valve0,0.6946946946946948,5333.0
3695,pressure:INLET:valve0,0.6956956956956954,5333.0
3696,pressure:INLET:valve0,0.6966966966966961,5333.0
3697,pressure:INLET:valve0,0.6976976976976967,5333.0
3698,pressure:INLET:valve0,0.6986986986986992,5333.0
3699,pressure:INLET:valve0,0.6996996996996998,5333.0
3700,pressure:INLET:valve0,0.7007007007007005,5333.0
3701,pressure:INLET:valve0,0.7017017017017011,5333.0
3702,pressure:INLET:valve0,0.7027027027027017,5333.0
3703,pressure:INLET:valve0,0.7037037037037042,5333.0
3704,pressure:INLET:valve0,0.7047047047047048,5333.0
3705,pressure:INLET:valve0,0.7057057057057055,5333.0
3706,pressure:INLET:valve0,0.7067067067067061,5333.0
3707,pressure:INLET:valve0,0.7077077077077067,5333.0
3708,pressure:INLET:valve0,0.7087087087087092,5333.0
3709,pressure:INLET:valve0,0.7097097097097098,5333.0
3710,pressure:INLET:valve0,0.7107107107107105,5333.0
3711,pressure:INLET:valve0,0.7117117117117111,5333.0
3712,pressure:INLET:valve0,0.7127127127127117,5333.0
3713,pressure:INLET:valve0,0.7137137137137142,5333.0
3714,pressure:INLET:valve0,0.7147147147147148,5333.0
3715,pressure:INLET:valve0,0.7157157157157155,5333.0
3716,pressure:INLET:valve0,0.7167167167167161,5333.0
3717,pressure:INLET:valve0,0.7177177177177168,5333.0
3718,pressure:INLET:valve0,0.7187187187187192,5333.0
3719,pressure:INLET:valve0,0.7197197197197198,5333.0
3720,pressure:INLET:valve0,0.7207207207207205,5333.0
3721,pressure:INLET:valve0,0.7217217217217211,5333.0
3722,pressure:INLET:valve0,0.7227227227227218,5333.0
3723,pressure:INLET:valve0,0.7237237237237242,5333.0
3724,pressure:INLET:valve0,0.7247247247247248,5333.0
3725,pressure:INLET:valve0,0.7257257257257255,5333.0
3726,pressure:INLET:valve0,0.7267267267267261,5333.0
3727,pressure:INLET:valve0,0.7277277277277268,5333.0
3728,pressure:INLET:valve0,0.7287287287287291,5333.0
3729,pressure:INLET:valve0,0.7297297297297297,5333.0
3730,pressure:INLET:valve0,0.7307307307307304,5333.0
3731,pressure:INLET:valve0,0.7317317317317312,5333.0
3732,pressure:INLET:valve0,0.7327327327327319,5333.0
3733,pressure:INLET:valve0,0.7337337337337343,5333.0
3734,pressure:INLET:valve0,0.7347347347347348,5333.0
3735,pressure:INLET:valve0,0.7357357357357355,5333.0
3736,pressure:INLET:valve0,0.7367367367367361,5333.0
3737,pressure:INLET:valve0,0.7377377377377385,5333.0
3738,pressure:INLET:valve0,0.7387387387387392,5333.0
3739,pressure:INLET:valve0,0.7397397397397398,5333.0
3740,pressure:INLET:valve0,0.7407407407407405,5333.0
3741,pressure:INLET:valve0,0.7417417417417411,5333.0
3742,pressure:INLET:valve0,0.7427427427427435,5333.0
3743,pressure:INLET:valve0,0.7437437437437442,5333.0
3744,pressure:INLET:valve0,0.7447447447447448,5333.0
3745,pressure:INLET:valve0,0.7457457457457455,5333.0
3746,pressure:INLET:valve0,0.7467467467467461,5333.0
3747,pressure:INLET:valve0,0.7477477477477484,5333.0
3748,pressure:INLET:valve0,0.7487487487487491,5333.0
3749,pressure:INLET:valve0,0.7497497497497497,5333.0
3750,pressure:INLET:valve0,0.7507507507507504,5333.0
3751,pressure:INLET:valve0,0.7517517517517512,5333.0
3752,pressure:INLET:valve0,0.7527527527527536,5333.0
3753,pressure:INLET:valve0,0.7537537537537542,5333.0
3754,pressure:INLET:valve0,0.7547547547547548,5333.0
3755,pressure:INLET:valve0,0.7557557557557555,5333.0
3756,pressure:INLET:valve0,0.7567567567567561,5333.0
3757,pressure:INLET:valve0,0.7577577577577586,5333.0
3758,pressure:INLET:valve0,0.7587587587587592,5333.0
3759,pressure:INLET:valve0,0.7597597597597598,5333.0
3760,pressure:INLET:valve0,0.7607607607607605,5333.0
3761,pressure:INLET:valve0,0.7617617617617611,5333.0
3762,pressure:INLET:valve0,0.7627627627627636,5333.0
3763,pressure:INLET:valve0,0.7637637637637642,5333.0
3764,pressure:INLET:valve0,0.7647647647647648,5333.0
3765,pressure:INLET:valve0,0.7657657657657655,5333.0
3766,pressure:INLET:valve0,0.766766766766766,5333.0
3767,pressure:INLET:valve0,0.7677677677677687,5333.0
3768,pressure:INLET:valve0,0.7687687687687693,5333.0
3769,pressure:INLET:valve0,0.76976976976977,5333.0
3770,pressure:INLET:valve0,0.7707707707707706,5333.0
3771,pressure:INLET:valve0,0.7717717717717713,5333.0
3772,pressure:INLET:valve0,0.7727727727727736,5333.0
3773,pressure:INLET:valve0,0.7737737737737742,5333.0
3774,pressure:INLET:valve0,0.7747747747747749,5333.0
3775,pressure:INLET:valve0,0.7757757757757755,5333.0
3776,pressure:INLET:valve0,0.7767767767767761,5333.0
3777,pressure:INLET:valve0,0.7777777777777786,5333.0
3778,pressure:INLET:valve0,0.7787787787787792,5333.0
3779,pressure:INLET:valve0,0.7797797797797799,5333.0
3780,pressure:INLET:valve0,0.7807807807807805,5333.0
3781,pressure:INLET:valve0,0.7817817817817811,5333.0
3782,pressure:INLET:valve0,0.7827827827827836,5333.0
3783,pressure:INLET:valve0,0.7837837837837841,5333.0
3784,pressure:INLET:valve0,0.7847847847847848,5333.0
3785,pressure:INLET:valve0,0.7857857857857854,5333.0
3786,pressure:INLET:valve0,0.786786786786786,5333.0
3787,pressure:INLET:valve0,0.7877877877877887,5333.0
3788,pressure:INLET:valve0,0.7887887887887893,5333.0
3789,pressure:INLET:valve0,0.78978978978979,5333.0
3790,pressure:INLET:valve0,0.7907907907907905,5333.0
3791,pressure:INLET:valve0,0.7917917917917912,5333.0
3792,pressure:INLET:valve0,0.7927927927927936,5333.0
3793,pressure:INLET:valve0,0.7937937937937942,5333.0
3794,pressure:INLET:valve0,0.7947947947947949,5333.0
3795,pressure:INLET:valve0,0.7957957957957955,5333.0
3796,pressure:INLET:valve0,0.7967967967967962,5333.0
3797,pressure:INLET:valve0,0.7977977977977986,5333.0
3798,pressure:INLET:valve0,0.7987987987987992,5333.0
3799,pressure:INLET:valve0,0.7997997997997999,5333.0
3800,pressure:INLET:valve0,0.8008008008008005,5333.0
3801,pressure:INLET:valve0,0.8018018018018012,5333.0
3802,pressure:INLET:valve0,0.8028028028028035,5333.0
3803,pressure:INLET:valve0,0.8038038038038041,5333.0
3804,pressure:INLET:valve0,0.8048048048048048,5333.0
3805,pressure:INLET:valve0,0.8058058058058054,5333.0
3806,pressure:INLET:valve0,0.806806806806806,5333.0
3807,pressure:INLET:valve0,0.8078078078078086,5333.0
3808,pressure:INLET:valve0,0.8088088088088092,5333.0
3809,pressure:INLET:valve0,0.8098098098098099,5333.0
3810,pressure:INLET:valve0,0.8108108108108105,5333.0
3811,pressure:INLET:valve0,0.8118118118118112,5333.0
3812,pressure:INLET:valve0,0.8128128128128136,5333.0
3813,pressure:INLET:valve0,0.8138138138138142,5333.0
3814,pressure:INLET:valve0,0.8148148148148149,5333.0
3815,pressure:INLET:valve0,0.8158158158158155,5333.0
3816,pressure:INLET:valve0,0.8168168168168162,5333.0
3817,pressure:INLET:valve0,0.8178178178178186,5333.0
3818,pressure:INLET:valve0,0.8188188188188192,5333.0
3819,pressure:INLET:valve0,0.8198198198198199,5333.0
3820,pressure:INLET:valve0,0.8208208208208205,5333.0
3821,pressure:INLET:valve0,0.8218218218218212,5333.0
3822,pressure:INLET:valve0,0.8228228228228237,5333.0
3823,pressure:INLET:valve0,0.8238238238238244,5333.0
3824,pressure:INLET:valve0,0.824824824824825,5333.0
3825,pressure:INLET:valve0,0.8258258258258256,5333.0
3826,pressure:INLET:valve0,0.8268268268268263,5333.0
3827,pressure:INLET:valve0,0.8278278278278286,5333.0
3828,pressure:INLET:valve0,0.8288288288288292,5333.0
3829,pressure:INLET:valve0,0.8298298298298299,5333.0
3830,pressure:INLET:valve0,0.8308308308308305,5333.0
3831,pressure:INLET:valve0,0.8318318318318312,5333.0
3832,pressure:INLET:valve0,0.8328328328328336,5333.0
3833,pressure:INLET:valve0,0.8338338338338342,5333.0
3834,pressure:INLET:valve0,0.8348348348348349,5333.0
3835,pressure:INLET:valve0,0.8358358358358355,5333.0
3836,pressure:INLET:valve0,0.8368368368368362,5333.0
3837,pressure:INLET:valve0,0.8378378378378386,5333.0
3838,pressure:INLET:valve0,0.8388388388388393,5333.0
3839,pressure:INLET:valve0,0.8398398398398398,5333.0
3840,pressure:INLET:valve0,0.8408408408408404,5333.0
3841,pressure:INLET:valve0,0.8418418418418411,5333.0
3842,pressure:INLET:valve0,0.8428428428428437,5333.0
3843,pressure:INLET:valve0,0.8438438438438444,5333.0
3844,pressure:INLET:valve0,0.844844844844845,5333.0
3845,pressure:INLET:valve0,0.8458458458458455,5333.0
3846,pressure:INLET:valve0,0.8468468468468462,5333.0
3847,pressure:INLET:valve0,0.8478478478478486,5333.0
3848,pressure:INLET:valve0,0.8488488488488493,5333.0
3849,pressure:INLET:valve0,0.8498498498498499,5333.0
3850,pressure:INLET:valve0,0.8508508508508505,5333.0
3851,pressure:INLET:valve0,0.8518518518518512,5333.0
3852,pressure:INLET:valve0,0.8528528528528536,5333.0
3853,pressure:INLET:valve0,0.8538538538538543,5333.0
3854,pressure:INLET:valve0,0.8548548548548549,5333.0
3855,pressure:INLET:valve0,0.8558558558558556,5333.0
3856,pressure:INLET:valve0,0.8568568568568562,5333.0
3857,pressure:INLET:valve0,0.8578578578578585,5333.0
3858,pressure:INLET:valve0,0.8588588588588592,5333.0
3859,pressure:INLET:valve0,0.8598598598598598,5333.0
3860,pressure:INLET:valve0,0.8608608608608604,5333.0
3861,pressure:INLET:valve0,0.8618618618618611,5333.0
3862,pressure:INLET:valve0,0.8628628628628637,5333.0
3863,pressure:INLET:valve0,0.8638638638638643,5333.0
3864,pressure:INLET:valve0,0.8648648648648649,5333.0
3865,pressure:INLET:valve0,0.8658658658658656,5333.0
3866,pressure:INLET:valve0,0.8668668668668662,5333.0
3867,pressure:INLET:valve0,0.8678678678678686,5333.0
3868,pressure:INLET:valve0,0.8688688688688693,5333.0
3869,pressure:INLET:valve0,0.8698698698698699,5333.0
3870,pressure:INLET:valve0,0.8708708708708706,5333.0
3871,pressure:INLET:valve0,0.8718718718718712,5333.0
3872,pressure:INLET:valve0,0.8728728728728736,5333.0
3873,pressure:INLET:valve0,0.8738738738738743,5333.0
3874,pressure:INLET:valve0,0.8748748748748749,5333.0
3875,pressure:INLET:valve0,0.8758758758758756,5333.0
3876,pressure:INLET:valve0,0.8768768768768762,5333.0
3877,pressure:INLET:valve0,0.8778778778778785,5333.0
3878,pressure:INLET:valve0,0.8788788788788794,5333.0
3879,pressure:INLET:valve0,0.87987987987988,5333.0
3880,pressure:INLET:valve0,0.8808808808808807,5333.0
3881,pressure:INLET:valve0,0.8818818818818813,5333.0
3882,pressure:INLET:valve0,0.8828828828828836,5333.0
3883,pressure:INLET:valve0,0.8838838838838843,5333.0
3884,pressure:INLET:valve0,0.8848848848848849,5333.0
3885,pressure:INLET:valve0,0.8858858858858856,5333.0
3886,pressure:INLET:valve0,0.8868868868868862,5333.0
3887,pressure:INLET:valve0,0.8878878878878886,5333.0
3888,pressure:INLET:valve0,0.8888888888888893,5333.0
3889,pressure:INLET:valve0,0.8898898898898899,5333.0
3890,pressure:INLET:valve0,0.8908908908908906,5333.0
3891,pressure:INLET:valve0,0.8918918918918912,5333.0
3892,pressure:INLET:valve0,0.8928928928928936,5333.0
3893,pressure:INLET:valve0,0.8938938938938943,5333.0
3894,pressure:INLET:valve0,0.8948948948948949,5333.0
3895,pressure:INLET:valve0,0.8958958958958955,5333.0
3896,pressure:INLET:valve0,0.8968968968968961,5333.0
3897,pressure:INLET:valve0,0.8978978978978985,5333.0
3898,pressure:INLET:valve0,0.8988988988988994,5333.0
3899,pressure:INLET:valve0,0.8998998998999,5333.0
3900,pressure:INLET:valve0,0.9009009009009005,5333.0
3901,pressure:INLET:valve0,0.9019019019019012,5333.0
3902,pressure:INLET:valve0,0.9029029029029036,5333.0
3903,pressure:INLET:valve0,0.9039039039039043,5333.0
3904,pressure:INLET:valve0,0.9049049049049048,5333.0
3905,pressure:INLET:valve0,0.9059059059059056,5333.0
3906,pressure:INLET:valve0,0.9069069069069062,5333.0
3907,pressure:INLET:valve0,0.9079079079079087,5333.0
3908,pressure:INLET:valve0,0.9089089089089091,5333.0
3909,pressure:INLET:valve0,0.90990990990991,5333.0
3910,pressure:INLET:valve0,0.9109109109109106,5333.0
3911,pressure:INLET:valve0,0.9119119119119112,5333.0
3912,pressure:INLET:valve0,0.9129129129129137,5333.0
3913,pressure:INLET:valve0,0.9139139139139144,5333.0
3914,pressure:INLET:valve0,0.9149149149149148,5333.0
3915,pressure:INLET:valve0,0.9159159159159157,5333.0
3916,pressure:INLET:valve0,0.9169169169169161,5333.0
3917,pressure:INLET:valve0,0.9179179179179188,5333.0
3918,pressure:INLET:valve0,0.9189189189189192,5333.0
3919,pressure:INLET:valve0,0.91991991991992,5333.0
3920,pressure:INLET:valve0,0.9209209209209205,5333.0
3921,pressure:INLET:valve0,0.9219219219219212,5333.0
3922,pressure:INLET:valve0,0.9229229229229237,5333.0
3923,pressure:INLET:valve0,0.9239239239239245,5333.0
3924,pressure:INLET:valve0,0.9249249249249248,5333.0
3925,pressure:INLET:valve0,0.9259259259259256,5333.0
3926,pressure:INLET:valve0,0.9269269269269262,5333.0
3927,pressure:INLET:valve0,0.9279279279279287,5333.0
3928,pressure:INLET:valve0,0.9289289289289293,5333.0
3929,pressure:INLET:valve0,0.9299299299299301,5333.0
3930,pressure:INLET:valve0,0.9309309309309306,5333.0
3931,pressure:INLET:valve0,0.9319319319319312,5333.0
3932,pressure:INLET:valve0,0.9329329329329336,5333.0
3933,pressure:INLET:valve0,0.9339339339339344,5333.0
3934,pressure:INLET:valve0,0.9349349349349348,5333.0
3935,pressure:INLET:valve0,0.9359359359359357,5333.0
3936,pressure:INLET:valve0,0.9369369369369364,5333.0
3937,pressure:INLET:valve0,0.9379379379379387,5333.0
3938,pressure:INLET:valve0,0.9389389389389392,5333.0
3939,pressure:INLET:valve0,0.93993993993994,5333.0
3940,pressure:INLET:valve0,0.9409409409409406,5333.0
3941,pressure:INLET:valve0,0.9419419419419413,5333.0
3942,pressure:INLET:valve0,0.9429429429429437,5333.0
3943,pressure:INLET:valve0,0.9439439439439444,5333.0
3944,pressure:INLET:valve0,0.9449449449449449,5333.0
3945,pressure:INLET:valve0,0.9459459459459456,5333.0
3946,pressure:INLET:valve0,0.9469469469469463,5333.0
3947,pressure:INLET:valve0,0.9479479479479487,5333.0
3948,pressure:INLET:valve0,0.9489489489489493,5333.0
3949,pressure:INLET:valve0,0.9499499499499501,5333.0
3950,pressure:INLET:valve0,0.9509509509509506,5333.0
3951,pressure:INLET:valve0,0.9519519519519511,5333.0
3952,pressure:INLET:valve0,0.9529529529529536,5333.0
3953,pressure:INLET:valve0,0.9539539539539544,5333.0
3954,pressure:INLET:valve0,0.9549549549549549,5333.0
3955,pressure:INLET:valve0,0.9559559559559557,5333.0
3956,pressure:INLET:valve0,0.9569569569569564,5333.0
3957,pressure:INLET:valve0,0.9579579579579587,5333.0
3958,pressure:INLET:valve0,0.9589589589589592,5333.0
3959,pressure:INLET:valve0,0.95995995995996,5333.0
3960,pressure:INLET:valve0,0.9609609609609606,5333.0
3961,pressure:INLET:valve0,0.9619619619619613,5333.0
3962,pressure:INLET:valve0,0.9629629629629637,5333.0
3963,pressure:INLET:valve0,0.9639639639639644,5333.0
3964,pressure:INLET:valve0,0.9649649649649648,5333.0
3965,pressure:INLET:valve0,0.9659659659659656,5333.0
3966,pressure:INLET:valve0,0.9669669669669663,5333.0
3967,pressure:INLET:valve0,0.9679679679679687,5333.0
3968,pressure:INLET:valve0,0.9689689689689693,5333.0
3969,pressure:INLET:valve0,0.9699699699699701,5333.0
3970,pressure:INLET:valve0,0.9709709709709705,5333.0
3971,pressure:INLET:valve0,0.9719719719719712,5333.0
3972,pressure:INLET:valve0,0.9729729729729738,5333.0
3973,pressure:INLET:valve0,0.9739739739739744,5333.0
3974,pressure:INLET:valve0,0.9749749749749749,5333.0
3975,pressure:INLET:valve0,0.9759759759759756,5333.0
3976,pressure:INLET:valve0,0.9769769769769763,5333.0
3977,pressure:INLET:valve0,0.9779779779779789,5333.0
3978,pressure:INLET:valve0,0.9789789789789792,5333.0
3979,pressure:INLET:valve0,0.9799799799799802,5333.0
3980,pressure:INLET:valve0,0.9809809809809806,5333.0
3981,pressure:INLET:valve0,0.9819819819819813,5333.0
3982,pressure:INLET:valve0,0.9829829829829837,5333.0
3983,pressure:INLET:valve0,0.9839839839839845,5333.0
3984,pressure:INLET:valve0,0.984984984984985,5333.0
3985,pressure:INLET:valve0,0.9859859859859856,5333.0
3986,pressure:INLET:valve0,0.9869869869869863,5333.0
3987,pressure:INLET:valve0,0.9879879879879888,5333.0
3988,pressure:INLET:valve0,0.9889889889889892,5333.0
3989,pressure:INLET:valve0,0.9899899899899901,5333.0
3990,pressure:INLET:valve0,0.9909909909909907,5333.0
3991,pressure:INLET:valve0,0.9919919919919914,5333.0
3992,pressure:INLET:valve0,0.9929929929929936,5333.0
3993,pressure:INLET:valve0,0.9939939939939944,5333.0
3994,pressure:INLET:valve0,0.994994994994995,5333.0
3995,pressure:INLET:valve0,0.9959959959959956,5333.0
3996,pressure:INLET:valve0,0.9969969969969963,5333.0
3997,pressure:INLET:valve0,0.9979979979979989,5333.0
3998,pressure:INLET:valve0,0.9989989989989992,5333.0
3999,pressure:INLET:valve0,1.0,5333.0
4000,flow:valve0:ventricle,0.0,-0.010285121047047298
4001,flow:valve0:ventricle,0.0010010010010006454,-0.010322692168586537
4002,flow:valve0:ventricle,0.0020020020020012907,-0.01036025909896195
4003,flow:valve0:ventricle,0.0030030030030037125,-0.010397821838629305
4004,flow:valve0:ventricle,0.004004004004004358,-0.010435380388049616
4005,flow:valve0:ventricle,0.005005005005005003,-0.010472934747679175
4006,flow:valve0:ventricle,0.006006006006005649,-0.010510484917977894
4007,flow:valve0:ventricle,0.007007007007006294,-0.010548030899403217
4008,flow:valve0:ventricle,0.008008008008008716,-0.010585572692414192
4009,flow:valve0:ventricle,0.00900900900900936,-0.010623110297467025
4010,flow:valve0:ventricle,0.010010010010010006,-0.010660643715021187
4011,flow:valve0:ventricle,0.011011011011010652,-0.010698172945534117
4012,flow:valve0:ventricle,0.012012012012011295,-0.010735697989462669
4013,flow:valve0:ventricle,0.01301301301301372,-0.010773218847264955
4014,flow:valve0:ventricle,0.014014014014014364,-0.010810735519398526
4015,flow:valve0:ventricle,0.01501501501501501,-0.010848248006320164
4016,flow:valve0:ventricle,0.016016016016015655,-0.010885756308487118
4017,flow:valve0:ventricle,0.0170170170170163,-0.010923260426357127
4018,flow:valve0:ventricle,0.01801801801801872,-0.01096076036038637
4019,flow:valve0:ventricle,0.019019019019019368,-0.010998256111032332
4020,flow:valve0:ventricle,0.020020020020020013,-0.011035747678751798
4021,flow:valve0:ventricle,0.021021021021020655,-0.011073235064000228
4022,flow:valve0:ventricle,0.022022022022021304,-0.011110718267235668
4023,flow:valve0:ventricle,0.023023023023023725,-0.011148197288913208
4024,flow:valve0:ventricle,0.02402402402402437,-0.01118567212949012
4025,flow:valve0:ventricle,0.025025025025025016,-0.011223142789422595
4026,flow:valve0:ventricle,0.026026026026025665,-0.011260609269166564
4027,flow:valve0:ventricle,0.027027027027026307,-0.01129807156917832
4028,flow:valve0:ventricle,0.02802802802802873,-0.011335529689912707
4029,flow:valve0:ventricle,0.029029029029029377,-0.011372983631826794
4030,flow:valve0:ventricle,0.03003003003003002,-0.011410433395375385
4031,flow:valve0:ventricle,0.031031031031030665,-0.0114478789810151
4032,flow:valve0:ventricle,0.03203203203203131,-0.011485320389200332
4033,flow:valve0:ventricle,0.03303303303303373,-0.011522757620387509
4034,flow:valve0:ventricle,0.03403403403403438,-0.011560190675031452
4035,flow:valve0:ventricle,0.03503503503503502,-0.011597619553587403
4036,flow:valve0:ventricle,0.03603603603603566,-0.011635044256510652
4037,flow:valve0:ventricle,0.03703703703703631,-0.011672464784255708
4038,flow:valve0:ventricle,0.038038038038038735,-0.01170988113727835
4039,flow:valve0:ventricle,0.039039039039039374,-0.011747293316032983
4040,flow:valve0:ventricle,0.040040040040040026,-0.011784701320974507
4041,flow:valve0:ventricle,0.04104104104104067,-0.01182210515255726
4042,flow:valve0:ventricle,0.04204204204204132,-0.011859504811236285
4043,flow:valve0:ventricle,0.04304304304304374,-0.011896900297465872
4044,flow:valve0:ventricle,0.044044044044044384,-0.011934291611699822
4045,flow:valve0:ventricle,0.04504504504504503,-0.011971678754393868
4046,flow:valve0:ventricle,0.046046046046045674,-0.012009061726001188
4047,flow:valve0:ventricle,0.04704704704704632,-0.012046440526975496
4048,flow:valve0:ventricle,0.04804804804804874,-0.012083815157772472
4049,flow:valve0:ventricle,0.04904904904904939,-0.012121185618843852
4050,flow:valve0:ventricle,0.05005005005005003,-0.01215855191064538
4051,flow:valve0:ventricle,0.05105105105105068,-0.01219591403363009
4052,flow:valve0:ventricle,0.05205205205205132,-0.012233271988251792
4053,flow:valve0:ventricle,0.053053053053053745,-0.01227062577496363
4054,flow:valve0:ventricle,0.05405405405405439,-0.01230797539421934
4055,flow:valve0:ventricle,0.05505505505505503,-0.012345320846473426
4056,flow:valve0:ventricle,0.05605605605605568,-0.012382662132177326
4057,flow:valve0:ventricle,0.057057057057056326,-0.012419999251786535
4058,flow:valve0:ventricle,0.058058058058058755,-0.012457332205752264
4059,flow:valve0:ventricle,0.05905905905905939,-0.01249466099452797
4060,flow:valve0:ventricle,0.06006006006006004,-0.012531985618568128
4061,flow:valve0:ventricle,0.06106106106106069,-0.012569306078323557
4062,flow:valve0:ventricle,0.06206206206206133,-0.012606622374248784
4063,flow:valve0:ventricle,0.06306306306306375,-0.012643934506795894
4064,flow:valve0:ventricle,0.0640640640640644,-0.012681242476417836
4065,flow:valve0:ventricle,0.06506506506506504,-0.012718546283566976
4066,flow:valve0:ventricle,0.06606606606606569,-0.01275584592869573
4067,flow:valve0:ventricle,0.06706706706706633,-0.012793141412256973
4068,flow:valve0:ventricle,0.06806806806806875,-0.012830432734703448
4069,flow:valve0:ventricle,0.0690690690690694,-0.01286771989648592
4070,flow:valve0:ventricle,0.07007007007007005,-0.01290500289805828
4071,flow:valve0:ventricle,0.07107107107107069,-0.012942281739871235
4072,flow:valve0:ventricle,0.07207207207207132,-0.01297955642237845
4073,flow:valve0:ventricle,0.07307307307307376,-0.013016826946030796
4074,flow:valve0:ventricle,0.0740740740740744,-0.01305409331128008
4075,flow:valve0:ventricle,0.07507507507507503,-0.01309135551857924
4076,flow:valve0:ventricle,0.0760760760760757,-0.01312861356837866
4077,flow:valve0:ventricle,0.07707707707707634,-0.01316586746113089
4078,flow:valve0:ventricle,0.07807807807807877,-0.01320311719728738
4079,flow:valve0:ventricle,0.0790790790790794,-0.013240362777299897
4080,flow:valve0:ventricle,0.08008008008008005,-0.013277604201618925
4081,flow:valve0:ventricle,0.08108108108108071,-0.01331484147069734
4082,flow:valve0:ventricle,0.08208208208208134,-0.013352074584985505
4083,flow:valve0:ventricle,0.08308308308308376,-0.013389303544934755
4084,flow:valve0:ventricle,0.08408408408408441,-0.013426528350996794
4085,flow:valve0:ventricle,0.08508508508508505,-0.013463749003621846
4086,flow:valve0:ventricle,0.0860860860860857,-0.013500965503261755
4087,flow:valve0:ventricle,0.08708708708708635,-0.01353817785036648
4088,flow:valve0:ventricle,0.08808808808808877,-0.013575386045388629
4089,flow:valve0:ventricle,0.08908908908908941,-0.013612590088777117
4090,flow:valve0:ventricle,0.09009009009009004,-0.01364978998098412
4091,flow:valve0:ventricle,0.0910910910910907,-0.013686985722459346
4092,flow:valve0:ventricle,0.09209209209209135,-0.013724177313653545
4093,flow:valve0:ventricle,0.09309309309309376,-0.013761364755018076
4094,flow:valve0:ventricle,0.0940940940940944,-0.01379854804700247
4095,flow:valve0:ventricle,0.09509509509509506,-0.013835727190057509
4096,flow:valve0:ventricle,0.0960960960960957,-0.0138729021846338
4097,flow:valve0:ventricle,0.09709709709709637,-0.013910073031181152
4098,flow:valve0:ventricle,0.09809809809809877,-0.01394723973014964
4099,flow:valve0:ventricle,0.0990990990990994,-0.013984402281989966
4100,flow:valve0:ventricle,0.10010010010010006,-0.014021560687151867
4101,flow:valve0:ventricle,0.10110110110110072,-0.014641986153034386
4102,flow:valve0:ventricle,0.10210210210210136,-0.016901380008400645
4103,flow:valve0:ventricle,0.10310310310310378,-0.02032553212151882
4104,flow:valve0:ventricle,0.10410410410410442,-0.02515066919641748
4105,flow:valve0:ventricle,0.10510510510510508,-0.03125730753470207
4106,flow:valve0:ventricle,0.10610610610610571,-0.038703326165810535
4107,flow:valve0:ventricle,0.10710710710710636,-0.04745743015886843
4108,flow:valve0:ventricle,0.10810810810810878,-0.0575324189202268
4109,flow:valve0:ventricle,0.10910910910910944,-0.0689185521335462
4110,flow:valve0:ventricle,0.11011011011011008,-0.081616867002763
4111,flow:valve0:ventricle,0.11111111111111072,-0.09562251997118774
4112,flow:valve0:ventricle,0.11211211211211136,-0.1109331163296098
4113,flow:valve0:ventricle,0.11311311311311378,-0.12754454600804818
4114,flow:valve0:ventricle,0.11411411411411444,-0.14545306640419403
4115,flow:valve0:ventricle,0.11511511511511507,-0.1646542618221981
4116,flow:valve0:ventricle,0.11611611611611572,-0.1851435647361465
4117,flow:valve0:ventricle,0.11711711711711636,-0.20691599627047016
4118,flow:valve0:ventricle,0.1181181181181188,-0.22996629720221015
4119,flow:valve0:ventricle,0.11911911911911945,-0.25428886383277494
4120,flow:valve0:ventricle,0.12012012012012008,-0.279877781555274
4121,flow:valve0:ventricle,0.12112112112112072,-0.3067268097055722
4122,flow:valve0:ventricle,0.12212212212212135,-0.3348293909018841
4123,flow:valve0:ventricle,0.1231231231231238,-0.3641786482715803
4124,flow:valve0:ventricle,0.12412412412412444,-0.39476738886564794
4125,flow:valve0:ventricle,0.12512512512512508,-0.4265881041102088
4126,flow:valve0:ventricle,0.12612612612612573,-0.4596329718715816
4127,flow:valve0:ventricle,0.12712712712712637,-0.4938938578449932
4128,flow:valve0:ventricle,0.1281281281281288,-0.5293623174129797
4129,flow:valve0:ventricle,0.12912912912912944,-0.5660295973999235
4130,flow:valve0:ventricle,0.13013013013013008,-0.603886638008804
4131,flow:valve0:ventricle,0.13113113113113073,-0.6429240747983336
4132,flow:valve0:ventricle,0.13213213213213135,-0.6831322407691519
4133,flow:valve0:ventricle,0.1331331331331338,-0.7245011685258628
4134,flow:valve0:ventricle,0.13413413413413444,-0.7670205925306418
4135,flow:valve0:ventricle,0.1351351351351351,-0.8106799514395349
4136,flow:valve0:ventricle,0.13613613613613573,-0.8554683905270852
4137,flow:valve0:ventricle,0.13713713713713638,-0.9013747641936732
4138,flow:valve0:ventricle,0.1381381381381388,-0.948387638559458
4139,flow:valve0:ventricle,0.13913913913913944,-0.9964952941417853
4140,flow:valve0:ventricle,0.1401401401401401,-1.0456857286162904
4141,flow:valve0:ventricle,0.14114114114114074,-1.095946659662726
4142,flow:valve0:ventricle,0.14214214214214138,-1.1472655278916528
4143,flow:valve0:ventricle,0.1431431431431438,-1.1996294998550006
4144,flow:valve0:ventricle,0.14414414414414445,-1.2530254711374396
4145,flow:valve0:ventricle,0.1451451451451451,-1.3074400695284336
4146,flow:valve0:ventricle,0.14614614614614574,-1.3628596582761388
4147,flow:valve0:ventricle,0.14714714714714638,-1.4192703394187032
4148,flow:valve0:ventricle,0.1481481481481488,-1.4766579571961609
4149,flow:valve0:ventricle,0.14914914914914945,-1.5350081015395078
4150,flow:valve0:ventricle,0.1501501501501501,-1.5943061116366255
4151,flow:valve0:ventricle,0.15115115115115074,-1.6545370795763092
4152,flow:valve0:ventricle,0.1521521521521514,-1.715685854065345
4153,flow:valve0:ventricle,0.1531531531531538,-1.777737044222119
4154,flow:valve0:ventricle,0.15415415415415443,-1.840675023442844
4155,flow:valve0:ventricle,0.1551551551551551,-1.9044839333400396
4156,flow:valve0:ventricle,0.15615615615615577,-1.9691476877544525
4157,flow:valve0:ventricle,0.1571571571571564,-2.034649976834898
4158,flow:valve0:ventricle,0.1581581581581588,-2.100974271189692
4159,flow:valve0:ventricle,0.15915915915915946,-2.168103826105341
4160,flow:valve0:ventricle,0.1601601601601601,-2.236021685832061
4161,flow:valve0:ventricle,0.16116116116116075,-2.304710687937217
4162,flow:valve0:ventricle,0.1621621621621614,-2.3741534677208325
4163,flow:valve0:ventricle,0.16316316316316382,-2.444332462696879
4164,flow:valve0:ventricle,0.16416416416416446,-2.515229917135701
4165,flow:valve0:ventricle,0.1651651651651651,-2.586827886667044
4166,flow:valve0:ventricle,0.16616616616616575,-2.6591082429447876
4167,flow:valve0:ventricle,0.1671671671671664,-2.7320526783670203
4168,flow:valve0:ventricle,0.16816816816816882,-2.805642710855417
4169,flow:valve0:ventricle,0.16916916916916946,-2.8798596886888896
4170,flow:valve0:ventricle,0.1701701701701701,-2.9546847953908735
4171,flow:valve0:ventricle,0.17117117117117076,-3.0300990546713584
4172,flow:valve0:ventricle,0.1721721721721714,-3.106083335416894
4173,flow:valve0:ventricle,0.17317317317317382,-3.1826183567327377
4174,flow:valve0:ventricle,0.17417417417417447,-3.2596846930316445
4175,flow:valve0:ventricle,0.1751751751751751,-3.337262779168817
4176,flow:valve0:ventricle,0.17617617617617576,-3.415332915623866
4177,flow:valve0:ventricle,0.1771771771771764,-3.493875273722885
4178,flow:valve0:ventricle,0.17817817817817885,-3.572869900904715
4179,flow:valve0:ventricle,0.17917917917917947,-3.6522967260258903
4180,flow:valve0:ventricle,0.18018018018018012,-3.732135564703418
4181,flow:valve0:ventricle,0.18118118118118076,-3.8123661246964953
4182,flow:valve0:ventricle,0.1821821821821814,-3.892968011319792
4183,flow:valve0:ventricle,0.18318318318318383,-3.973920732892615
4184,flow:valve0:ventricle,0.18418418418418447,-4.055203706218065
4185,flow:valve0:ventricle,0.18518518518518512,-4.136796262091501
4186,flow:valve0:ventricle,0.18618618618618576,-4.218482055841512
4187,flow:valve0:ventricle,0.1871871871871864,-4.300127538394473
4188,flow:valve0:ventricle,0.18818818818818883,-4.38169693568227
4189,flow:valve0:ventricle,0.18918918918918948,-4.4631553470730125
4190,flow:valve0:ventricle,0.19019019019019012,-4.544467749595508
4191,flow:valve0:ventricle,0.19119119119119077,-4.6255992361709835
4192,flow:valve0:ventricle,0.1921921921921914,-4.706515000247823
4193,flow:valve0:ventricle,0.19319319319319384,-4.787180373262145
4194,flow:valve0:ventricle,0.19419419419419448,-4.867560850455326
4195,flow:valve0:ventricle,0.19519519519519513,-4.947622119196424
4196,flow:valve0:ventricle,0.19619619619619577,-5.027330086340575
4197,flow:valve0:ventricle,0.1971971971971964,-5.106650905554364
4198,flow:valve0:ventricle,0.19819819819819884,-5.185551004240644
4199,flow:valve0:ventricle,0.19919919919919948,-5.263997110159716
4200,flow:valve0:ventricle,0.20020020020020013,-5.341956277649258
4201,flow:valve0:ventricle,0.20120120120120075,-5.419395913440652
4202,flow:valve0:ventricle,0.20220220220220145,-5.496283802016567
4203,flow:valve0:ventricle,0.20320320320320384,-5.572588130489696
4204,flow:valve0:ventricle,0.2042042042042045,-5.648277512962114
4205,flow:valve0:ventricle,0.20520520520520513,-5.723321014336141
4206,flow:valve0:ventricle,0.20620620620620575,-5.797688173547995
4207,flow:valve0:ventricle,0.2072072072072064,-5.871349026189069
4208,flow:valve0:ventricle,0.20820820820820884,-5.944274126492414
4209,flow:valve0:ventricle,0.2092092092092095,-6.016434568652841
4210,flow:valve0:ventricle,0.21021021021021016,-6.08780200745561
4211,flow:valve0:ventricle,0.2112112112112108,-6.158348678191688
4212,flow:valve0:ventricle,0.21221221221221143,-6.228047415830196
4213,flow:valve0:ventricle,0.21321321321321385,-6.2968716734323165
4214,flow:valve0:ventricle,0.2142142142142145,-6.364795539781571
4215,flow:valve0:ventricle,0.2152152152152151,-6.431793756212408
4216,flow:valve0:ventricle,0.21621621621621576,-6.497841732621869
4217,flow:valve0:ventricle,0.21721721721721643,-6.5629155626425035
4218,flow:valve0:ventricle,0.21821821821821885,-6.6269920379677965
4219,flow:valve0:ventricle,0.21921921921921952,-6.690048661812668
4220,flow:valve0:ventricle,0.22022022022022017,-6.752063661498512
4221,flow:valve0:ventricle,0.2212212212212208,-6.813016000155158
4222,flow:valve0:ventricle,0.22222222222222143,-6.872885387525766
4223,flow:valve0:ventricle,0.22322322322322383,-6.931652289873542
4224,flow:valve0:ventricle,0.22422422422422447,-6.989297938980789
4225,flow:valve0:ventricle,0.22522522522522517,-7.04580434023756
4226,flow:valve0:ventricle,0.2262262262262258,-7.101154279820019
4227,flow:valve0:ventricle,0.22722722722722644,-7.155331330952513
4228,flow:valve0:ventricle,0.22822822822822889,-7.208319859259839
4229,flow:valve0:ventricle,0.22922922922922953,-7.260105027208016
4230,flow:valve0:ventricle,0.23023023023023015,-7.3106727976384995
4231,flow:valve0:ventricle,0.2312312312312308,-7.3600099364033
4232,flow:valve0:ventricle,0.23223223223223144,-7.408104014102733
4233,flow:valve0:ventricle,0.23323323323323383,-7.454943406939283
4234,flow:valve0:ventricle,0.2342342342342345,-7.50051729669335
4235,flow:valve0:ventricle,0.23523523523523515,-7.544815669832619
4236,flow:valve0:ventricle,0.2362362362362358,-7.587829315769342
4237,flow:valve0:ventricle,0.23723723723723644,-7.629549824274214
4238,flow:valve0:ventricle,0.2382382382382389,-7.669969582066429
4239,flow:valve0:ventricle,0.2392392392392395,-7.709081768592116
4240,flow:valve0:ventricle,0.24024024024024015,-7.746880351009021
4241,flow:valve0:ventricle,0.2412412412412408,-7.783360078397282
4242,flow:valve0:ventricle,0.24224224224224145,-7.818516475210837
4243,flow:valve0:ventricle,0.24324324324324387,-7.8523458339941135
4244,flow:valve0:ventricle,0.2442442442442445,-7.8848452073814626
4245,flow:valve0:ventricle,0.24524524524524516,-7.916012399401899
4246,flow:valve0:ventricle,0.2462462462462458,-7.945845956113458
4247,flow:valve0:ventricle,0.24724724724724645,-7.974345155586167
4248,flow:valve0:ventricle,0.24824824824824887,-8.001509997262012
4249,flow:valve0:ventricle,0.24924924924924952,-8.027341190713186
4250,flow:valve0:ventricle,0.25025025025025016,-8.051840143824615
4251,flow:valve0:ventricle,0.2512512512512508,-8.075008950427833
4252,flow:valve0:ventricle,0.25225225225225145,-8.096850377408641
4253,flow:valve0:ventricle,0.2532532532532539,-8.117367851318718
4254,flow:valve0:ventricle,0.2542542542542545,-8.1365654445153
4255,flow:valve0:ventricle,0.25525525525525516,-8.154447860856425
4256,flow:valve0:ventricle,0.2562562562562558,-8.171020420980664
4257,flow:valve0:ventricle,0.25725725725725646,-8.186289047195114
4258,flow:valve0:ventricle,0.2582582582582589,-8.20026024800272
4259,flow:valve0:ventricle,0.2592592592592595,-8.212941102294032
4260,flow:valve0:ventricle,0.26026026026026017,-8.224339243231267
4261,flow:valve0:ventricle,0.2612612612612608,-8.234462841853752
4262,flow:valve0:ventricle,0.26226226226226146,-8.243320590428674
4263,flow:valve0:ventricle,0.2632632632632639,-8.25092168557778
4264,flow:valve0:ventricle,0.2642642642642645,-8.257275811204492
4265,flow:valve0:ventricle,0.26526526526526517,-8.262393121248794
4266,flow:valve0:ventricle,0.2662662662662658,-8.266284222297465
4267,flow:valve0:ventricle,0.26726726726726646,-8.268960156072817
4268,flow:valve0:ventricle,0.2682682682682689,-8.270432381828655
4269,flow:valve0:ventricle,0.26926926926926953,-8.270712758676499
4270,flow:valve0:ventricle,0.2702702702702702,-8.269813527867392
4271,flow:valve0:ventricle,0.2712712712712708,-8.267747295054571
4272,flow:valve0:ventricle,0.27227227227227146,-8.264527012558391
4273,flow:valve0:ventricle,0.2732732732732739,-8.26016596165909
4274,flow:valve0:ventricle,0.27427427427427453,-8.254677734938264
4275,flow:valve0:ventricle,0.2752752752752752,-8.248076218691477
4276,flow:valve0:ventricle,0.2762762762762758,-8.240375575434067
4277,flow:valve0:ventricle,0.27727727727727647,-8.231590226519003
4278,flow:valve0:ventricle,0.2782782782782789,-8.221734834888643
4279,flow:valve0:ventricle,0.27927927927927954,-8.21082428797828
4280,flow:valve0:ventricle,0.2802802802802802,-8.198873680790467
4281,flow:valve0:ventricle,0.2812812812812808,-8.18589829915844
4282,flow:valve0:ventricle,0.28228228228228147,-8.171913603214252
4283,flow:valve0:ventricle,0.2832832832832839,-8.156935211079608
4284,flow:valve0:ventricle,0.28428428428428454,-8.140978882793537
4285,flow:valve0:ventricle,0.2852852852852852,-8.12406050449235
4286,flow:valve0:ventricle,0.28628628628628583,-8.106196072856045
4287,flow:valve0:ventricle,0.2872872872872865,-8.087401679833393
4288,flow:valve0:ventricle,0.2882882882882889,-8.067693497659318
4289,flow:valve0:ventricle,0.28928928928928954,-8.047087764175366
4290,flow:valve0:ventricle,0.2902902902902902,-8.025600768464361
4291,flow:valve0:ventricle,0.29129129129129083,-8.00324883680981
4292,flow:valve0:ventricle,0.2922922922922915,-7.980048318988467
4293,flow:valve0:ventricle,0.2932932932932939,-7.9560155749055745
4294,flow:valve0:ventricle,0.29429429429429455,-7.931166961580016
4295,flow:valve0:ventricle,0.2952952952952952,-7.90551882048673
4296,flow:valve0:ventricle,0.29629629629629584,-7.87908746526279
4297,flow:valve0:ventricle,0.2972972972972965,-7.851889169782567
4298,flow:valve0:ventricle,0.2982982982982989,-7.823940156607233
4299,flow:valve0:ventricle,0.29929929929929955,-7.79525658581268
4300,flow:valve0:ventricle,0.3003003003003002,-7.765854544199541
4301,flow:valve0:ventricle,0.30130130130130084,-7.7361305435032195
4302,flow:valve0:ventricle,0.3023023023023015,-7.706335053770544
4303,flow:valve0:ventricle,0.3033033033033039,-7.676351661623388
4304,flow:valve0:ventricle,0.30430430430430455,-7.646246657139043
4305,flow:valve0:ventricle,0.3053053053053052,-7.615994877048661
4306,flow:valve0:ventricle,0.30630630630630584,-7.585616746897864
4307,flow:valve0:ventricle,0.3073073073073065,-7.555109766569792
4308,flow:valve0:ventricle,0.3083083083083089,-7.524482765673821
4309,flow:valve0:ventricle,0.30930930930930955,-7.4937387757846015
4310,flow:valve0:ventricle,0.3103103103103102,-7.462883593994307
4311,flow:valve0:ventricle,0.31131131131131085,-7.431921500952573
4312,flow:valve0:ventricle,0.3123123123123115,-7.4008574017240765
4313,flow:valve0:ventricle,0.3133133133133139,-7.369695755313189
4314,flow:valve0:ventricle,0.31431431431431456,-7.338441109926101
4315,flow:valve0:ventricle,0.3153153153153152,-7.307097835434238
4316,flow:valve0:ventricle,0.31631631631631585,-7.2756702573050065
4317,flow:valve0:ventricle,0.3173173173173165,-7.244162589865432
4318,flow:valve0:ventricle,0.3183183183183189,-7.21257896996404
4319,flow:valve0:ventricle,0.31931931931931956,-7.180923440496586
4320,flow:valve0:ventricle,0.3203203203203202,-7.149199959061214
4321,flow:valve0:ventricle,0.32132132132132085,-7.117412394108302
4322,flow:valve0:ventricle,0.3223223223223215,-7.0855645274010195
4323,flow:valve0:ventricle,0.3233233233233239,-7.053660053376557
4324,flow:valve0:ventricle,0.32432432432432456,-7.021702580111461
4325,flow:valve0:ventricle,0.3253253253253252,-6.989695629537835
4326,flow:valve0:ventricle,0.32632632632632586,-6.957642638084878
4327,flow:valve0:ventricle,0.3273273273273265,-6.925546957157486
4328,flow:valve0:ventricle,0.3283283283283289,-6.893411853743902
4329,flow:valve0:ventricle,0.32932932932932957,-6.861240511004945
4330,flow:valve0:ventricle,0.3303303303303302,-6.829036028917108
4331,flow:valve0:ventricle,0.33133133133133086,-6.79680142493128
4332,flow:valve0:ventricle,0.3323323323323315,-6.76453963466525
4333,flow:valve0:ventricle,0.3333333333333339,-6.732253512618834
4334,flow:valve0:ventricle,0.33433433433433457,-6.699945832915896
4335,flow:valve0:ventricle,0.3353353353353352,-6.667619290069647
4336,flow:valve0:ventricle,0.33633633633633586,-6.635276499771094
4337,flow:valve0:ventricle,0.3373373373373365,-6.602919999699861
4338,flow:valve0:ventricle,0.33833833833833893,-6.570552250355774
4339,flow:valve0:ventricle,0.3393393393393396,-6.538175635910772
4340,flow:valve0:ventricle,0.3403403403403402,-6.505792465080096
4341,flow:valve0:ventricle,0.34134134134134086,-6.473404972011351
4342,flow:valve0:ventricle,0.3423423423423415,-6.4410153171914954
4343,flow:valve0:ventricle,0.34334334334334393,-6.408625588369833
4344,flow:valve0:ventricle,0.3443443443443446,-6.376237801496874
4345,flow:valve0:ventricle,0.3453453453453452,-6.34385390167794
4346,flow:valve0:ventricle,0.34634634634634587,-6.311475764140349
4347,flow:valve0:ventricle,0.3473473473473465,-6.279105195214181
4348,flow:valve0:ventricle,0.34834834834834894,-6.246743933324953
4349,flow:valve0:ventricle,0.3493493493493496,-6.214393649997906
4350,flow:valve0:ventricle,0.3503503503503502,-6.182055950873301
4351,flow:valve0:ventricle,0.35135135135135087,-6.149732376731046
4352,flow:valve0:ventricle,0.3523523523523515,-6.1174244045254
4353,flow:valve0:ventricle,0.35335335335335394,-6.0851334484276505
4354,flow:valve0:ventricle,0.3543543543543546,-6.052860860876947
4355,flow:valve0:ventricle,0.35535535535535523,-6.020607933638437
4356,flow:valve0:ventricle,0.3563563563563559,-5.988375898867461
4357,flow:valve0:ventricle,0.3573573573573565,-5.956165930180402
4358,flow:valve0:ventricle,0.35835835835835894,-5.92397914373028
4359,flow:valve0:ventricle,0.3593593593593596,-5.891816599287369
4360,flow:valve0:ventricle,0.36036036036036023,-5.859679301324066
4361,flow:valve0:ventricle,0.3613613613613609,-5.827568200102839
4362,flow:valve0:ventricle,0.3623623623623615,-5.795484192768025
4363,flow:valve0:ventricle,0.36336336336336394,-5.763428124439528
4364,flow:valve0:ventricle,0.36436436436436453,-5.731400789308938
4365,flow:valve0:ventricle,0.3653653653653653,-5.6994029317373185
4366,flow:valve0:ventricle,0.36636636636636594,-5.667435247353492
4367,flow:valve0:ventricle,0.3673673673673666,-5.6354983841539275
4368,flow:valve0:ventricle,0.36836836836836895,-5.603592943602111
4369,flow:valve0:ventricle,0.3693693693693696,-5.571719481728146
4370,flow:valve0:ventricle,0.37037037037037024,-5.539878510227946
4371,flow:valve0:ventricle,0.3713713713713709,-5.508070497560798
4372,flow:valve0:ventricle,0.37237237237237153,-5.476295870046685
4373,flow:valve0:ventricle,0.3733733733733739,-5.444555012961091
4374,flow:valve0:ventricle,0.37437437437437454,-5.41284827162839
4375,flow:valve0:ventricle,0.3753753753753752,-5.381175952513027
4376,flow:valve0:ventricle,0.37637637637637594,-5.349538324307497
4377,flow:valve0:ventricle,0.37737737737737653,-5.317935619018495
4378,flow:valve0:ventricle,0.37837837837837895,-5.286368033049193
4379,flow:valve0:ventricle,0.3793793793793796,-5.254835728278558
4380,flow:valve0:ventricle,0.38038038038038025,-5.223338833137334
4381,flow:valve0:ventricle,0.3813813813813809,-5.191877443679393
4382,flow:valve0:ventricle,0.38238238238238154,-5.160451624650299
4383,flow:valve0:ventricle,0.383383383383384,-5.12906141055072
4384,flow:valve0:ventricle,0.38438438438438466,-5.097706806696005
4385,flow:valve0:ventricle,0.3853853853853853,-5.066387790271363
4386,flow:valve0:ventricle,0.3863863863863859,-5.035104311381624
4387,flow:valve0:ventricle,0.38738738738738654,-5.003856294097259
4388,flow:valve0:ventricle,0.38838838838838896,-4.972643637494658
4389,flow:valve0:ventricle,0.3893893893893896,-4.9414662166916745
4390,flow:valve0:ventricle,0.39039039039039025,-4.910323883878344
4391,flow:valve0:ventricle,0.3913913913913909,-4.879216469341387
4392,flow:valve0:ventricle,0.39239239239239154,-4.848143782484641
4393,flow:valve0:ventricle,0.3933933933933939,-4.8171056128431
4394,flow:valve0:ventricle,0.39439439439439467,-4.786101731091975
4395,flow:valve0:ventricle,0.39539539539539525,-4.755131890050388
4396,flow:valve0:ventricle,0.3963963963963959,-4.7241958256786525
4397,flow:valve0:ventricle,0.39739739739739655,-4.693293258071167
4398,flow:valve0:ventricle,0.39839839839839897,-4.662423892442683
4399,flow:valve0:ventricle,0.3993993993993996,-4.631587420109372
4400,flow:valve0:ventricle,0.40040040040040026,-4.600783519464511
4401,flow:valve0:ventricle,0.4014014014014009,-4.570011856947486
4402,flow:valve0:ventricle,0.4024024024024015,-4.539272088008441
4403,flow:valve0:ventricle,0.403403403403404,-4.508559044431312
4404,flow:valve0:ventricle,0.4044044044044046,-4.477724621525399
4405,flow:valve0:ventricle,0.40540540540540526,-4.446728452474636
4406,flow:valve0:ventricle,0.4064064064064059,-4.4155825484847995
4407,flow:valve0:ventricle,0.40740740740740655,-4.384288521769749
4408,flow:valve0:ventricle,0.408408408408409,-4.352850069761195
4409,flow:valve0:ventricle,0.4094094094094096,-4.321270491329224
4410,flow:valve0:ventricle,0.41041041041041026,-4.2895531808158145
4411,flow:valve0:ventricle,0.41141141141141085,-4.257701529100409
4412,flow:valve0:ventricle,0.4124124124124115,-4.225718943025912
4413,flow:valve0:ventricle,0.413413413413414,-4.19360884105407
4414,flow:valve0:ventricle,0.4144144144144146,-4.161374653766179
4415,flow:valve0:ventricle,0.41541541541541527,-4.1290198233400295
4416,flow:valve0:ventricle,0.4164164164164159,-4.096547803259023
4417,flow:valve0:ventricle,0.41741741741741656,-4.063962057960696
4418,flow:valve0:ventricle,0.418418418418419,-4.03126606250339
4419,flow:valve0:ventricle,0.4194194194194196,-3.99846330222544
4420,flow:valve0:ventricle,0.4204204204204202,-3.965557272407472
4421,flow:valve0:ventricle,0.42142142142142097,-3.9325514779317703
4422,flow:valve0:ventricle,0.4224224224224216,-3.899449432943411
4423,flow:valve0:ventricle,0.423423423423424,-3.86625466050953
4424,flow:valve0:ventricle,0.42442442442442463,-3.83297069227902
4425,flow:valve0:ventricle,0.4254254254254253,-3.7996010681419534
4426,flow:valve0:ventricle,0.4264264264264259,-3.7661493358878193
4427,flow:valve0:ventricle,0.42742742742742657,-3.7326190508647574
4428,flow:valve0:ventricle,0.428428428428429,-3.6990137756374817
4429,flow:valve0:ventricle,0.4294294294294296,-3.665337079645427
4430,flow:valve0:ventricle,0.4304304304304302,-3.6315925388609056
4431,flow:valve0:ventricle,0.43143143143143087,-3.5977837354459705
4432,flow:valve0:ventricle,0.4324324324324316,-3.563914257410552
4433,flow:valve0:ventricle,0.433433433433434,-3.5299876982691605
4434,flow:valve0:ventricle,0.43443443443443464,-3.4960076566980693
4435,flow:valve0:ventricle,0.4354354354354353,-3.461977736192455
4436,flow:valve0:ventricle,0.4364364364364359,-3.4279015447223933
4437,flow:valve0:ventricle,0.43743743743743657,-3.393782694390154
4438,flow:valve0:ventricle,0.43843843843843894,-3.3596248010862144
4439,flow:valve0:ventricle,0.4394394394394397,-3.325431484145712
4440,flow:valve0:ventricle,0.44044044044044034,-3.2912063660050386
4441,flow:valve0:ventricle,0.441441441441441,-3.256953071857294
4442,flow:valve0:ventricle,0.4424424424424416,-3.22267522930916
4443,flow:valve0:ventricle,0.443443443443444,-3.1883764680364957
4444,flow:valve0:ventricle,0.44444444444444464,-3.1540604194405546
4445,flow:valve0:ventricle,0.4454454454454453,-3.119730716304277
4446,flow:valve0:ventricle,0.44644644644644593,-3.085390992447656
4447,flow:valve0:ventricle,0.4474474474474466,-3.051044882384463
4448,flow:valve0:ventricle,0.44844844844844894,-3.0166960209778777
4449,flow:valve0:ventricle,0.4494494494494497,-2.9823480430967284
4450,flow:valve0:ventricle,0.45045045045045035,-2.9480045832719237
4451,flow:valve0:ventricle,0.45145145145145094,-2.913669275352025
4452,flow:valve0:ventricle,0.4524524524524516,-2.879345752160206
4453,flow:valve0:ventricle,0.453453453453454,-2.845037645150269
4454,flow:valve0:ventricle,0.45445445445445465,-2.810748584063236
4455,flow:valve0:ventricle,0.4554554554554553,-2.776482196584324
4456,flow:valve0:ventricle,0.45645645645645594,-2.7422421079989925
4457,flow:valve0:ventricle,0.4574574574574566,-2.7080319408505953
4458,flow:valve0:ventricle,0.45845845845845906,-2.6738553145970227
4459,flow:valve0:ventricle,0.4594594594594597,-2.639715845268108
4460,flow:valve0:ventricle,0.4604604604604603,-2.60561714512338
4461,flow:valve0:ventricle,0.46146146146146094,-2.571562822309064
4462,flow:valve0:ventricle,0.4624624624624616,-2.5375564805166633
4463,flow:valve0:ventricle,0.463463463463464,-2.503601718640692
4464,flow:valve0:ventricle,0.46446446446446465,-2.469702130437148
4465,flow:valve0:ventricle,0.4654654654654653,-2.435861304182502
4466,flow:valve0:ventricle,0.46646646646646595,-2.402082822331932
4467,flow:valve0:ventricle,0.46746746746746654,-2.3683702611792663
4468,flow:valve0:ventricle,0.468468468468469,-2.334727190516089
4469,flow:valve0:ventricle,0.46946946946946966,-2.3011571732917484
4470,flow:valve0:ventricle,0.4704704704704703,-2.2676637652738716
4471,flow:valve0:ventricle,0.47147147147147095,-2.234250514708229
4472,flow:valve0:ventricle,0.4724724724724716,-2.2009209619804357
4473,flow:valve0:ventricle,0.473473473473474,-2.1676786392767866
4474,flow:valve0:ventricle,0.47447447447447466,-2.1345270702461807
4475,flow:valve0:ventricle,0.4754754754754753,-2.101469769662542
4476,flow:valve0:ventricle,0.4764764764764759,-2.0685102430867683
4477,flow:valve0:ventricle,0.47747747747747665,-2.035651986530448
4478,flow:valve0:ventricle,0.478478478478479,-2.0028984861189874
4479,flow:valve0:ventricle,0.47947947947947966,-1.9702532177557064
4480,flow:valve0:ventricle,0.4804804804804803,-1.9377196467866873
4481,flow:valve0:ventricle,0.48148148148148096,-1.905301227665101
4482,flow:valve0:ventricle,0.4824824824824816,-1.8730014036174925
4483,flow:valve0:ventricle,0.483483483483484,-1.8408236063094707
4484,flow:valve0:ventricle,0.48448448448448467,-1.8087712555125477
4485,flow:valve0:ventricle,0.48548548548548526,-1.7768477587717086
4486,flow:valve0:ventricle,0.4864864864864859,-1.745056511072661
4487,flow:valve0:ventricle,0.48748748748748655,-1.71340089451106
4488,flow:valve0:ventricle,0.488488488488489,-1.6818842779612402
4489,flow:valve0:ventricle,0.48948948948948967,-1.650510016746225
4490,flow:valve0:ventricle,0.4904904904904903,-1.6192814523085108
4491,flow:valve0:ventricle,0.49149149149149096,-1.5882019118806765
4492,flow:valve0:ventricle,0.4924924924924916,-1.5572747081580147
4493,flow:valve0:ventricle,0.493493493493494,-1.52650313897082
4494,flow:valve0:ventricle,0.4944944944944946,-1.4958904869579923
4495,flow:valve0:ventricle,0.4954954954954954,-1.4654400192415815
4496,flow:valve0:ventricle,0.496496496496496,-1.435154987101218
4497,flow:valve0:ventricle,0.49749749749749667,-1.4050386256506688
4498,flow:valve0:ventricle,0.49849849849849903,-1.3750941535141736
4499,flow:valve0:ventricle,0.4994994994994997,-1.3453247725042048
4500,flow:valve0:ventricle,0.5005005005005003,-1.3157336673002256
4501,flow:valve0:ventricle,0.501501501501501,-1.2863240051275444
4502,flow:valve0:ventricle,0.5025025025025016,-1.257098935438281
4503,flow:valve0:ventricle,0.503503503503504,-1.228061589592332
4504,flow:valve0:ventricle,0.5045045045045047,-1.1992150805398183
4505,flow:valve0:ventricle,0.5055055055055053,-1.1705625025046358
4506,flow:valve0:ventricle,0.506506506506506,-1.1421069306682752
4507,flow:valve0:ventricle,0.5075075075075066,-1.1138514208558146
4508,flow:valve0:ventricle,0.508508508508509,-1.0857990092220666
4509,flow:valve0:ventricle,0.5095095095095097,-1.0579527119393033
4510,flow:valve0:ventricle,0.5105105105105103,-1.030315524886239
4511,flow:valve0:ventricle,0.511511511511511,-1.0028904233373788
4512,flow:valve0:ventricle,0.5125125125125116,-0.975680361654673
4513,flow:valve0:ventricle,0.513513513513514,-0.9486882729794744
4514,flow:valve0:ventricle,0.5145145145145147,-0.9219170689261701
4515,flow:valve0:ventricle,0.5155155155155153,-0.8953696392772219
4516,flow:valve0:ventricle,0.516516516516516,-0.8690488516787118
4517,flow:valve0:ventricle,0.5175175175175166,-0.8429575513383185
4518,flow:valve0:ventricle,0.518518518518519,-0.8170985607237186
4519,flow:valve0:ventricle,0.5195195195195197,-0.7914746792628395
4520,flow:valve0:ventricle,0.5205205205205203,-0.7660886830456
4521,flow:valve0:ventricle,0.521521521521521,-0.7409433245263836
4522,flow:valve0:ventricle,0.5225225225225216,-0.7160413322289849
4523,flow:valve0:ventricle,0.523523523523524,-0.6913854104522159
4524,flow:valve0:ventricle,0.5245245245245247,-0.6669782389774385
4525,flow:valve0:ventricle,0.5255255255255253,-0.6428224727777925
4526,flow:valve0:ventricle,0.526526526526526,-0.6189207417282462
4527,flow:valve0:ventricle,0.5275275275275266,-0.5952756503183396
4528,flow:valve0:ventricle,0.528528528528529,-0.5718897773656632
4529,flow:valve0:ventricle,0.5295295295295297,-0.5487656757314897
4530,flow:valve0:ventricle,0.5305305305305303,-0.5259058720381924
4531,flow:valve0:ventricle,0.531531531531531,-0.5033128663877097
4532,flow:valve0:ventricle,0.5325325325325316,-0.48098913208279026
4533,flow:valve0:ventricle,0.533533533533534,-0.4589371153492019
4534,flow:valve0:ventricle,0.5345345345345347,-0.437159235060198
4535,flow:valve0:ventricle,0.5355355355355353,-0.4156578824629638
4536,flow:valve0:ventricle,0.536536536536536,-0.3944354209062894
4537,flow:valve0:ventricle,0.5375375375375366,-0.37349418557114616
4538,flow:valve0:ventricle,0.5385385385385391,-0.352836483202416
4539,flow:valve0:ventricle,0.5395395395395397,-0.3324645918430842
4540,flow:valve0:ventricle,0.5405405405405403,-0.31238076057047437
4541,flow:valve0:ventricle,0.541541541541541,-0.29258720923405124
4542,flow:valve0:ventricle,0.5425425425425416,-0.2730861281961161
4543,flow:valve0:ventricle,0.5435435435435441,-0.2538796780739716
4544,flow:valve0:ventricle,0.5445445445445447,-0.23496998948464445
4545,flow:valve0:ventricle,0.5455455455455454,-0.21635916279186193
4546,flow:valve0:ventricle,0.546546546546546,-0.19804926785477192
4547,flow:valve0:ventricle,0.5475475475475466,-0.18004234377971193
4548,flow:valve0:ventricle,0.5485485485485491,-0.1623403986736685
4549,flow:valve0:ventricle,0.5495495495495497,-0.14494540940043482
4550,flow:valve0:ventricle,0.5505505505505504,-0.12785932133922023
4551,flow:valve0:ventricle,0.551551551551551,-0.11108404814521047
4552,flow:valve0:ventricle,0.5525525525525516,-0.09462147151331704
4553,flow:valve0:ventricle,0.5535535535535541,-0.07847344094384551
4554,flow:valve0:ventricle,0.5545545545545547,-0.06264177351101413
4555,flow:valve0:ventricle,0.5555555555555554,-0.04712825363412224
4556,flow:valve0:ventricle,0.556556556556556,-0.03193463285089493
4557,flow:valve0:ventricle,0.5575575575575566,-0.017062629594128666
4558,flow:valve0:ventricle,0.5585585585585591,-0.002513928970527296
4559,flow:valve0:ventricle,0.5595595595595597,40.585150793811195
4560,flow:valve0:ventricle,0.5605605605605604,99.76556607009609
4561,flow:valve0:ventricle,0.561561561561561,143.63465209407966
4562,flow:valve0:ventricle,0.5625625625625617,189.57487096105476
4563,flow:valve0:ventricle,0.5635635635635641,229.38651940167696
4564,flow:valve0:ventricle,0.5645645645645647,267.58345872562194
4565,flow:valve0:ventricle,0.5655655655655654,302.27940440319753
4566,flow:valve0:ventricle,0.566566566566566,334.74452748774564
4567,flow:valve0:ventricle,0.5675675675675667,364.6328264753714
4568,flow:valve0:ventricle,0.5685685685685691,392.37230458618023
4569,flow:valve0:ventricle,0.5695695695695697,417.97352222892385
4570,flow:valve0:ventricle,0.5705705705705704,441.6285046491224
4571,flow:valve0:ventricle,0.571571571571571,463.414124257181
4572,flow:valve0:ventricle,0.5725725725725717,483.4429321287474
4573,flow:valve0:ventricle,0.5735735735735741,501.7899931849579
4574,flow:valve0:ventricle,0.5745745745745747,518.5314819234987
4575,flow:valve0:ventricle,0.5755755755755754,533.7271905331355
4576,flow:valve0:ventricle,0.576576576576576,547.430899862114
4577,flow:valve0:ventricle,0.5775775775775767,559.6866611159135
4578,flow:valve0:ventricle,0.5785785785785791,570.5319845906705
4579,flow:valve0:ventricle,0.5795795795795797,579.9974550288117
4580,flow:valve0:ventricle,0.5805805805805804,588.1080293536272
4581,flow:valve0:ventricle,0.581581581581581,594.8834025352865
4582,flow:valve0:ventricle,0.5825825825825817,600.3387606498586
4583,flow:valve0:ventricle,0.5835835835835841,604.4852720503168
4584,flow:valve0:ventricle,0.5845845845845847,607.3306503173428
4585,flow:valve0:ventricle,0.5855855855855854,608.8796301097536
4586,flow:valve0:ventricle,0.586586586586586,609.1344422620666
4587,flow:valve0:ventricle,0.5875875875875867,608.0952509214452
4588,flow:valve0:ventricle,0.5885885885885891,605.7605764507877
4589,flow:valve0:ventricle,0.5895895895895897,602.1276965910057
4590,flow:valve0:ventricle,0.5905905905905904,597.1930332971771
4591,flow:valve0:ventricle,0.591591591591591,590.9525245683064
4592,flow:valve0:ventricle,0.5925925925925917,583.4019840534758
4593,flow:valve0:ventricle,0.5935935935935941,574.5374489509369
4594,flow:valve0:ventricle,0.5945945945945947,564.3555173525709
4595,flow:valve0:ventricle,0.5955955955955954,552.8536754089728
4596,flow:valve0:ventricle,0.596596596596596,540.0306146524764
4597,flow:valve0:ventricle,0.5975975975975967,525.8865394371896
4598,flow:valve0:ventricle,0.5985985985985991,510.4234642771261
4599,flow:valve0:ventricle,0.5995995995995997,493.6455006111522
4600,flow:valve0:ventricle,0.6006006006006004,475.6619531979395
4601,flow:valve0:ventricle,0.601601601601601,458.453252130872
4602,flow:valve0:ventricle,0.6026026026026017,441.7983028691926
4603,flow:valve0:ventricle,0.6036036036036041,425.7743954906265
4604,flow:valve0:ventricle,0.6046046046046047,410.3101422786024
4605,flow:valve0:ventricle,0.6056056056056054,395.4098062995578
4606,flow:valve0:ventricle,0.606606606606606,381.0409280011962
4607,flow:valve0:ventricle,0.6076076076076067,367.1905044337228
4608,flow:valve0:ventricle,0.6086086086086091,353.83685389213315
4609,flow:valve0:ventricle,0.6096096096096097,340.9636471422936
4610,flow:valve0:ventricle,0.6106106106106104,328.5528551464917
4611,flow:valve0:ventricle,0.611611611611611,316.58824015834506
4612,flow:valve0:ventricle,0.6126126126126117,305.0535763325644
4613,flow:valve0:ventricle,0.6136136136136141,293.93350680546325
4614,flow:valve0:ventricle,0.6146146146146148,283.21308370986753
4615,flow:valve0:ventricle,0.6156156156156154,272.8779678534166
4616,flow:valve0:ventricle,0.616616616616616,262.9142996545374
4617,flow:valve0:ventricle,0.6176176176176167,253.3087354999195
4618,flow:valve0:ventricle,0.6186186186186191,244.04840240381597
4619,flow:valve0:ventricle,0.6196196196196198,235.1208944926119
4620,flow:valve0:ventricle,0.6206206206206204,226.51424951784855
4621,flow:valve0:ventricle,0.621621621621621,218.21693626230984
4622,flow:valve0:ventricle,0.6226226226226217,210.21783737423513
4623,flow:valve0:ventricle,0.6236236236236241,202.50623533070723
4624,flow:valve0:ventricle,0.6246246246246248,195.07179764938016
4625,flow:valve0:ventricle,0.6256256256256254,187.90456325975916
4626,flow:valve0:ventricle,0.626626626626626,180.9949290502365
4627,flow:valve0:ventricle,0.6276276276276267,174.3336370556418
4628,flow:valve0:ventricle,0.6286286286286291,167.91176202677357
4629,flow:valve0:ventricle,0.6296296296296298,161.72069948588802
4630,flow:valve0:ventricle,0.6306306306306304,155.75215419188032
4631,flow:valve0:ventricle,0.631631631631631,149.99812902979087
4632,flow:valve0:ventricle,0.6326326326326317,144.45091429475266
4633,flow:valve0:ventricle,0.6336336336336341,139.10307736347474
4634,flow:valve0:ventricle,0.6346346346346348,133.9474527357301
4635,flow:valve0:ventricle,0.6356356356356354,128.9771324343488
4636,flow:valve0:ventricle,0.636636636636636,124.18545674991528
4637,flow:valve0:ventricle,0.6376376376376367,119.56600531826004
4638,flow:valve0:ventricle,0.6386386386386391,115.11258851853148
4639,flow:valve0:ventricle,0.6396396396396398,110.81923918046468
4640,flow:valve0:ventricle,0.6406406406406404,106.68020458964902
4641,flow:valve0:ventricle,0.6416416416416411,102.68993878015942
4642,flow:valve0:ventricle,0.6426426426426417,98.84309510413868
4643,flow:valve0:ventricle,0.6436436436436441,95.13451906847502
4644,flow:valve0:ventricle,0.6446446446446448,91.55924142886478
4645,flow:valve0:ventricle,0.6456456456456454,88.11247153214494
4646,flow:valve0:ventricle,0.6466466466466461,84.78959089781205
4647,flow:valve0:ventricle,0.6476476476476467,81.58614703028616
4648,flow:valve0:ventricle,0.6486486486486491,78.49784745353163
4649,flow:valve0:ventricle,0.6496496496496498,75.52055396004769
4650,flow:valve0:ventricle,0.6506506506506504,72.6502770665953
4651,flow:valve0:ventricle,0.6516516516516511,69.88317066912849
4652,flow:valve0:ventricle,0.6526526526526517,67.21552688986488
4653,flow:valve0:ventricle,0.6536536536536541,64.64377110952533
4654,flow:valve0:ventricle,0.6546546546546548,62.16445717811931
4655,flow:valve0:ventricle,0.6556556556556554,59.77426279785244
4656,flow:valve0:ventricle,0.6566566566566561,57.4699850719637
4657,flow:valve0:ventricle,0.6576576576576567,55.24853621354074
4658,flow:valve0:ventricle,0.6586586586586591,53.10693940855053
4659,flow:valve0:ventricle,0.6596596596596598,51.04232482755459
4660,flow:valve0:ventricle,0.6606606606606604,49.051925780762815
4661,flow:valve0:ventricle,0.6616616616616611,47.13307501125612
4662,flow:valve0:ventricle,0.6626626626626617,45.28320112145941
4663,flow:valve0:ventricle,0.6636636636636641,43.499825128007295
4664,flow:valve0:ventricle,0.6646646646646648,41.78055714044692
4665,flow:valve0:ventricle,0.6656656656656654,40.12309315931368
4666,flow:valve0:ventricle,0.6666666666666661,38.52521198925495
4667,flow:valve0:ventricle,0.6676676676676667,36.98477226311475
4668,flow:valve0:ventricle,0.6686686686686691,35.49970957297309
4669,flow:valve0:ventricle,0.6696696696696698,34.06803370427343
4670,flow:valve0:ventricle,0.6706706706706704,32.68782596937379
4671,flow:valve0:ventricle,0.6716716716716711,31.357236636917975
4672,flow:valve0:ventricle,0.6726726726726717,30.074482453595277
4673,flow:valve0:ventricle,0.6736736736736741,28.837844254967575
4674,flow:valve0:ventricle,0.6746746746746748,27.645664662163163
4675,flow:valve0:ventricle,0.6756756756756754,26.49634586133786
4676,flow:valve0:ventricle,0.6766766766766761,25.388347462970124
4677,flow:valve0:ventricle,0.6776776776776767,24.32018443804128
4678,flow:valve0:ventricle,0.6786786786786791,23.290425128456125
4679,flow:valve0:ventricle,0.6796796796796798,22.297689328892215
4680,flow:valve0:ventricle,0.6806806806806804,21.340646437649905
4681,flow:valve0:ventricle,0.6816816816816811,20.41801367392961
4682,flow:valve0:ventricle,0.6826826826826817,19.528554359161685
4683,flow:valve0:ventricle,0.6836836836836842,18.671076260161367
4684,flow:valve0:ventricle,0.6846846846846848,17.84442999175704
4685,flow:valve0:ventricle,0.6856856856856854,17.047507476887304
4686,flow:valve0:ventricle,0.6866866866866861,16.279240462003397
4687,flow:valve0:ventricle,0.6876876876876867,15.538599085851278
4688,flow:valve0:ventricle,0.6886886886886892,14.824590499667476
4689,flow:valve0:ventricle,0.6896896896896898,14.136257536989929
4690,flow:valve0:ventricle,0.6906906906906904,13.47267743124534
4691,flow:valve0:ventricle,0.6916916916916911,12.832960579461789
4692,flow:valve0:ventricle,0.6926926926926917,12.21624935037024
4693,flow:valve0:ventricle,0.6936936936936942,11.621716935383526
4694,flow:valve0:ventricle,0.6946946946946948,11.048566240834566
4695,flow:valve0:ventricle,0.6956956956956954,10.49602882005977
4696,flow:valve0:ventricle,0.6966966966966961,9.963363843830686
4697,flow:valve0:ventricle,0.6976976976976967,9.449857107813477
4698,flow:valve0:ventricle,0.6986986986986992,8.954820075682456
4699,flow:valve0:ventricle,0.6996996996996998,8.477588956632388
4700,flow:valve0:ventricle,0.7007007007007005,8.017523816046435
4701,flow:valve0:ventricle,0.7017017017017011,7.5740077181127585
4702,flow:valve0:ventricle,0.7027027027027017,7.146445899271204
4703,flow:valve0:ventricle,0.7037037037037042,6.734264971354436
4704,flow:valve0:ventricle,0.7047047047047048,6.336912153373747
4705,flow:valve0:ventricle,0.7057057057057055,5.953854530903367
4706,flow:valve0:ventricle,0.7067067067067061,5.584578342109219
4707,flow:valve0:ventricle,0.7077077077077067,5.228588289394743
4708,flow:valve0:ventricle,0.7087087087087092,4.885406875828915
4709,flow:valve0:ventricle,0.7097097097097098,4.554573765389567
4710,flow:valve0:ventricle,0.7107107107107105,4.235645166217734
4711,flow:valve0:ventricle,0.7117117117117111,3.9281932360333975
4712,flow:valve0:ventricle,0.7127127127127117,3.631805508914157
4713,flow:valve0:ventricle,0.7137137137137142,3.346084342688457
4714,flow:valve0:ventricle,0.7147147147147148,3.0706463861692055
4715,flow:valve0:ventricle,0.7157157157157155,2.8051220655535003
4716,flow:valve0:ventricle,0.7167167167167161,2.5491550892677224
4717,flow:valve0:ventricle,0.7177177177177168,2.302401970624188
4718,flow:valve0:ventricle,0.7187187187187192,2.064531567607321
4719,flow:valve0:ventricle,0.7197197197197198,1.8352246392251883
4720,flow:valve0:ventricle,0.7207207207207205,1.6141734177947291
4721,flow:valve0:ventricle,0.7217217217217211,1.4010811965932513
4722,flow:valve0:ventricle,0.7227227227227218,1.195661932340324
4723,flow:valve0:ventricle,0.7237237237237242,0.9976398619591628
4724,flow:valve0:ventricle,0.7247247247247248,0.8067491331140388
4725,flow:valve0:ventricle,0.7257257257257255,0.6227334480222341
4726,flow:valve0:ventricle,0.7267267267267261,0.44534572008020445
4727,flow:valve0:ventricle,0.7277277277277268,0.2743477428011154
4728,flow:valve0:ventricle,0.7287287287287291,0.10950987069495996
4729,flow:valve0:ventricle,0.7297297297297297,-0.04938928843802029
4730,flow:valve0:ventricle,0.7307307307307304,0.02463676489607801
4731,flow:valve0:ventricle,0.7317317317317312,-0.012435366297475813
4732,flow:valve0:ventricle,0.7327327327327319,0.006041586220065724
4733,flow:valve0:ventricle,0.7337337337337343,-0.0032559934582852453
4734,flow:valve0:ventricle,0.7347347347347348,0.0013336989772600432
4735,flow:valve0:ventricle,0.7357357357357355,-0.0010202379006891346
4736,flow:valve0:ventricle,0.7367367367367361,9.76464748320394e-05
4737,flow:valve0:ventricle,0.7377377377377385,-0.0005203731515381236
4738,flow:valve0:ventricle,0.7387387387387392,-0.0002704341589630876
4739,flow:valve0:ventricle,0.7397397397397398,-0.00045446785770640146
4740,flow:valve0:ventricle,0.7407407407407405,-0.00042150859387775304
4741,flow:valve0:ventricle,0.7417417417417411,-0.0004970391953779154
4742,flow:valve0:ventricle,0.7427427427427435,-0.0005183182492661222
4743,flow:valve0:ventricle,0.7437437437437442,-0.0005667164630058772
4744,flow:valve0:ventricle,0.7447447447447448,-0.0006015484838570244
4745,flow:valve0:ventricle,0.7457457457457455,-0.0006431569891765046
4746,flow:valve0:ventricle,0.7467467467467461,-0.0006813706412714273
4747,flow:valve0:ventricle,0.7477477477477484,-0.000721275109966138
4748,flow:valve0:ventricle,0.7487487487487491,-0.0007603275613255067
4749,flow:valve0:ventricle,0.7497497497497497,-0.0007997994132894245
4750,flow:valve0:ventricle,0.7507507507507504,-0.0008390549578564816
4751,flow:valve0:ventricle,0.7517517517517512,-0.0008784120499932772
4752,flow:valve0:ventricle,0.7527527527527536,-0.0009177117631780668
4753,flow:valve0:ventricle,0.7537537537537542,-0.0009570335616294533
4754,flow:valve0:ventricle,0.7547547547547548,-0.0009963377141935968
4755,flow:valve0:ventricle,0.7557557557557555,-0.00103564408739834
4756,flow:valve0:ventricle,0.7567567567567561,-0.0010749427489282213
4757,flow:valve0:ventricle,0.7577577577577586,-0.0011142386658856069
4758,flow:valve0:ventricle,0.7587587587587592,-0.0011535293556599387
4759,flow:valve0:ventricle,0.7597597597597598,-0.0011928160604961504
4760,flow:valve0:ventricle,0.7607607607607605,-0.0012320981602066685
4761,flow:valve0:ventricle,0.7617617617617611,-0.001271375965816309
4762,flow:valve0:ventricle,0.7627627627627636,-0.0013106493227421716
4763,flow:valve0:ventricle,0.7637637637637642,-0.0013499183092016093
4764,flow:valve0:ventricle,0.7647647647647648,-0.001389182887008823
4765,flow:valve0:ventricle,0.7657657657657655,-0.0014284430761765396
4766,flow:valve0:ventricle,0.766766766766766,-0.0014676988676151457
4767,flow:valve0:ventricle,0.7677677677677687,-0.0015069502667834638
4768,flow:valve0:ventricle,0.7687687687687693,-0.001546197271863317
4769,flow:valve0:ventricle,0.76976976976977,-0.0015854398846726486
4770,flow:valve0:ventricle,0.7707707707707706,-0.00162467810520784
4771,flow:valve0:ventricle,0.7717717717717713,-0.0016639119343736482
4772,flow:valve0:ventricle,0.7727727727727736,-0.0017031413726174725
4773,flow:valve0:ventricle,0.7737737737737742,-0.0017423664206135637
4774,flow:valve0:ventricle,0.7747747747747749,-0.0017815870789195372
4775,flow:valve0:ventricle,0.7757757757757755,-0.0018208033481488665
4776,flow:valve0:ventricle,0.7767767767767761,-0.0018600152288846656
4777,flow:valve0:ventricle,0.7777777777777786,-0.0018992227217232288
4778,flow:valve0:ventricle,0.7787787787787792,-0.0019384258272498536
4779,flow:valve0:ventricle,0.7797797797797799,-0.001977624546055114
4780,flow:valve0:ventricle,0.7807807807807805,-0.002016818878723401
4781,flow:valve0:ventricle,0.7817817817817811,-0.002056008825839358
4782,flow:valve0:ventricle,0.7827827827827836,-0.0020951943879866032
4783,flow:valve0:ventricle,0.7837837837837841,-0.0021343755657456504
4784,flow:valve0:ventricle,0.7847847847847848,-0.0021735523596966948
4785,flow:valve0:ventricle,0.7857857857857854,-0.0022127247704183005
4786,flow:valve0:ventricle,0.786786786786786,-0.002251892798486947
4787,flow:valve0:ventricle,0.7877877877877887,-0.0022910564444773734
4788,flow:valve0:ventricle,0.7887887887887893,-0.0023302157089643183
4789,flow:valve0:ventricle,0.78978978978979,-0.002369370592520015
4790,flow:valve0:ventricle,0.7907907907907905,-0.0024085210957159307
4791,flow:valve0:ventricle,0.7917917917917912,-0.00244766721912049
4792,flow:valve0:ventricle,0.7927927927927936,-0.002486808963303656
4793,flow:valve0:ventricle,0.7937937937937942,-0.0025259463288313374
4794,flow:valve0:ventricle,0.7947947947947949,-0.002565079316268987
4795,flow:valve0:ventricle,0.7957957957957955,-0.0026042079261819457
4796,flow:valve0:ventricle,0.7967967967967962,-0.0026433321591316696
4797,flow:valve0:ventricle,0.7977977977977986,-0.002682452015681355
4798,flow:valve0:ventricle,0.7987987987987992,-0.0027215674963907348
4799,flow:valve0:ventricle,0.7997997997997999,-0.002760678601818465
4800,flow:valve0:ventricle,0.8008008008008005,-0.0027997853325240673
4801,flow:valve0:ventricle,0.8018018018018012,-0.0028388876890621264
4802,flow:valve0:ventricle,0.8028028028028035,-0.002877985671990331
4803,flow:valve0:ventricle,0.8038038038038041,-0.0029170792818616485
4804,flow:valve0:ventricle,0.8048048048048048,-0.002956168519229535
4805,flow:valve0:ventricle,0.8058058058058054,-0.0029952533846463974
4806,flow:valve0:ventricle,0.806806806806806,-0.0030343338786627022
4807,flow:valve0:ventricle,0.8078078078078086,-0.0030734100018278525
4808,flow:valve0:ventricle,0.8088088088088092,-0.003112481754691549
4809,flow:valve0:ventricle,0.8098098098098099,-0.003151549137800592
4810,flow:valve0:ventricle,0.8108108108108105,-0.003190612151702085
4811,flow:valve0:ventricle,0.8118118118118112,-0.003229670796939826
4812,flow:valve0:ventricle,0.8128128128128136,-0.003268725074060949
4813,flow:valve0:ventricle,0.8138138138138142,-0.003307774983605401
4814,flow:valve0:ventricle,0.8148148148148149,-0.0033468205261184937
4815,flow:valve0:ventricle,0.8158158158158155,-0.0033858617021393375
4816,flow:valve0:ventricle,0.8168168168168162,-0.003424898512210345
4817,flow:valve0:ventricle,0.8178178178178186,-0.0034639309568685454
4818,flow:valve0:ventricle,0.8188188188188192,-0.0035029590366534385
4819,flow:valve0:ventricle,0.8198198198198199,-0.0035419827521021487
4820,flow:valve0:ventricle,0.8208208208208205,-0.0035810021037507725
4821,flow:valve0:ventricle,0.8218218218218212,-0.0036200170921352466
4822,flow:valve0:ventricle,0.8228228228228237,-0.0036590277177906416
4823,flow:valve0:ventricle,0.8238238238238244,-0.003698033981249004
4824,flow:valve0:ventricle,0.824824824824825,-0.0037370358830443222
4825,flow:valve0:ventricle,0.8258258258258256,-0.003776033423708316
4826,flow:valve0:ventricle,0.8268268268268263,-0.0038150266037711455
4827,flow:valve0:ventricle,0.8278278278278286,-0.00385401542376394
4828,flow:valve0:ventricle,0.8288288288288292,-0.0038929998842151823
4829,flow:valve0:ventricle,0.8298298298298299,-0.003931979985653667
4830,flow:valve0:ventricle,0.8308308308308305,-0.003970955728606914
4831,flow:valve0:ventricle,0.8318318318318312,-0.004009927113601487
4832,flow:valve0:ventricle,0.8328328328328336,-0.0040488941411632425
4833,flow:valve0:ventricle,0.8338338338338342,-0.004087856811817819
4834,flow:valve0:ventricle,0.8348348348348349,-0.0041268151260886714
4835,flow:valve0:ventricle,0.8358358358358355,-0.004165769084500405
4836,flow:valve0:ventricle,0.8368368368368362,-0.004204718687575154
4837,flow:valve0:ventricle,0.8378378378378386,-0.004243663935835152
4838,flow:valve0:ventricle,0.8388388388388393,-0.004282604829801517
4839,flow:valve0:ventricle,0.8398398398398398,-0.004321541369995377
4840,flow:valve0:ventricle,0.8408408408408404,-0.0043604735569352645
4841,flow:valve0:ventricle,0.8418418418418411,-0.0043994013911416874
4842,flow:valve0:ventricle,0.8428428428428437,-0.004438324873131877
4843,flow:valve0:ventricle,0.8438438438438444,-0.004477244003424545
4844,flow:valve0:ventricle,0.844844844844845,-0.004516158782535063
4845,flow:valve0:ventricle,0.8458458458458455,-0.00455506921098183
4846,flow:valve0:ventricle,0.8468468468468462,-0.004593975289278591
4847,flow:valve0:ventricle,0.8478478478478486,-0.0046328770179414405
4848,flow:valve0:ventricle,0.8488488488488493,-0.004671774397483776
4849,flow:valve0:ventricle,0.8498498498498499,-0.004710667428420645
4850,flow:valve0:ventricle,0.8508508508508505,-0.0047495561112630815
4851,flow:valve0:ventricle,0.8518518518518512,-0.004788440446524705
4852,flow:valve0:ventricle,0.8528528528528536,-0.004827320434717285
4853,flow:valve0:ventricle,0.8538538538538543,-0.004866196076350197
4854,flow:valve0:ventricle,0.8548548548548549,-0.0049050673719371815
4855,flow:valve0:ventricle,0.8558558558558556,-0.004943934321984381
4856,flow:valve0:ventricle,0.8568568568568562,-0.004982796927003871
4857,flow:valve0:ventricle,0.8578578578578585,-0.005021655187503273
4858,flow:valve0:ventricle,0.8588588588588592,-0.005060509103990346
4859,flow:valve0:ventricle,0.8598598598598598,-0.005099358676972989
4860,flow:valve0:ventricle,0.8608608608608604,-0.005138203906958309
4861,flow:valve0:ventricle,0.8618618618618611,-0.005177044794452443
4862,flow:valve0:ventricle,0.8628628628628637,-0.005215881339961628
4863,flow:valve0:ventricle,0.8638638638638643,-0.005254713543990856
4864,flow:valve0:ventricle,0.8648648648648649,-0.005293541407044493
4865,flow:valve0:ventricle,0.8658658658658656,-0.0053323649296281965
4866,flow:valve0:ventricle,0.8668668668668662,-0.00537118411224344
4867,flow:valve0:ventricle,0.8678678678678686,-0.005409998955395516
4868,flow:valve0:ventricle,0.8688688688688693,-0.005448809459585618
4869,flow:valve0:ventricle,0.8698698698698699,-0.005487615625317021
4870,flow:valve0:ventricle,0.8708708708708706,-0.005526417453090243
4871,flow:valve0:ventricle,0.8718718718718712,-0.005565214943407959
4872,flow:valve0:ventricle,0.8728728728728736,-0.005604008096768725
4873,flow:valve0:ventricle,0.8738738738738743,-0.005642796913674594
4874,flow:valve0:ventricle,0.8748748748748749,-0.005681581394625006
4875,flow:valve0:ventricle,0.8758758758758756,-0.005720361540117671
4876,flow:valve0:ventricle,0.8768768768768762,-0.00575913735065369
4877,flow:valve0:ventricle,0.8778778778778785,-0.005797908826729456
4878,flow:valve0:ventricle,0.8788788788788794,-0.0058366759688436385
4879,flow:valve0:ventricle,0.87987987987988,-0.005875438777494139
4880,flow:valve0:ventricle,0.8808808808808807,-0.0059141972531764975
4881,flow:valve0:ventricle,0.8818818818818813,-0.005952951396388875
4882,flow:valve0:ventricle,0.8828828828828836,-0.005991701207626116
4883,flow:valve0:ventricle,0.8838838838838843,-0.0060304466873845105
4884,flow:valve0:ventricle,0.8848848848848849,-0.006069187836159375
4885,flow:valve0:ventricle,0.8858858858858856,-0.006107924654445101
4886,flow:valve0:ventricle,0.8868868868868862,-0.006146657142736617
4887,flow:valve0:ventricle,0.8878878878878886,-0.006185385301527174
4888,flow:valve0:ventricle,0.8888888888888893,-0.006224109131311856
4889,flow:valve0:ventricle,0.8898898898898899,-0.006262828632581688
4890,flow:valve0:ventricle,0.8908908908908906,-0.006301543805832054
4891,flow:valve0:ventricle,0.8918918918918912,-0.006340254651552707
4892,flow:valve0:ventricle,0.8928928928928936,-0.006378961170238671
4893,flow:valve0:ventricle,0.8938938938938943,-0.006417663362378386
4894,flow:valve0:ventricle,0.8948948948948949,-0.006456361228466015
4895,flow:valve0:ventricle,0.8958958958958955,-0.006495054768990218
4896,flow:valve0:ventricle,0.8968968968968961,-0.006533743984443827
4897,flow:valve0:ventricle,0.8978978978978985,-0.00657242887531487
4898,flow:valve0:ventricle,0.8988988988988994,-0.006611109442094373
4899,flow:valve0:ventricle,0.8998998998999,-0.006649785685271675
4900,flow:valve0:ventricle,0.9009009009009005,-0.006688457605335498
4901,flow:valve0:ventricle,0.9019019019019012,-0.006727125202775994
4902,flow:valve0:ventricle,0.9029029029029036,-0.006765788478079513
4903,flow:valve0:ventricle,0.9039039039039043,-0.0068044474317361546
4904,flow:valve0:ventricle,0.9049049049049048,-0.006843102064232039
4905,flow:valve0:ventricle,0.9059059059059056,-0.006881752376056288
4906,flow:valve0:ventricle,0.9069069069069062,-0.006920398367694928
4907,flow:valve0:ventricle,0.9079079079079087,-0.006959040039635008
4908,flow:valve0:ventricle,0.9089089089089091,-0.006997677392362781
4909,flow:valve0:ventricle,0.90990990990991,-0.007036310426365368
4910,flow:valve0:ventricle,0.9109109109109106,-0.007074939142127728
4911,flow:valve0:ventricle,0.9119119119119112,-0.007113563540135323
4912,flow:valve0:ventricle,0.9129129129129137,-0.007152183620874777
4913,flow:valve0:ventricle,0.9139139139139144,-0.007190799384829193
4914,flow:valve0:ventricle,0.9149149149149148,-0.007229410832484742
4915,flow:valve0:ventricle,0.9159159159159157,-0.007268017964325333
4916,flow:valve0:ventricle,0.9169169169169161,-0.007306620780834503
4917,flow:valve0:ventricle,0.9179179179179188,-0.007345219282497098
4918,flow:valve0:ventricle,0.9189189189189192,-0.007383813469795987
4919,flow:valve0:ventricle,0.91991991991992,-0.007422403343213768
4920,flow:valve0:ventricle,0.9209209209209205,-0.007460988903235003
4921,flow:valve0:ventricle,0.9219219219219212,-0.007499570150341327
4922,flow:valve0:ventricle,0.9229229229229237,-0.007538147085015192
4923,flow:valve0:ventricle,0.9239239239239245,-0.007576719707739269
4924,flow:valve0:ventricle,0.9249249249249248,-0.0076152880189946145
4925,flow:valve0:ventricle,0.9259259259259256,-0.007653852019264384
4926,flow:valve0:ventricle,0.9269269269269262,-0.007692411709027305
4927,flow:valve0:ventricle,0.9279279279279287,-0.0077309670887677345
4928,flow:valve0:ventricle,0.9289289289289293,-0.007769518158964207
4929,flow:valve0:ventricle,0.9299299299299301,-0.007808064920097857
4930,flow:valve0:ventricle,0.9309309309309306,-0.00784660737265059
4931,flow:valve0:ventricle,0.9319319319319312,-0.007885145517099594
4932,flow:valve0:ventricle,0.9329329329329336,-0.00792367935392801
4933,flow:valve0:ventricle,0.9339339339339344,-0.00796220888361225
4934,flow:valve0:ventricle,0.9349349349349348,-0.008000734106634287
4935,flow:valve0:ventricle,0.9359359359359357,-0.008039255023471872
4936,flow:valve0:ventricle,0.9369369369369364,-0.008077771634605086
4937,flow:valve0:ventricle,0.9379379379379387,-0.008116283940511467
4938,flow:valve0:ventricle,0.9389389389389392,-0.00815479194167011
4939,flow:valve0:ventricle,0.93993993993994,-0.008193295638559642
4940,flow:valve0:ventricle,0.9409409409409406,-0.008231795031657017
4941,flow:valve0:ventricle,0.9419419419419413,-0.008270290121441242
4942,flow:valve0:ventricle,0.9429429429429437,-0.008308780908388649
4943,flow:valve0:ventricle,0.9439439439439444,-0.008347267392978452
4944,flow:valve0:ventricle,0.9449449449449449,-0.008385749575685612
4945,flow:valve0:ventricle,0.9459459459459456,-0.008424227456988833
4946,flow:valve0:ventricle,0.9469469469469463,-0.00846270103736424
4947,flow:valve0:ventricle,0.9479479479479487,-0.008501170317288052
4948,flow:valve0:ventricle,0.9489489489489493,-0.008539635297237842
4949,flow:valve0:ventricle,0.9499499499499501,-0.008578095977687623
4950,flow:valve0:ventricle,0.9509509509509506,-0.008616552359115851
4951,flow:valve0:ventricle,0.9519519519519511,-0.008655004441996243
4952,flow:valve0:ventricle,0.9529529529529536,-0.008693452226805565
4953,flow:valve0:ventricle,0.9539539539539544,-0.008731895714017937
4954,flow:valve0:ventricle,0.9549549549549549,-0.008770334904110126
4955,flow:valve0:ventricle,0.9559559559559557,-0.0088087697975565
4956,flow:valve0:ventricle,0.9569569569569564,-0.008847200394830635
4957,flow:valve0:ventricle,0.9579579579579587,-0.008885626696409465
4958,flow:valve0:ventricle,0.9589589589589592,-0.008924048702765275
4959,flow:valve0:ventricle,0.95995995995996,-0.008962466414373739
4960,flow:valve0:ventricle,0.9609609609609606,-0.009000879831708183
4961,flow:valve0:ventricle,0.9619619619619613,-0.009039288955242872
4962,flow:valve0:ventricle,0.9629629629629637,-0.009077693785450602
4963,flow:valve0:ventricle,0.9639639639639644,-0.009116094322806152
4964,flow:valve0:ventricle,0.9649649649649648,-0.009154490567782026
4965,flow:valve0:ventricle,0.9659659659659656,-0.009192882520852137
4966,flow:valve0:ventricle,0.9669669669669663,-0.009231270182488755
4967,flow:valve0:ventricle,0.9679679679679687,-0.009269653553165813
4968,flow:valve0:ventricle,0.9689689689689693,-0.009308032633354005
4969,flow:valve0:ventricle,0.9699699699699701,-0.009346407423527962
4970,flow:valve0:ventricle,0.9709709709709705,-0.00938477792415908
4971,flow:valve0:ventricle,0.9719719719719712,-0.009423144135719258
4972,flow:valve0:ventricle,0.9729729729729738,-0.009461506058681296
4973,flow:valve0:ventricle,0.9739739739739744,-0.00949986369351643
4974,flow:valve0:ventricle,0.9749749749749749,-0.009538217040696451
4975,flow:valve0:ventricle,0.9759759759759756,-0.009576566100693277
4976,flow:valve0:ventricle,0.9769769769769763,-0.009614910873978139
4977,flow:valve0:ventricle,0.9779779779779789,-0.009653251361022429
4978,flow:valve0:ventricle,0.9789789789789792,-0.009691587562296258
4979,flow:valve0:ventricle,0.9799799799799802,-0.009729919478272397
4980,flow:valve0:ventricle,0.9809809809809806,-0.009768247109420525
4981,flow:valve0:ventricle,0.9819819819819813,-0.009806570456210533
4982,flow:valve0:ventricle,0.9829829829829837,-0.009844889519114781
4983,flow:valve0:ventricle,0.9839839839839845,-0.009883204298602578
4984,flow:valve0:ventricle,0.984984984984985,-0.00992151479514391
4985,flow:valve0:ventricle,0.9859859859859856,-0.009959821009209424
4986,flow:valve0:ventricle,0.9869869869869863,-0.00999812294126839
4987,flow:valve0:ventricle,0.9879879879879888,-0.010036420591791584
4988,flow:valve0:ventricle,0.9889889889889892,-0.010074713961247235
4989,flow:valve0:ventricle,0.9899899899899901,-0.010113003050106734
4990,flow:valve0:ventricle,0.9909909909909907,-0.010151287858837682
4991,flow:valve0:ventricle,0.9919919919919914,-0.010189568387910884
4992,flow:valve0:ventricle,0.9929929929929936,-0.010227844637793804
4993,flow:valve0:ventricle,0.9939939939939944,-0.010266116608957118
4994,flow:valve0:ventricle,0.994994994994995,-0.010304384301868206
4995,flow:valve0:ventricle,0.9959959959959956,-0.010342647716996846
4996,flow:valve0:ventricle,0.9969969969969963,-0.010380906854811158
4997,flow:valve0:ventricle,0.9979979979979989,-0.010419161715779885
4998,flow:valve0:ventricle,0.9989989989989992,-0.010457412300370512
4999,flow:valve0:ventricle,1.0,-0.010495658609052204
5000,pressure:valve0:ventricle,0.0,5401.55033177857
5001,pressure:valve0:ventricle,0.0010010010010006454,5401.80074330363
5002,pressure:valve0:ventricle,0.0020020020020012907,5402.051126894581
5003,pressure:valve0:ventricle,0.0030030030030037125,5402.301482554464
5004,pressure:valve0:ventricle,0.004004004004004358,5402.551810286351
5005,pressure:valve0:ventricle,0.005005005005005003,5402.802110093282
5006,pressure:valve0:ventricle,0.006006006006005649,5403.052381978323
5007,pressure:valve0:ventricle,0.007007007007006294,5403.302625944522
5008,pressure:valve0:ventricle,0.008008008008008716,5403.5528419949405
5009,pressure:valve0:ventricle,0.00900900900900936,5403.803030132618
5010,pressure:valve0:ventricle,0.010010010010010006,5404.053190360616
5011,pressure:valve0:ventricle,0.011011011011010652,5404.303322681984
5012,pressure:valve0:ventricle,0.012012012012011295,5404.55342709977
5013,pressure:valve0:ventricle,0.01301301301301372,5404.80350361702
5014,pressure:valve0:ventricle,0.014014014014014364,5405.053552236792
5015,pressure:valve0:ventricle,0.01501501501501501,5405.303572962123
5016,pressure:valve0:ventricle,0.016016016016015655,5405.553565796067
5017,pressure:valve0:ventricle,0.0170170170170163,5405.803530741669
5018,pressure:valve0:ventricle,0.01801801801801872,5406.053467801976
5019,pressure:valve0:ventricle,0.019019019019019368,5406.3033769800295
5020,pressure:valve0:ventricle,0.020020020020020013,5406.553258278881
5021,pressure:valve0:ventricle,0.021021021021020655,5406.803111701562
5022,pressure:valve0:ventricle,0.022022022022021304,5407.0529372511255
5023,pressure:valve0:ventricle,0.023023023023023725,5407.302734930607
5024,pressure:valve0:ventricle,0.02402402402402437,5407.552504743052
5025,pressure:valve0:ventricle,0.025025025025025016,5407.802246691502
5026,pressure:valve0:ventricle,0.026026026026025665,5408.051960778996
5027,pressure:valve0:ventricle,0.027027027027026307,5408.301647008572
5028,pressure:valve0:ventricle,0.02802802802802873,5408.551305383268
5029,pressure:valve0:ventricle,0.029029029029029377,5408.800935906125
5030,pressure:valve0:ventricle,0.03003003003003002,5409.050538580176
5031,pressure:valve0:ventricle,0.031031031031030665,5409.300113408466
5032,pressure:valve0:ventricle,0.03203203203203131,5409.549660394019
5033,pressure:valve0:ventricle,0.03303303303303373,5409.799179539883
5034,pressure:valve0:ventricle,0.03403403403403438,5410.048670849085
5035,pressure:valve0:ventricle,0.03503503503503502,5410.298134324659
5036,pressure:valve0:ventricle,0.03603603603603566,5410.547569969644
5037,pressure:valve0:ventricle,0.03703703703703631,5410.796977787064
5038,pressure:valve0:ventricle,0.038038038038038735,5411.04635777996
5039,pressure:valve0:ventricle,0.039039039039039374,5411.29570995136
5040,pressure:valve0:ventricle,0.040040040040040026,5411.545034304295
5041,pressure:valve0:ventricle,0.04104104104104067,5411.794330841794
5042,pressure:valve0:ventricle,0.04204204204204132,5412.04359956689
5043,pressure:valve0:ventricle,0.04304304304304374,5412.292840482609
5044,pressure:valve0:ventricle,0.044044044044044384,5412.542053591979
5045,pressure:valve0:ventricle,0.04504504504504503,5412.791238898035
5046,pressure:valve0:ventricle,0.046046046046045674,5413.040396403798
5047,pressure:valve0:ventricle,0.04704704704704632,5413.289526112291
5048,pressure:valve0:ventricle,0.04804804804804874,5413.538628026553
5049,pressure:valve0:ventricle,0.04904904904904939,5413.787702149595
5050,pressure:valve0:ventricle,0.05005005005005003,5414.036748484451
5051,pressure:valve0:ventricle,0.05105105105105068,5414.2857670341455
5052,pressure:valve0:ventricle,0.05205205205205132,5414.534757801698
5053,pressure:valve0:ventricle,0.053053053053053745,5414.783720790132
5054,pressure:valve0:ventricle,0.05405405405405439,5415.032656002472
5055,pressure:valve0:ventricle,0.05505505505505503,5415.281563441746
5056,pressure:valve0:ventricle,0.05605605605605568,5415.530443110963
5057,pressure:valve0:ventricle,0.057057057057056326,5415.779295013157
5058,pressure:valve0:ventricle,0.058058058058058755,5416.028119151339
5059,pressure:valve0:ventricle,0.05905905905905939,5416.276915528529
5060,pressure:valve0:ventricle,0.06006006006006004,5416.525684147757
5061,pressure:valve0:ventricle,0.06106106106106069,5416.774425012027
5062,pressure:valve0:ventricle,0.06206206206206133,5417.023138124368
5063,pressure:valve0:ventricle,0.06306306306306375,5417.271823487795
5064,pressure:valve0:ventricle,0.0640640640640644,5417.520481105325
5065,pressure:valve0:ventricle,0.06506506506506504,5417.769110979973
5066,pressure:valve0:ventricle,0.06606606606606569,5418.0177131147575
5067,pressure:valve0:ventricle,0.06706706706706633,5418.266287512693
5068,pressure:valve0:ventricle,0.06806806806806875,5418.514834176798
5069,pressure:valve0:ventricle,0.0690690690690694,5418.763353110078
5070,pressure:valve0:ventricle,0.07007007007007005,5419.011844315558
5071,pressure:valve0:ventricle,0.07107107107107069,5419.260307796243
5072,pressure:valve0:ventricle,0.07207207207207132,5419.508743555152
5073,pressure:valve0:ventricle,0.07307307307307376,5419.757151595295
5074,pressure:valve0:ventricle,0.0740740740740744,5420.005531919682
5075,pressure:valve0:ventricle,0.07507507507507503,5420.253884531331
5076,pressure:valve0:ventricle,0.0760760760760757,5420.502209433243
5077,pressure:valve0:ventricle,0.07707707707707634,5420.7505066284375
5078,pressure:valve0:ventricle,0.07807807807807877,5420.998776119921
5079,pressure:valve0:ventricle,0.0790790790790794,5421.247017910703
5080,pressure:valve0:ventricle,0.08008008008008005,5421.495232003791
5081,pressure:valve0:ventricle,0.08108108108108071,5421.743418402198
5082,pressure:valve0:ventricle,0.08208208208208134,5421.991577108928
5083,pressure:valve0:ventricle,0.08308308308308376,5422.23970812699
5084,pressure:valve0:ventricle,0.08408408408408441,5422.487811459394
5085,pressure:valve0:ventricle,0.08508508508508505,5422.73588710914
5086,pressure:valve0:ventricle,0.0860860860860857,5422.983935079239
5087,pressure:valve0:ventricle,0.08708708708708635,5423.231955372693
5088,pressure:valve0:ventricle,0.08808808808808877,5423.479947992516
5089,pressure:valve0:ventricle,0.08908908908908941,5423.727912941698
5090,pressure:valve0:ventricle,0.09009009009009004,5423.97585022326
5091,pressure:valve0:ventricle,0.0910910910910907,5424.223759840191
5092,pressure:valve0:ventricle,0.09209209209209135,5424.4716417955015
5093,pressure:valve0:ventricle,0.09309309309309376,5424.719496092194
5094,pressure:valve0:ventricle,0.0940940940940944,5424.967322733271
5095,pressure:valve0:ventricle,0.09509509509509506,5425.215121721733
5096,pressure:valve0:ventricle,0.0960960960960957,5425.462893060584
5097,pressure:valve0:ventricle,0.09709709709709637,5425.710636752822
5098,pressure:valve0:ventricle,0.09809809809809877,5425.958352801447
5099,pressure:valve0:ventricle,0.0990990990990994,5426.206041209463
5100,pressure:valve0:ventricle,0.10010010010010006,5426.453701979867
5101,pressure:valve0:ventricle,0.10110110110110072,5430.5888377099745
5102,pressure:valve0:ventricle,0.10210210210210136,5445.6476977559905
5103,pressure:valve0:ventricle,0.10310310310310378,5468.469671589924
5104,pressure:valve0:ventricle,0.10410410410410442,5500.629210194122
5105,pressure:valve0:ventricle,0.10510510510510508,5541.32995471879
5106,pressure:valve0:ventricle,0.10610610610610571,5590.9576688951265
5107,pressure:valve0:ventricle,0.10710710710710636,5649.303772008859
5108,pressure:valve0:ventricle,0.10810810810810878,5716.453572103311
5109,pressure:valve0:ventricle,0.10910910910910944,5792.342149970086
5110,pressure:valve0:ventricle,0.11011011011011008,5876.976418573415
5111,pressure:valve0:ventricle,0.11111111111111072,5970.324095607967
5112,pressure:valve0:ventricle,0.11211211211211136,6072.369220336849
5113,pressure:valve0:ventricle,0.11311311311311378,6183.084399143641
5114,pressure:valve0:ventricle,0.11411411411411444,6302.444687583953
5115,pressure:valve0:ventricle,0.11511511511511507,6430.42065504495
5116,pressure:valve0:ventricle,0.11611611611611572,6566.981858966417
5117,pressure:valve0:ventricle,0.11711711711711636,6712.095115142683
5118,pressure:valve0:ventricle,0.1181181181181188,6865.7253708527305
5119,pressure:valve0:ventricle,0.11911911911911945,7027.835277445445
5120,pressure:valve0:ventricle,0.12012012012012008,7198.385414065901
5121,pressure:valve0:ventricle,0.12112112112112072,7377.334186687638
5122,pressure:valve0:ventricle,0.12212212212212135,7564.6378903610575
5123,pressure:valve0:ventricle,0.1231231231231238,7760.250690730083
5124,pressure:valve0:ventricle,0.12412412412412444,7964.124646789544
5125,pressure:valve0:ventricle,0.12512512512512508,8176.209713894543
5126,pressure:valve0:ventricle,0.12612612612612573,8396.453757524092
5127,pressure:valve0:ventricle,0.12712712712712637,8624.802562536881
5128,pressure:valve0:ventricle,0.1281281281281288,8861.199845557507
5129,pressure:valve0:ventricle,0.12912912912912944,9105.58726667049
5130,pressure:valve0:ventricle,0.13013013013013008,9357.90444232868
5131,pressure:valve0:ventricle,0.13113113113113073,9618.088958530894
5132,pressure:valve0:ventricle,0.13213213213213135,9886.076384726399
5133,pressure:valve0:ventricle,0.1331331331331338,10161.800288224877
5134,pressure:valve0:ventricle,0.13413413413413444,10445.192249216729
5135,pressure:valve0:ventricle,0.1351351351351351,10736.1818763445
5136,pressure:valve0:ventricle,0.13613613613613573,11034.696822863025
5137,pressure:valve0:ventricle,0.13713713713713638,11340.662803350831
5138,pressure:valve0:ventricle,0.1381381381381388,11654.003610998783
5139,pressure:valve0:ventricle,0.13913913913913944,11974.641135455
5140,pressure:valve0:ventricle,0.1401401401401401,12302.495381227576
5141,pressure:valve0:ventricle,0.14114114114114074,12637.484486652069
5142,pressure:valve0:ventricle,0.14214214214214138,12979.524743397866
5143,pressure:valve0:ventricle,0.1431431431431438,13328.53061653358
5144,pressure:valve0:ventricle,0.14414414414414445,13684.414765131034
5145,pressure:valve0:ventricle,0.1451451451451451,14047.088063407007
5146,pressure:valve0:ventricle,0.14614614614614574,14416.459622410466
5147,pressure:valve0:ventricle,0.14714714714714638,14792.436812225656
5148,pressure:valve0:ventricle,0.1481481481481488,15174.925284712412
5149,pressure:valve0:ventricle,0.14914914914914945,15563.828996760818
5150,pressure:valve0:ventricle,0.1501501501501501,15959.05023405811
5151,pressure:valve0:ventricle,0.15115115115115074,16360.4896353761
5152,pressure:valve0:ventricle,0.1521521521521514,16768.046217345527
5153,pressure:valve0:ventricle,0.1531531531531538,17181.617399740422
5154,pressure:valve0:ventricle,0.15415415415415443,17601.099031246555
5155,pressure:valve0:ventricle,0.1551551551551551,18026.385415711364
5156,pressure:valve0:ventricle,0.15615615615615577,18457.369338883425
5157,pressure:valve0:ventricle,0.1571571571571564,18893.94209560459
5158,pressure:valve0:ventricle,0.1581581581581588,19335.9935174793
5159,pressure:valve0:ventricle,0.15915915915915946,19783.4120009921
5160,pressure:valve0:ventricle,0.1601601601601601,20236.08453607068
5161,pressure:valve0:ventricle,0.16116116116116075,20693.896735101553
5162,pressure:valve0:ventricle,0.1621621621621614,21156.73286235935
5163,pressure:valve0:ventricle,0.16316316316316382,21624.4758638747
5164,pressure:valve0:ventricle,0.16416416416416446,22097.007397709447
5165,pressure:valve0:ventricle,0.1651651651651651,22574.207864635853
5166,pressure:valve0:ventricle,0.16616616616616575,23055.956439227008
5167,pressure:valve0:ventricle,0.1671671671671664,23542.13110131619
5168,pressure:valve0:ventricle,0.16816816816816882,24032.608667851353
5169,pressure:valve0:ventricle,0.16916916916916946,24527.264825111448
5170,pressure:valve0:ventricle,0.1701701701701701,25025.974161280166
5171,pressure:valve0:ventricle,0.17117117117117076,25528.6101993846
5172,pressure:valve0:ventricle,0.1721721721721714,26035.0454305536
5173,pressure:valve0:ventricle,0.17317317317317382,26545.151347623698
5174,pressure:valve0:ventricle,0.17417417417417447,27058.798479055913
5175,pressure:valve0:ventricle,0.1751751751751751,27575.856423160163
5176,pressure:valve0:ventricle,0.17617617617617576,28096.193882633073
5177,pressure:valve0:ventricle,0.1771771771771764,28619.678699363027
5178,pressure:valve0:ventricle,0.17817817817817885,29146.177889529925
5179,pressure:valve0:ventricle,0.17917917917917947,29675.55767896256
5180,pressure:valve0:ventricle,0.18018018018018012,30207.68353874828
5181,pressure:valve0:ventricle,0.18118118118118076,30742.42022110214
5182,pressure:valve0:ventricle,0.1821821821821814,31279.631795446418
5183,pressure:valve0:ventricle,0.18318318318318383,31819.18168472928
5184,pressure:valve0:ventricle,0.18418418418418447,32360.93270194341
5185,pressure:valve0:ventricle,0.18518518518518512,32904.74708683985
5186,pressure:valve0:ventricle,0.18618618618618576,33449.182902183675
5187,pressure:valve0:ventricle,0.1871871871871864,33993.35004339915
5188,pressure:valve0:ventricle,0.18818818818818883,34537.01007632233
5189,pressure:valve0:ventricle,0.18918918918918948,35079.93038824163
5190,pressure:valve0:ventricle,0.19019019019019012,35621.877551054065
5191,pressure:valve0:ventricle,0.19119119119119077,36162.6189090796
5192,pressure:valve0:ventricle,0.1921921921921914,36701.922476651736
5193,pressure:valve0:ventricle,0.19319319319319384,37239.55718779219
5194,pressure:valve0:ventricle,0.19419419419419448,37775.29306828475
5195,pressure:valve0:ventricle,0.19519519519519513,38308.90142444417
5196,pressure:valve0:ventricle,0.19619619619619577,38840.15502545992
5197,pressure:valve0:ventricle,0.1971971971971964,39368.82828551984
5198,pressure:valve0:ventricle,0.19819819819819884,39894.69744326389
5199,pressure:valve0:ventricle,0.19919919919919948,40417.540739214506
5200,pressure:valve0:ventricle,0.20020020020020013,40937.138590532304
5201,pressure:valve0:ventricle,0.20120120120120075,41453.27376308195
5202,pressure:valve0:ventricle,0.20220220220220145,41965.73154044042
5203,pressure:valve0:ventricle,0.20320320320320384,42474.299889713824
5204,pressure:valve0:ventricle,0.2042042042042045,42978.76962389248
5205,pressure:valve0:ventricle,0.20520520520520513,43478.934560550384
5206,pressure:valve0:ventricle,0.20620620620620575,43974.59167669738
5207,pressure:valve0:ventricle,0.2072072072072064,44465.54125955015
5208,pressure:valve0:ventricle,0.20820820820820884,44951.58705307193
5209,pressure:valve0:ventricle,0.2092092092092095,45432.536400071185
5210,pressure:valve0:ventricle,0.21021021021021016,45908.20037969165
5211,pressure:valve0:ventricle,0.2112112112112108,46378.393940147595
5212,pressure:valve0:ventricle,0.21221221221221143,46842.936026508265
5213,pressure:valve0:ventricle,0.21321321321321385,47301.64970342638
5214,pressure:valve0:ventricle,0.2142142142142145,47754.36227264417
5215,pressure:valve0:ventricle,0.2152152152152151,48200.905385155704
5216,pressure:valve0:ventricle,0.21621621621621576,48641.11514792477
5217,pressure:valve0:ventricle,0.21721721721721643,49074.83222501228
5218,pressure:valve0:ventricle,0.21821821821821885,49501.90193305536
5219,pressure:valve0:ventricle,0.21921921921921952,49922.174330981434
5220,pressure:valve0:ventricle,0.22022022022022017,50335.50430388758
5221,pressure:valve0:ventricle,0.2212212212212208,50741.75164103413
5222,pressure:valve0:ventricle,0.22222222222222143,51140.781107859235
5223,pressure:valve0:ventricle,0.22322322322322383,51532.46251200716
5224,pressure:valve0:ventricle,0.22422422422422447,51916.67076330696
5225,pressure:valve0:ventricle,0.22522522522522517,52293.28592768334
5226,pressure:valve0:ventricle,0.2262262262262258,52662.19327500043
5227,pressure:valve0:ventricle,0.22722722722722644,53023.2833207985
5228,pressure:valve0:ventricle,0.22822822822822889,53376.451861966816
5229,pressure:valve0:ventricle,0.22922922922922953,53721.60000634143
5230,pressure:valve0:ventricle,0.23023023023023015,54058.6341962606
5231,pressure:valve0:ventricle,0.2312312312312308,54387.466226127995
5232,pressure:valve0:ventricle,0.23223223223223144,54708.0132539947
5233,pressure:valve0:ventricle,0.23323323323323383,55020.197807250326
5234,pressure:valve0:ventricle,0.2342342342342345,55323.94778246118
5235,pressure:valve0:ventricle,0.23523523523523515,55619.19643943441
5236,pressure:valve0:ventricle,0.2362362362362358,55905.882389602666
5237,pressure:valve0:ventricle,0.23723723723723644,56183.94957878764
5238,pressure:valve0:ventricle,0.2382382382382389,56453.347264472744
5239,pressure:valve0:ventricle,0.2392392392392395,56714.02998766645
5240,pressure:valve0:ventricle,0.24024024024024015,56965.95753947512
5241,pressure:valve0:ventricle,0.2412412412412408,57209.094922517885
5242,pressure:valve0:ventricle,0.24224224224224145,57443.41230728023
5243,pressure:valve0:ventricle,0.24324324324324387,57668.884983570766
5244,pressure:valve0:ventricle,0.2442442442442445,57885.493307197445
5245,pressure:valve0:ventricle,0.24524524524524516,58093.22264201366
5246,pressure:valve0:ventricle,0.2462462462462458,58292.063297496185
5247,pressure:valve0:ventricle,0.24724724724724645,58482.0104619818
5248,pressure:valve0:ventricle,0.24824824824824887,58663.06413175129
5249,pressure:valve0:ventricle,0.24924924924924952,58835.22903610338
5250,pressure:valve0:ventricle,0.25025025025025016,58998.51455859106
5251,pressure:valve0:ventricle,0.2512512512512508,59152.9346546015
5252,pressure:valve0:ventricle,0.25225225225225145,59298.50776542859
5253,pressure:valve0:ventricle,0.2532532532532539,59435.25672903926
5254,pressure:valve0:ventricle,0.2542542542542545,59563.208687694474
5255,pressure:valve0:ventricle,0.25525525525525516,59682.39499260808
5256,pressure:valve0:ventricle,0.2562562562562558,59792.851105836125
5257,pressure:valve0:ventricle,0.25725725725725646,59894.61649955542
5258,pressure:valve0:ventricle,0.2582582582582589,59987.734552938135
5259,pressure:valve0:ventricle,0.2592592592592595,60072.25244678971
5260,pressure:valve0:ventricle,0.26026026026026017,60148.2210561364
5261,pressure:valve0:ventricle,0.2612612612612608,60215.69484095524
5262,pressure:valve0:ventricle,0.26226226226226146,60274.731735207126
5263,pressure:valve0:ventricle,0.2632632632632639,60325.3930343759
5264,pressure:valve0:ventricle,0.2642642642642645,60367.74328167793
5265,pressure:valve0:ventricle,0.26526526526526517,60401.85015312321
5266,pressure:valve0:ventricle,0.2662662662662658,60427.7843416126
5267,pressure:valve0:ventricle,0.26726726726726646,60445.61944022533
5268,pressure:valve0:ventricle,0.2682682682682689,60455.431824887986
5269,pressure:valve0:ventricle,0.26926926926926953,60457.300536578856
5270,pressure:valve0:ventricle,0.2702702702702702,60451.30716323617
5271,pressure:valve0:ventricle,0.2712712712712708,60437.53572153871
5272,pressure:valve0:ventricle,0.27227227227227146,60416.07253870168
5273,pressure:valve0:ventricle,0.2732732732732739,60387.00613445784
5274,pressure:valve0:ventricle,0.27427427427427453,60350.42710336354
5275,pressure:valve0:ventricle,0.2752752752752752,60306.427997578685
5276,pressure:valve0:ventricle,0.2762762762762758,60255.10321026806
5277,pressure:valve0:ventricle,0.27727727727727647,60196.54885974916
5278,pressure:valve0:ventricle,0.2782782782782789,60130.8626745328
5279,pressure:valve0:ventricle,0.27927927927927954,60058.14387937524
5280,pressure:valve0:ventricle,0.2802802802802802,59978.49308246846
5281,pressure:valve0:ventricle,0.2812812812812808,59892.01216389099
5282,pressure:valve0:ventricle,0.28228228228228147,59798.80416542301
5283,pressure:valve0:ventricle,0.2832832832832839,59698.973181845584
5284,pressure:valve0:ventricle,0.28428428428428454,59592.62425381892
5285,pressure:valve0:ventricle,0.2852852852852852,59479.86326244151
5286,pressure:valve0:ventricle,0.28628628628628583,59360.79682558554
5287,pressure:valve0:ventricle,0.2872872872872865,59235.53219608957
5288,pressure:valve0:ventricle,0.2882882882882889,59104.177161899366
5289,pressure:valve0:ventricle,0.28928928928928954,58966.83994822881
5290,pressure:valve0:ventricle,0.2902902902902902,58823.62912181497
5291,pressure:valve0:ventricle,0.29129129129129083,58674.653497337385
5292,pressure:valve0:ventricle,0.2922922922922915,58520.02204605813
5293,pressure:valve0:ventricle,0.2932932932932939,58359.84380674566
5294,pressure:valve0:ventricle,0.29429429429429455,58194.227798930806
5295,pressure:valve0:ventricle,0.2952952952952952,58023.28293854406
5296,pressure:valve0:ventricle,0.29629629629629584,57847.1179559765
5297,pressure:valve0:ventricle,0.2972972972972965,57665.8413166008
5298,pressure:valve0:ventricle,0.2982982982982989,57479.561143787214
5299,pressure:valve0:ventricle,0.29929929929929955,57288.38514444151
5300,pressure:valve0:ventricle,0.3003003003003002,57092.420537089936
5301,pressure:valve0:ventricle,0.30130130130130084,56894.31007244896
5302,pressure:valve0:ventricle,0.3023023023023015,56695.72313338067
5303,pressure:valve0:ventricle,0.3033033033033039,56495.88382471987
5304,pressure:valve0:ventricle,0.30430430430430455,56295.23396983172
5305,pressure:valve0:ventricle,0.3053053053053052,56093.60585552932
5306,pressure:valve0:ventricle,0.30630630630630584,55891.135618074266
5307,pressure:valve0:ventricle,0.3073073073073065,55687.806594187656
5308,pressure:valve0:ventricle,0.3083083083083089,55483.67763321602
5309,pressure:valve0:ventricle,0.30930930930930955,55278.768940604365
5310,pressure:valve0:ventricle,0.3103103103103102,55073.11915397207
5311,pressure:valve0:ventricle,0.31131131131131085,54866.756803848904
5312,pressure:valve0:ventricle,0.3123123123123115,54659.714582490975
5313,pressure:valve0:ventricle,0.3133133133133139,54452.022209162395
5314,pressure:valve0:ventricle,0.31431431431431456,54243.709997657475
5315,pressure:valve0:ventricle,0.3153153153153152,54034.8070731692
5316,pressure:valve0:ventricle,0.31631631631631585,53825.34226493786
5317,pressure:valve0:ventricle,0.3173173173173165,53615.34366145311
5318,pressure:valve0:ventricle,0.3183183183183189,53404.83883481033
5319,pressure:valve0:ventricle,0.31931931931931956,53193.85473090974
5320,pressure:valve0:ventricle,0.3203203203203202,52982.41772714299
5321,pressure:valve0:ventricle,0.32132132132132085,52770.55360673183
5322,pressure:valve0:ventricle,0.3223223223223215,52558.2875751278
5323,pressure:valve0:ventricle,0.3233233233233239,52345.64425575475
5324,pressure:valve0:ventricle,0.32432432432432456,52132.647696442895
5325,pressure:valve0:ventricle,0.3253253253253252,51919.321370869664
5326,pressure:valve0:ventricle,0.32632632632632586,51705.688182835715
5327,pressure:valve0:ventricle,0.3273273273273265,51491.77046945465
5328,pressure:valve0:ventricle,0.3283283283283289,51277.59000520311
5329,pressure:valve0:ventricle,0.32932932932932957,51063.16800584796
5330,pressure:valve0:ventricle,0.3303303303303302,50848.52513273253
5331,pressure:valve0:ventricle,0.33133133133133086,50633.68149716698
5332,pressure:valve0:ventricle,0.3323323323323315,50418.65666504389
5333,pressure:valve0:ventricle,0.3333333333333339,50203.469661604526
5334,pressure:valve0:ventricle,0.33433433433433457,49988.13897638445
5335,pressure:valve0:ventricle,0.3353353353353352,49772.682568314194
5336,pressure:valve0:ventricle,0.33633633633633586,49557.11787097433
5337,pressure:valve0:ventricle,0.3373373373373365,49341.461797999575
5338,pressure:valve0:ventricle,0.33833833833833893,49125.73074862124
5339,pressure:valve0:ventricle,0.3393393393393396,48909.94061334529
5340,pressure:valve0:ventricle,0.3403403403403402,48694.10677975884
5341,pressure:valve0:ventricle,0.34134134134134086,48478.24413845566
5342,pressure:valve0:ventricle,0.3423423423423415,48262.367089081315
5343,pressure:valve0:ventricle,0.34334334334334393,48046.489546484925
5344,pressure:valve0:ventricle,0.3443443443443446,47830.62494697666
5345,pressure:valve0:ventricle,0.3453453453453452,47614.786254683466
5346,pressure:valve0:ventricle,0.34634634634634587,47398.985967995424
5347,pressure:valve0:ventricle,0.3473473473473465,47183.236126102514
5348,pressure:valve0:ventricle,0.34834834834834894,46967.54831561081
5349,pressure:valve0:ventricle,0.3493493493493496,46751.93367723605
5350,pressure:valve0:ventricle,0.3503503503503502,46536.40291257055
5351,pressure:valve0:ventricle,0.35135135135135087,46320.966290912416
5352,pressure:valve0:ventricle,0.3523523523523515,46105.633656161786
5353,pressure:valve0:ventricle,0.35335335335335394,45890.41443377029
5354,pressure:valve0:ventricle,0.3543543543543546,45675.317637744854
5355,pressure:valve0:ventricle,0.35535535535535523,45460.35187770018
5356,pressure:valve0:ventricle,0.3563563563563559,45245.525365951624
5357,pressure:valve0:ventricle,0.3573573573573565,45030.84592465238
5358,pressure:valve0:ventricle,0.35835835835835894,44816.320992962326
5359,pressure:valve0:ventricle,0.3593593593593596,44601.95763425031
5360,pressure:valve0:ventricle,0.36036036036036023,44387.7625433249
5361,pressure:valve0:ventricle,0.3613613613613609,44173.74205368541
5362,pressure:valve0:ventricle,0.3623623623623615,43959.902144798885
5363,pressure:valve0:ventricle,0.36336336336336394,43746.24844938946
5364,pressure:valve0:ventricle,0.36436436436436453,43532.78626074408
5365,pressure:valve0:ventricle,0.3653653653653653,43319.52054002922
5366,pressure:valve0:ventricle,0.36636636636636594,43106.45592361102
5367,pressure:valve0:ventricle,0.3673673673673666,42893.59673038592
5368,pressure:valve0:ventricle,0.36836836836836895,42680.946969108074
5369,pressure:valve0:ventricle,0.3693693693693696,42468.51034571809
5370,pressure:valve0:ventricle,0.37037037037037024,42256.29027066926
5371,pressure:valve0:ventricle,0.3713713713713709,42044.28986624272
5372,pressure:valve0:ventricle,0.37237237237237153,41832.511973861154
5373,pressure:valve0:ventricle,0.3733733733733739,41620.95916138566
5374,pressure:valve0:ventricle,0.37437437437437454,41409.633730403235
5375,pressure:valve0:ventricle,0.3753753753753752,41198.53772349932
5376,pressure:valve0:ventricle,0.37637637637637594,40987.67293150947
5377,pressure:valve0:ventricle,0.37737737737737653,40777.04090075827
5378,pressure:valve0:ventricle,0.37837837837837895,40566.64294027286
5379,pressure:valve0:ventricle,0.3793793793793796,40356.48012897661
5380,pressure:valve0:ventricle,0.38038038038038025,40146.55332286032
5381,pressure:valve0:ventricle,0.3813813813813809,39936.863162123154
5382,pressure:valve0:ventricle,0.38238238238238154,39727.41007829425
5383,pressure:valve0:ventricle,0.383383383383384,39518.194301320545
5384,pressure:valve0:ventricle,0.38438438438438466,39309.215866628874
5385,pressure:valve0:ventricle,0.3853853853853853,39100.47462215863
5386,pressure:valve0:ventricle,0.3863863863863859,38891.97023535852
5387,pressure:valve0:ventricle,0.38738738738738654,38683.70220015823
5388,pressure:valve0:ventricle,0.38838838838838896,38475.66984390189
5389,pressure:valve0:ventricle,0.3893893893893896,38267.872334250016
5390,pressure:valve0:ventricle,0.39039039039039025,38060.30868604916
5391,pressure:valve0:ventricle,0.3913913913913909,37852.97776816034
5392,pressure:valve0:ventricle,0.39239239239239154,37645.87831026014
5393,pressure:valve0:ventricle,0.3933933933933939,37439.00890959925
5394,pressure:valve0:ventricle,0.39439439439439467,37232.36803772802
5395,pressure:valve0:ventricle,0.39539539539539525,37025.95404718583
5396,pressure:valve0:ventricle,0.3963963963963959,36819.76517814823
5397,pressure:valve0:ventricle,0.39739739739739655,36613.799565044326
5398,pressure:valve0:ventricle,0.39839839839839897,36408.05524313048
5399,pressure:valve0:ventricle,0.3993993993993996,36202.530155028966
5400,pressure:valve0:ventricle,0.40040040040040026,35997.22215723096
5401,pressure:valve0:ventricle,0.4014014014014009,35792.129026555
5402,pressure:valve0:ventricle,0.4024024024024015,35587.24846657626
5403,pressure:valve0:ventricle,0.403403403403404,35382.546031134705
5404,pressure:valve0:ventricle,0.4044044044044046,35177.03460246679
5405,pressure:valve0:ventricle,0.40540540540540526,34970.44513574345
5406,pressure:valve0:ventricle,0.4064064064064059,34762.85768565118
5407,pressure:valve0:ventricle,0.40740740740740655,34554.28299759539
5408,pressure:valve0:ventricle,0.408408408408409,34344.745714958364
5409,pressure:valve0:ventricle,0.4094094094094096,34134.26782470928
5410,pressure:valve0:ventricle,0.41041041041041026,33922.87195013741
5411,pressure:valve0:ventricle,0.41141141141141085,33710.58069145422
5412,pressure:valve0:ventricle,0.4124124124124115,33497.4167552677
5413,pressure:valve0:ventricle,0.413413413413414,33283.40292562538
5414,pressure:valve0:ventricle,0.4144144144144146,33068.56206735159
5415,pressure:valve0:ventricle,0.41541541541541527,32852.91712256129
5416,pressure:valve0:ventricle,0.4164164164164159,32636.49110872139
5417,pressure:valve0:ventricle,0.41741741741741656,32419.30711630803
5418,pressure:valve0:ventricle,0.418418418418419,32201.388306585093
5419,pressure:valve0:ventricle,0.4194194194194196,31982.75790933256
5420,pressure:valve0:ventricle,0.4204204204204202,31763.4392205958
5421,pressure:valve0:ventricle,0.42142142142142097,31543.45560041525
5422,pressure:valve0:ventricle,0.4224224224224216,31322.830470567835
5423,pressure:valve0:ventricle,0.423423423423424,31101.587312296015
5424,pressure:valve0:ventricle,0.42442442442442463,30879.749664039668
5425,pressure:valve0:ventricle,0.4254254254254253,30657.341119166125
5426,pressure:valve0:ventricle,0.4264264264264259,30434.385323692313
5427,pressure:valve0:ventricle,0.42742742742742657,30210.90597401361
5428,pressure:valve0:ventricle,0.428428428428429,29986.926814623806
5429,pressure:valve0:ventricle,0.4294294294294296,29762.471635836777
5430,pressure:valve0:ventricle,0.4304304304304302,29537.564271507938
5431,pressure:valve0:ventricle,0.43143143143143087,29312.22859674739
5432,pressure:valve0:ventricle,0.4324324324324316,29086.48852564133
5433,pressure:valve0:ventricle,0.433433433433434,28860.368008963953
5434,pressure:valve0:ventricle,0.43443443443443464,28633.89103189263
5435,pressure:valve0:ventricle,0.4354354354354353,28407.081611722715
5436,pressure:valve0:ventricle,0.4364364364364359,28179.963795574746
5437,pressure:valve0:ventricle,0.43743743743743657,27952.561658110382
5438,pressure:valve0:ventricle,0.43843843843843894,27724.89929923962
5439,pressure:valve0:ventricle,0.4394394394394397,27497.000841831166
5440,pressure:valve0:ventricle,0.44044044044044034,27268.89042942358
5441,pressure:valve0:ventricle,0.441441441441441,27040.59222392887
5442,pressure:valve0:ventricle,0.4424424424424416,26812.13040334555
5443,pressure:valve0:ventricle,0.443443443443444,26583.529159463244
5444,pressure:valve0:ventricle,0.44444444444444464,26354.812695571298
5445,pressure:valve0:ventricle,0.4454454454454453,26126.00522416801
5446,pressure:valve0:ventricle,0.44644644644644593,25897.130964663625
5447,pressure:valve0:ventricle,0.4474474474474466,25668.214141092445
5448,pressure:valve0:ventricle,0.44844844844844894,25439.278979817555
5449,pressure:valve0:ventricle,0.4494494494494497,25210.349707239697
5450,pressure:valve0:ventricle,0.45045045045045035,24981.450547507367
5451,pressure:valve0:ventricle,0.45145145145145094,24752.605720221247
5452,pressure:valve0:ventricle,0.4524524524524516,24523.839438147777
5453,pressure:valve0:ventricle,0.453453453453454,24295.175904926546
5454,pressure:valve0:ventricle,0.45445445445445465,24066.639312781463
5455,pressure:valve0:ventricle,0.4554554554554553,23838.25384023452
5456,pressure:valve0:ventricle,0.45645645645645594,23610.043649813288
5457,pressure:valve0:ventricle,0.4574574574574566,23382.032885769215
5458,pressure:valve0:ventricle,0.45845845845845906,23154.24567178916
5459,pressure:valve0:ventricle,0.4594594594594597,22926.70610871194
5460,pressure:valve0:ventricle,0.4604604604604603,22699.43827224733
5461,pressure:valve0:ventricle,0.46146146146146094,22472.466210689912
5462,pressure:valve0:ventricle,0.4624624624624616,22245.81394264356
5463,pressure:valve0:ventricle,0.463463463463464,22019.50545474021
5464,pressure:valve0:ventricle,0.46446446446446465,21793.564699363596
5465,pressure:valve0:ventricle,0.4654654654654653,21568.015592376378
5466,pressure:valve0:ventricle,0.46646646646646595,21342.882010842324
5467,pressure:valve0:ventricle,0.46746746746746654,21118.187790759806
5468,pressure:valve0:ventricle,0.468468468468469,20893.956724789736
5469,pressure:valve0:ventricle,0.46946946946946966,20670.212559989504
5470,pressure:valve0:ventricle,0.4704704704704703,20446.97899555035
5471,pressure:valve0:ventricle,0.47147147147147095,20224.27968053035
5472,pressure:valve0:ventricle,0.4724724724724716,20002.1382115996
5473,pressure:valve0:ventricle,0.473473473473474,19780.57813077978
5474,pressure:valve0:ventricle,0.47447447447447466,19559.622923190793
5475,pressure:valve0:ventricle,0.4754754754754753,19339.29601480084
5476,pressure:valve0:ventricle,0.4764764764764759,19119.62077017331
5477,pressure:valve0:ventricle,0.47747747747747665,18900.620490225436
5478,pressure:valve0:ventricle,0.478478478478479,18682.31840998305
5479,pressure:valve0:ventricle,0.47947947947947966,18464.737696341785
5480,pressure:valve0:ventricle,0.4804804804804803,18247.90144583327
5481,pressure:valve0:ventricle,0.48148148148148096,18031.832682387896
5482,pressure:valve0:ventricle,0.4824824824824816,17816.554355110587
5483,pressure:valve0:ventricle,0.483483483483484,17602.089336052624
5484,pressure:valve0:ventricle,0.48448448448448467,17388.460417991133
5485,pressure:valve0:ventricle,0.48548548548548526,17175.690312213435
5486,pressure:valve0:ventricle,0.4864864864864859,16963.80164629929
5487,pressure:valve0:ventricle,0.48748748748748655,16752.816961916214
5488,pressure:valve0:ventricle,0.488488488488489,16542.758712611667
5489,pressure:valve0:ventricle,0.48948948948948967,16333.649261613586
5490,pressure:valve0:ventricle,0.4904904904904903,16125.510879636226
5491,pressure:valve0:ventricle,0.49149149149149096,15918.365742684708
5492,pressure:valve0:ventricle,0.4924924924924916,15712.23592987317
5493,pressure:valve0:ventricle,0.493493493493494,15507.143421240517
5494,pressure:valve0:ventricle,0.4944944944944946,15303.11009557502
5495,pressure:valve0:ventricle,0.4954954954954954,15100.157728245142
5496,pressure:valve0:ventricle,0.496496496496496,14898.30798902962
5497,pressure:valve0:ventricle,0.49749749749749667,14697.582439961709
5498,pressure:valve0:ventricle,0.49849849849849903,14498.002533171968
5499,pressure:valve0:ventricle,0.4994994994994997,14299.589608740524
5500,pressure:valve0:ventricle,0.5005005005005003,14102.364892556005
5501,pressure:valve0:ventricle,0.501501501501501,13906.34949417508
5502,pressure:valve0:ventricle,0.5025025025025016,13711.564404696144
5503,pressure:valve0:ventricle,0.503503503503504,13518.030494632892
5504,pressure:valve0:ventricle,0.5045045045045047,13325.768511797893
5505,pressure:valve0:ventricle,0.5055055055055053,13134.799079193395
5506,pressure:valve0:ventricle,0.506506506506506,12945.142692904054
5507,pressure:valve0:ventricle,0.5075075075075066,12756.819720004003
5508,pressure:valve0:ventricle,0.508508508508509,12569.850396465075
5509,pressure:valve0:ventricle,0.5095095095095097,12384.254825075455
5510,pressure:valve0:ventricle,0.5105105105105103,12200.052973366784
5511,pressure:valve0:ventricle,0.511511511511511,12017.264671543628
5512,pressure:valve0:ventricle,0.5125125125125116,11835.909610428394
5513,pressure:valve0:ventricle,0.513513513513514,11656.0073394082
5514,pressure:valve0:ventricle,0.5145145145145147,11477.577264392923
5515,pressure:valve0:ventricle,0.5155155155155153,11300.638645782685
5516,pressure:valve0:ventricle,0.516516516516516,11125.210596438616
5517,pressure:valve0:ventricle,0.5175175175175166,10951.312079669891
5518,pressure:valve0:ventricle,0.518518518518519,10778.961907223586
5519,pressure:valve0:ventricle,0.5195195195195197,10608.178737286824
5520,pressure:valve0:ventricle,0.5205205205205203,10438.981072498926
5521,pressure:valve0:ventricle,0.521521521521521,10271.387257968348
5522,pressure:valve0:ventricle,0.5225225225225216,10105.415479306184
5523,pressure:valve0:ventricle,0.523523523523524,9941.083760664018
5524,pressure:valve0:ventricle,0.5245245245245247,9778.409962784628
5525,pressure:valve0:ventricle,0.5255255255255253,9617.411781063984
5526,pressure:valve0:ventricle,0.526526526526526,9458.106743618762
5527,pressure:valve0:ventricle,0.5275275275275266,9300.512209371733
5528,pressure:valve0:ventricle,0.528528528528529,9144.645366142144
5529,pressure:valve0:ventricle,0.5295295295295297,8990.52322875038
5530,pressure:valve0:ventricle,0.5305305305305303,8838.16263713455
5531,pressure:valve0:ventricle,0.531531531531531,8687.580254474085
5532,pressure:valve0:ventricle,0.5325325325325316,8538.792565331798
5533,pressure:valve0:ventricle,0.533533533533534,8391.815873802429
5534,pressure:valve0:ventricle,0.5345345345345347,8246.66630167622
5535,pressure:valve0:ventricle,0.5355355355355353,8103.359786615654
5536,pressure:valve0:ventricle,0.536536536536536,7961.912080340419
5537,pressure:valve0:ventricle,0.5375375375375366,7822.338746831688
5538,pressure:valve0:ventricle,0.5385385385385391,7684.655160544103
5539,pressure:valve0:ventricle,0.5395395395395397,7548.876504634157
5540,pressure:valve0:ventricle,0.5405405405405403,7415.017769202212
5541,pressure:valve0:ventricle,0.541541541541541,7283.093749544952
5542,pressure:valve0:ventricle,0.5425425425425416,7153.119044427114
5543,pressure:valve0:ventricle,0.5435435435435441,7025.108054363021
5544,pressure:valve0:ventricle,0.5445445445445447,6899.0749799151545
5545,pressure:valve0:ventricle,0.5455455455455454,6775.03382000776
5546,pressure:valve0:ventricle,0.546546546546546,6652.998370252054
5547,pressure:valve0:ventricle,0.5475475475475466,6532.982221291781
5548,pressure:valve0:ventricle,0.5485485485485491,6414.99875716
5549,pressure:valve0:ventricle,0.5495495495495497,6299.061153653899
5550,pressure:valve0:ventricle,0.5505505505505504,6185.182376725902
5551,pressure:valve0:ventricle,0.551551551551551,6073.375180887829
5552,pressure:valve0:ventricle,0.5525525525525516,5963.652107636258
5553,pressure:valve0:ventricle,0.5535535535535541,5856.02548389073
5554,pressure:valve0:ventricle,0.5545545545545547,5750.507420450909
5555,pressure:valve0:ventricle,0.5555555555555554,5647.109810471425
5556,pressure:valve0:ventricle,0.556556556556556,5545.844327951215
5557,pressure:valve0:ventricle,0.5575575575575566,5446.722426244868
5558,pressure:valve0:ventricle,0.5585585585585591,5349.755336588563
5559,pressure:valve0:ventricle,0.5595595595595597,5257.050148479891
5560,pressure:valve0:ventricle,0.5605605605605604,5171.078120217497
5561,pressure:valve0:ventricle,0.561561561561561,5091.754410401254
5562,pressure:valve0:ventricle,0.5625625625625617,5018.404786780895
5563,pressure:valve0:ventricle,0.5635635635635641,4950.547971730683
5564,pressure:valve0:ventricle,0.5645645645645647,4887.735277954602
5565,pressure:valve0:ventricle,0.5655655655655654,4829.573923302295
5566,pressure:valve0:ventricle,0.566566566566566,4775.715795916094
5567,pressure:valve0:ventricle,0.5675675675675667,4725.853626826912
5568,pressure:valve0:ventricle,0.5685685685685691,4679.716471409806
5569,pressure:valve0:ventricle,0.5695695695695697,4637.065906215943
5570,pressure:valve0:ventricle,0.5705705705705704,4597.69262939566
5571,pressure:valve0:ventricle,0.571571571571571,4561.413438293569
5572,pressure:valve0:ventricle,0.5725725725725717,4528.068540414748
5573,pressure:valve0:ventricle,0.5735735735735741,4497.51915014249
5574,pressure:valve0:ventricle,0.5745745745745747,4469.6453381996525
5575,pressure:valve0:ventricle,0.5755755755755754,4444.34409996119
5576,pressure:valve0:ventricle,0.576576576576576,4421.527615630149
5577,pressure:valve0:ventricle,0.5775775775775767,4401.1216772917205
5578,pressure:valve0:ventricle,0.5785785785785791,4383.0642616316745
5579,pressure:valve0:ventricle,0.5795795795795797,4367.304229389458
5580,pressure:valve0:ventricle,0.5805805805805804,4353.800135119996
5581,pressure:valve0:ventricle,0.581581581581581,4342.519132781855
5582,pressure:valve0:ventricle,0.5825825825825817,4333.435964516431
5583,pressure:valve0:ventricle,0.5835835835835841,4326.532021536999
5584,pressure:valve0:ventricle,0.5845845845845847,4321.794467471236
5585,pressure:valve0:ventricle,0.5855855855855854,4319.215415742455
5586,pressure:valve0:ventricle,0.586586586586586,4318.791153696062
5587,pressure:valve0:ventricle,0.5875875875875867,4320.521407184592
5588,pressure:valve0:ventricle,0.5885885885885891,4324.40864022504
5589,pressure:valve0:ventricle,0.5895895895895897,4330.457385168174
5590,pressure:valve0:ventricle,0.5905905905905904,4338.6735995641
5591,pressure:valve0:ventricle,0.591591591591591,4349.0640465918195
5592,pressure:valve0:ventricle,0.5925925925925917,4361.635696551938
5593,pressure:valve0:ventricle,0.5935935935935941,4376.395147496202
5594,pressure:valve0:ventricle,0.5945945945945947,4393.348063608213
5595,pressure:valve0:ventricle,0.5955955955955954,4412.498630443938
5596,pressure:valve0:ventricle,0.596596596596596,4433.849026603687
5597,pressure:valve0:ventricle,0.5975975975975967,4457.398911837049
5598,pressure:valve0:ventricle,0.5985985985985991,4483.1449319786
5599,pressure:valve0:ventricle,0.5995995995995997,4511.080241482425
5600,pressure:valve0:ventricle,0.6006006006006004,4541.022847925435
5601,pressure:valve0:ventricle,0.601601601601601,4569.675335202097
5602,pressure:valve0:ventricle,0.6026026026026017,4597.405825722794
5603,pressure:valve0:ventricle,0.6036036036036041,4624.085631508106
5604,pressure:valve0:ventricle,0.6046046046046047,4649.833613106128
5605,pressure:valve0:ventricle,0.6056056056056054,4674.642672511236
5606,pressure:valve0:ventricle,0.606606606606606,4698.566854878008
5607,pressure:valve0:ventricle,0.6076076076076067,4721.627810117852
5608,pressure:valve0:ventricle,0.6086086086086091,4743.861638269597
5609,pressure:valve0:ventricle,0.6096096096096097,4765.295527508081
5610,pressure:valve0:ventricle,0.6106106106106104,4785.959496181092
5611,pressure:valve0:ventricle,0.611611611611611,4805.880580136354
5612,pressure:valve0:ventricle,0.6126126126126117,4825.08579540628
5613,pressure:valve0:ventricle,0.6136136136136141,4843.600711168904
5614,pressure:valve0:ventricle,0.6146146146146148,4861.450215623069
5615,pressure:valve0:ventricle,0.6156156156156154,4878.658183524061
5616,pressure:valve0:ventricle,0.616616616616616,4895.247691075195
5617,pressure:valve0:ventricle,0.6176176176176167,4911.2409553926345
5618,pressure:valve0:ventricle,0.6186186186186191,4926.6594099976455
5619,pressure:valve0:ventricle,0.6196196196196198,4941.523710669801
5620,pressure:valve0:ventricle,0.6206206206206204,4955.853774552782
5621,pressure:valve0:ventricle,0.621621621621621,4969.668801123254
5622,pressure:valve0:ventricle,0.6226226226226217,4982.9873007719
5623,pressure:valve0:ventricle,0.6236236236236241,4995.827118174372
5624,pressure:valve0:ventricle,0.6246246246246248,5008.205456913782
5625,pressure:valve0:ventricle,0.6256256256256254,5020.138902172501
5626,pressure:valve0:ventricle,0.626626626626626,5031.643443131356
5627,pressure:valve0:ventricle,0.6276276276276267,5042.734494302356
5628,pressure:valve0:ventricle,0.6286286286286291,5053.426916225422
5629,pressure:valve0:ventricle,0.6296296296296298,5063.735035355997
5630,pressure:valve0:ventricle,0.6306306306306304,5073.6726632705195
5631,pressure:valve0:ventricle,0.631631631631631,5083.253115165398
5632,pressure:valve0:ventricle,0.6326326326326317,5092.489227699237
5633,pressure:valve0:ventricle,0.6336336336336341,5101.393376189814
5634,pressure:valve0:ventricle,0.6346346346346348,5109.977491195009
5635,pressure:valve0:ventricle,0.6356356356356354,5118.253074496809
5636,pressure:valve0:ventricle,0.636636636636636,5126.231214511391
5637,pressure:valve0:ventricle,0.6376376376376367,5133.922601145097
5638,pressure:valve0:ventricle,0.6386386386386391,5141.337540116645
5639,pressure:valve0:ventricle,0.6396396396396398,5148.485966764526
5640,pressure:valve0:ventricle,0.6406406406406404,5155.377459358234
5641,pressure:valve0:ventricle,0.6416416416416411,5162.021251931035
5642,pressure:valve0:ventricle,0.6426426426426417,5168.426246651608
5643,pressure:valve0:ventricle,0.6436436436436441,5174.60102575099
5644,pressure:valve0:ventricle,0.6446446446446448,5180.553863020939
5645,pressure:valve0:ventricle,0.6456456456456454,5186.29273489898
5646,pressure:valve0:ventricle,0.6466466466466461,5191.8253311551425
5647,pressure:valve0:ventricle,0.6476476476476467,5197.1590651945735
5648,pressure:valve0:ventricle,0.6486486486486491,5202.30108398987
5649,pressure:valve0:ventricle,0.6496496496496498,5207.2582776565205
5650,pressure:valve0:ventricle,0.6506506506506504,5212.037288684119
5651,pressure:valve0:ventricle,0.6516516516516511,5216.644520835901
5652,pressure:valve0:ventricle,0.6526526526526517,5221.086147728375
5653,pressure:valve0:ventricle,0.6536536536536541,5225.3681211026405
5654,pressure:valve0:ventricle,0.6546546546546548,5229.496178798431
5655,pressure:valve0:ventricle,0.6556556556556554,5233.475852441576
5656,pressure:valve0:ventricle,0.6566566566566561,5237.31247485518
5657,pressure:valve0:ventricle,0.6576576576576567,5241.011187204455
5658,pressure:valve0:ventricle,0.6586586586586591,5244.576945884763
5659,pressure:valve0:ventricle,0.6596596596596598,5248.014529162122
5660,pressure:valve0:ventricle,0.6606606606606604,5251.32854357503
5661,pressure:valve0:ventricle,0.6616616616616611,5254.523430106257
5662,pressure:valve0:ventricle,0.6626626626626617,5257.60347013277
5663,pressure:valve0:ventricle,0.6636636636636641,5260.572791161868
5664,pressure:valve0:ventricle,0.6646646646646648,5263.435372361156
5665,pressure:valve0:ventricle,0.6656656656656654,5266.195049889742
5666,pressure:valve0:ventricle,0.6666666666666661,5268.855522037891
5667,pressure:valve0:ventricle,0.6676676676676667,5271.420354181913
5668,pressure:valve0:ventricle,0.6686686686686691,5273.892983561001
5669,pressure:valve0:ventricle,0.6696696696696698,5276.276723882384
5670,pressure:valve0:ventricle,0.6706706706706704,5278.574769760992
5671,pressure:valve0:ventricle,0.6716716716716711,5280.790200999531
5672,pressure:valve0:ventricle,0.6726726726726717,5282.925986714764
5673,pressure:valve0:ventricle,0.6736736736736741,5284.984989315479
5674,pressure:valve0:ventricle,0.6746746746746748,5286.969968337498
5675,pressure:valve0:ventricle,0.6756756756756754,5288.883584140873
5676,pressure:valve0:ventricle,0.6766766766766761,5290.728401474155
5677,pressure:valve0:ventricle,0.6776776776776767,5292.50689291066
5678,pressure:valve0:ventricle,0.6786786786786791,5294.221442161121
5679,pressure:valve0:ventricle,0.6796796796796798,5295.874347267394
5680,pressure:valve0:ventricle,0.6806806806806804,5297.467823681312
5681,pressure:valve0:ventricle,0.6816816816816811,5299.004007232908
5682,pressure:valve0:ventricle,0.6826826826826817,5300.484956991995
5683,pressure:valve0:ventricle,0.6836836836836842,5301.912658026832
5684,pressure:valve0:ventricle,0.6846846846846848,5303.289024063724
5685,pressure:valve0:ventricle,0.6856856856856854,5304.615900050982
5686,pressure:valve0:ventricle,0.6866866866866861,5305.895064630764
5687,pressure:valve0:ventricle,0.6876876876876867,5307.128232522057
5688,pressure:valve0:ventricle,0.6886886886886892,5308.317056818053
5689,pressure:valve0:ventricle,0.6896896896896898,5309.463131200912
5690,pressure:valve0:ventricle,0.6906906906906904,5310.567992076975
5691,pressure:valve0:ventricle,0.6916916916916911,5311.633120635196
5692,pressure:valve0:ventricle,0.6926926926926917,5312.659944831634
5693,pressure:valve0:ventricle,0.6936936936936942,5313.6498413025865
5694,pressure:valve0:ventricle,0.6946946946946948,5314.60413720901
5695,pressure:valve0:ventricle,0.6956956956956954,5315.5241120146
5696,pressure:valve0:ventricle,0.6966966966966961,5316.410999200021
5697,pressure:valve0:ventricle,0.6976976976976967,5317.265987915492
5698,pressure:valve0:ventricle,0.6986986986986992,5318.090224573988
5699,pressure:valve0:ventricle,0.6996996996996998,5318.884814387207
5700,pressure:valve0:ventricle,0.7007007007007005,5319.650822846283
5701,pressure:valve0:ventricle,0.7017017017017011,5320.389277149342
5702,pressure:valve0:ventricle,0.7027027027027017,5321.101167577714
5703,pressure:valve0:ventricle,0.7037037037037042,5321.787448822695
5704,pressure:valve0:ventricle,0.7047047047047048,5322.449041264633
5705,pressure:valve0:ventricle,0.7057057057057055,5323.086832206046
5706,pressure:valve0:ventricle,0.7067067067067061,5323.701677060389
5707,pressure:valve0:ventricle,0.7077077077077067,5324.294400498157
5708,pressure:valve0:ventricle,0.7087087087087092,5324.865797551744
5709,pressure:valve0:ventricle,0.7097097097097098,5325.416634680626
5710,pressure:valve0:ventricle,0.7107107107107105,5325.947650798247
5711,pressure:valve0:ventricle,0.7117117117117111,5326.459558262004
5712,pressure:valve0:ventricle,0.7127127127127117,5326.953043827658
5713,pressure:valve0:ventricle,0.7137137137137142,5327.428769569424
5714,pressure:valve0:ventricle,0.7147147147147148,5327.887373767028
5715,pressure:valve0:ventricle,0.7157157157157155,5328.329471760853
5716,pressure:valve0:ventricle,0.7167167167167161,5328.7556567763695
5717,pressure:valve0:ventricle,0.7177177177177168,5329.166500718911
5718,pressure:valve0:ventricle,0.7187187187187192,5329.562554939933
5719,pressure:valve0:ventricle,0.7197197197197198,5329.94435097569
5720,pressure:valve0:ventricle,0.7207207207207205,5330.312401259372
5721,pressure:valve0:ventricle,0.7217217217217211,5330.667199807672
5722,pressure:valve0:ventricle,0.7227227227227218,5331.009222882654
5723,pressure:valve0:ventricle,0.7237237237237242,5331.338929629837
5724,pressure:valve0:ventricle,0.7247247247247248,5331.656762693366
5725,pressure:valve0:ventricle,0.7257257257257255,5331.963148809042
5726,pressure:valve0:ventricle,0.7267267267267261,5332.2584993760665
5727,pressure:valve0:ventricle,0.7277277277277268,5332.5432110082365
5728,pressure:valve0:ventricle,0.7287287287287291,5332.817666065293
5729,pressure:valve0:ventricle,0.7297297297297297,5333.082233165249
5730,pressure:valve0:ventricle,0.7307307307307304,5333.344649104719
5731,pressure:valve0:ventricle,0.7317317317317312,5333.607372804137
5732,pressure:valve0:ventricle,0.7327327327327319,5333.869999627532
5733,pressure:valve0:ventricle,0.7337337337337343,5334.132610507337
5734,pressure:valve0:ventricle,0.7347347347347348,5334.395189262629
5735,pressure:valve0:ventricle,0.7357357357357355,5334.657739135059
5736,pressure:valve0:ventricle,0.7367367367367361,5334.920259481762
5737,pressure:valve0:ventricle,0.7377377377377385,5335.182750436743
5738,pressure:valve0:ventricle,0.7387387387387392,5335.445211978618
5739,pressure:valve0:ventricle,0.7397397397397398,5335.707644117048
5740,pressure:valve0:ventricle,0.7407407407407405,5335.970046855477
5741,pressure:valve0:ventricle,0.7417417417417411,5336.232420198553
5742,pressure:valve0:ventricle,0.7427427427427435,5336.494764150679
5743,pressure:valve0:ventricle,0.7437437437437442,5336.757078716275
5744,pressure:valve0:ventricle,0.7447447447447448,5337.019363899737
5745,pressure:valve0:ventricle,0.7457457457457455,5337.281619705447
5746,pressure:valve0:ventricle,0.7467467467467461,5337.543846137781
5747,pressure:valve0:ventricle,0.7477477477477484,5337.806043201071
5748,pressure:valve0:ventricle,0.7487487487487491,5338.068210899661
5749,pressure:valve0:ventricle,0.7497497497497497,5338.330349237861
5750,pressure:valve0:ventricle,0.7507507507507504,5338.5924582199705
5751,pressure:valve0:ventricle,0.7517517517517512,5338.854537850278
5752,pressure:valve0:ventricle,0.7527527527527536,5339.116588133045
5753,pressure:valve0:ventricle,0.7537537537537542,5339.378609072529
5754,pressure:valve0:ventricle,0.7547547547547548,5339.640600672967
5755,pressure:valve0:ventricle,0.7557557557557555,5339.902562938577
5756,pressure:valve0:ventricle,0.7567567567567561,5340.164495873572
5757,pressure:valve0:ventricle,0.7577577577577586,5340.426399482145
5758,pressure:valve0:ventricle,0.7587587587587592,5340.688273768465
5759,pressure:valve0:ventricle,0.7597597597597598,5340.950118736711
5760,pressure:valve0:ventricle,0.7607607607607605,5341.211934391024
5761,pressure:valve0:ventricle,0.7617617617617611,5341.473720735542
5762,pressure:valve0:ventricle,0.7627627627627636,5341.7354777743885
5763,pressure:valve0:ventricle,0.7637637637637642,5341.997205511673
5764,pressure:valve0:ventricle,0.7647647647647648,5342.258903951492
5765,pressure:valve0:ventricle,0.7657657657657655,5342.520573097927
5766,pressure:valve0:ventricle,0.766766766766766,5342.7822129550495
5767,pressure:valve0:ventricle,0.7677677677677687,5343.043823526914
5768,pressure:valve0:ventricle,0.7687687687687693,5343.305404817568
5769,pressure:valve0:ventricle,0.76976976976977,5343.566956831043
5770,pressure:valve0:ventricle,0.7707707707707706,5343.828479571361
5771,pressure:valve0:ventricle,0.7717717717717713,5344.089973042525
5772,pressure:valve0:ventricle,0.7727727727727736,5344.351437248532
5773,pressure:valve0:ventricle,0.7737737737737742,5344.61287219337
5774,pressure:valve0:ventricle,0.7747747747747749,5344.874277881008
5775,pressure:valve0:ventricle,0.7757757757757755,5345.135654315407
5776,pressure:valve0:ventricle,0.7767767767767761,5345.397001500519
5777,pressure:valve0:ventricle,0.7777777777777786,5345.658319440284
5778,pressure:valve0:ventricle,0.7787787787787792,5345.919608138622
5779,pressure:valve0:ventricle,0.7797797797797799,5346.180867599456
5780,pressure:valve0:ventricle,0.7807807807807805,5346.442097826692
5781,pressure:valve0:ventricle,0.7817817817817811,5346.70329882422
5782,pressure:valve0:ventricle,0.7827827827827836,5346.96447059593
5783,pressure:valve0:ventricle,0.7837837837837841,5347.225613145695
5784,pressure:valve0:ventricle,0.7847847847847848,5347.486726477379
5785,pressure:valve0:ventricle,0.7857857857857854,5347.747810594838
5786,pressure:valve0:ventricle,0.786786786786786,5348.008865501915
5787,pressure:valve0:ventricle,0.7877877877877887,5348.269891202442
5788,pressure:valve0:ventricle,0.7887887887887893,5348.530887700247
5789,pressure:valve0:ventricle,0.78978978978979,5348.7918549991455
5790,pressure:valve0:ventricle,0.7907907907907905,5349.052793102946
5791,pressure:valve0:ventricle,0.7917917917917912,5349.313702015438
5792,pressure:valve0:ventricle,0.7927927927927936,5349.574581740419
5793,pressure:valve0:ventricle,0.7937937937937942,5349.83543228166
5794,pressure:valve0:ventricle,0.7947947947947949,5350.096253642933
5795,pressure:valve0:ventricle,0.7957957957957955,5350.357045828002
5796,pressure:valve0:ventricle,0.7967967967967962,5350.617808840613
5797,pressure:valve0:ventricle,0.7977977977977986,5350.878542684515
5798,pressure:valve0:ventricle,0.7987987987987992,5351.139247363444
5799,pressure:valve0:ventricle,0.7997997997997999,5351.39992288112
5800,pressure:valve0:ventricle,0.8008008008008005,5351.660569241273
5801,pressure:valve0:ventricle,0.8018018018018012,5351.921186447599
5802,pressure:valve0:ventricle,0.8028028028028035,5352.181774503816
5803,pressure:valve0:ventricle,0.8038038038038041,5352.442333413607
5804,pressure:valve0:ventricle,0.8048048048048048,5352.702863180665
5805,pressure:valve0:ventricle,0.8058058058058054,5352.963363808669
5806,pressure:valve0:ventricle,0.806806806806806,5353.223835301286
5807,pressure:valve0:ventricle,0.8078078078078086,5353.484277662184
5808,pressure:valve0:ventricle,0.8088088088088092,5353.744690895019
5809,pressure:valve0:ventricle,0.8098098098098099,5354.005075003441
5810,pressure:valve0:ventricle,0.8108108108108105,5354.265429991094
5811,pressure:valve0:ventricle,0.8118118118118112,5354.525755861605
5812,pressure:valve0:ventricle,0.8128128128128136,5354.786052618616
5813,pressure:valve0:ventricle,0.8138138138138142,5355.046320265729
5814,pressure:valve0:ventricle,0.8148148148148149,5355.30655880658
5815,pressure:valve0:ventricle,0.8158158158158155,5355.566768244759
5816,pressure:valve0:ventricle,0.8168168168168162,5355.826948583881
5817,pressure:valve0:ventricle,0.8178178178178186,5356.0870998275295
5818,pressure:valve0:ventricle,0.8188188188188192,5356.347221979295
5819,pressure:valve0:ventricle,0.8198198198198199,5356.60731504276
5820,pressure:valve0:ventricle,0.8208208208208205,5356.8673790215
5821,pressure:valve0:ventricle,0.8218218218218212,5357.127413919081
5822,pressure:valve0:ventricle,0.8228228228228237,5357.387419739075
5823,pressure:valve0:ventricle,0.8238238238238244,5357.647396485024
5824,pressure:valve0:ventricle,0.824824824824825,5357.9073441604905
5825,pressure:valve0:ventricle,0.8258258258258256,5358.167262769016
5826,pressure:valve0:ventricle,0.8268268268268263,5358.427152314134
5827,pressure:valve0:ventricle,0.8278278278278286,5358.687012799388
5828,pressure:valve0:ventricle,0.8288288288288292,5358.946844228294
5829,pressure:valve0:ventricle,0.8298298298298299,5359.206646604382
5830,pressure:valve0:ventricle,0.8308308308308305,5359.466419931165
5831,pressure:valve0:ventricle,0.8318318318318312,5359.726164212154
5832,pressure:valve0:ventricle,0.8328328328328336,5359.985879450853
5833,pressure:valve0:ventricle,0.8338338338338342,5360.2455656507655
5834,pressure:valve0:ventricle,0.8348348348348349,5360.505222815381
5835,pressure:valve0:ventricle,0.8358358358358355,5360.764850948195
5836,pressure:valve0:ventricle,0.8368368368368362,5361.024450052689
5837,pressure:valve0:ventricle,0.8378378378378386,5361.2840201323415
5838,pressure:valve0:ventricle,0.8388388388388393,5361.543561190628
5839,pressure:valve0:ventricle,0.8398398398398398,5361.803073231018
5840,pressure:valve0:ventricle,0.8408408408408404,5362.062556256974
5841,pressure:valve0:ventricle,0.8418418418418411,5362.32201027196
5842,pressure:valve0:ventricle,0.8428428428428437,5362.581435279424
5843,pressure:valve0:ventricle,0.8438438438438444,5362.840831282825
5844,pressure:valve0:ventricle,0.844844844844845,5363.100198285595
5845,pressure:valve0:ventricle,0.8458458458458455,5363.359536291194
5846,pressure:valve0:ventricle,0.8468468468468462,5363.618845303042
5847,pressure:valve0:ventricle,0.8478478478478486,5363.87812532458
5848,pressure:valve0:ventricle,0.8488488488488493,5364.137376359229
5849,pressure:valve0:ventricle,0.8498498498498499,5364.396598410423
5850,pressure:valve0:ventricle,0.8508508508508505,5364.6557914815685
5851,pressure:valve0:ventricle,0.8518518518518512,5364.914955576087
5852,pressure:valve0:ventricle,0.8528528528528536,5365.17409069739
5853,pressure:valve0:ventricle,0.8538538538538543,5365.433196848875
5854,pressure:valve0:ventricle,0.8548548548548549,5365.6922740339605
5855,pressure:valve0:ventricle,0.8558558558558556,5365.951322256026
5856,pressure:valve0:ventricle,0.8568568568568562,5366.210341518481
5857,pressure:valve0:ventricle,0.8578578578578585,5366.46933182471
5858,pressure:valve0:ventricle,0.8588588588588592,5366.728293178095
5859,pressure:valve0:ventricle,0.8598598598598598,5366.9872255820255
5860,pressure:valve0:ventricle,0.8608608608608604,5367.246129039876
5861,pressure:valve0:ventricle,0.8618618618618611,5367.505003555026
5862,pressure:valve0:ventricle,0.8628628628628637,5367.763849130844
5863,pressure:valve0:ventricle,0.8638638638638643,5368.022665770699
5864,pressure:valve0:ventricle,0.8648648648648649,5368.281453477952
5865,pressure:valve0:ventricle,0.8658658658658656,5368.540212255973
5866,pressure:valve0:ventricle,0.8668668668668662,5368.798942108102
5867,pressure:valve0:ventricle,0.8678678678678686,5369.057643037712
5868,pressure:valve0:ventricle,0.8688688688688693,5369.316315048138
5869,pressure:valve0:ventricle,0.8698698698698699,5369.574958142737
5870,pressure:valve0:ventricle,0.8708708708708706,5369.833572324847
5871,pressure:valve0:ventricle,0.8718718718718712,5370.092157597814
5872,pressure:valve0:ventricle,0.8728728728728736,5370.350713964963
5873,pressure:valve0:ventricle,0.8738738738738743,5370.609241429642
5874,pressure:valve0:ventricle,0.8748748748748749,5370.867739995175
5875,pressure:valve0:ventricle,0.8758758758758756,5371.126209664885
5876,pressure:valve0:ventricle,0.8768768768768762,5371.384650442106
5877,pressure:valve0:ventricle,0.8778778778778785,5371.643062330153
5878,pressure:valve0:ventricle,0.8788788788788794,5371.9014453323425
5879,pressure:valve0:ventricle,0.87987987987988,5372.159799451998
5880,pressure:valve0:ventricle,0.8808808808808807,5372.418124692423
5881,pressure:valve0:ventricle,0.8818818818818813,5372.676421056932
5882,pressure:valve0:ventricle,0.8828828828828836,5372.934688548828
5883,pressure:valve0:ventricle,0.8838838838838843,5373.192927171419
5884,pressure:valve0:ventricle,0.8848848848848849,5373.451136928002
5885,pressure:valve0:ventricle,0.8858858858858856,5373.709317821877
5886,pressure:valve0:ventricle,0.8868868868868862,5373.967469856339
5887,pressure:valve0:ventricle,0.8878878878878886,5374.225593034678
5888,pressure:valve0:ventricle,0.8888888888888893,5374.4836873601935
5889,pressure:valve0:ventricle,0.8898898898898899,5374.741752836157
5890,pressure:valve0:ventricle,0.8908908908908906,5374.99978946587
5891,pressure:valve0:ventricle,0.8918918918918912,5375.2577972526
5892,pressure:valve0:ventricle,0.8928928928928936,5375.515776199641
5893,pressure:valve0:ventricle,0.8938938938938943,5375.773726310252
5894,pressure:valve0:ventricle,0.8948948948948949,5376.031647587726
5895,pressure:valve0:ventricle,0.8958958958958955,5376.28954003532
5896,pressure:valve0:ventricle,0.8968968968968961,5376.547403656318
5897,pressure:valve0:ventricle,0.8978978978978985,5376.805238453973
5898,pressure:valve0:ventricle,0.8988988988988994,5377.063044431558
5899,pressure:valve0:ventricle,0.8998998998999,5377.320821592337
5900,pressure:valve0:ventricle,0.9009009009009005,5377.578569939561
5901,pressure:valve0:ventricle,0.9019019019019012,5377.836289476502
5902,pressure:valve0:ventricle,0.9029029029029036,5378.0939802064
5903,pressure:valve0:ventricle,0.9039039039039043,5378.351642132522
5904,pressure:valve0:ventricle,0.9049049049049048,5378.609275258106
5905,pressure:valve0:ventricle,0.9059059059059056,5378.866879586415
5906,pressure:valve0:ventricle,0.9069069069069062,5379.124455120686
5907,pressure:valve0:ventricle,0.9079079079079087,5379.382001864167
5908,pressure:valve0:ventricle,0.9089089089089091,5379.639519820098
5909,pressure:valve0:ventricle,0.90990990990991,5379.897008991726
5910,pressure:valve0:ventricle,0.9109109109109106,5380.154469382281
5911,pressure:valve0:ventricle,0.9119119119119112,5380.411900995003
5912,pressure:valve0:ventricle,0.9129129129129137,5380.66930383313
5913,pressure:valve0:ventricle,0.9139139139139144,5380.926677899887
5914,pressure:valve0:ventricle,0.9149149149149148,5381.18402319851
5915,pressure:valve0:ventricle,0.9159159159159157,5381.441339732229
5916,pressure:valve0:ventricle,0.9169169169169161,5381.698627504263
5917,pressure:valve0:ventricle,0.9179179179179188,5381.955886517842
5918,pressure:valve0:ventricle,0.9189189189189192,5382.213116776191
5919,pressure:valve0:ventricle,0.91991991991992,5382.470318282519
5920,pressure:valve0:ventricle,0.9209209209209205,5382.727491040062
5921,pressure:valve0:ventricle,0.9219219219219212,5382.984635052024
5922,pressure:valve0:ventricle,0.9229229229229237,5383.241750321627
5923,pressure:valve0:ventricle,0.9239239239239245,5383.498836852083
5924,pressure:valve0:ventricle,0.9249249249249248,5383.7558946466
5925,pressure:valve0:ventricle,0.9259259259259256,5384.012923708397
5926,pressure:valve0:ventricle,0.9269269269269262,5384.269924040668
5927,pressure:valve0:ventricle,0.9279279279279287,5384.526895646637
5928,pressure:valve0:ventricle,0.9289289289289293,5384.783838529496
5929,pressure:valve0:ventricle,0.9299299299299301,5385.040752692452
5930,pressure:valve0:ventricle,0.9309309309309306,5385.297638138716
5931,pressure:valve0:ventricle,0.9319319319319312,5385.554494871469
5932,pressure:valve0:ventricle,0.9329329329329336,5385.81132289393
5933,pressure:valve0:ventricle,0.9339339339339344,5386.068122209275
5934,pressure:valve0:ventricle,0.9349349349349348,5386.324892820718
5935,pressure:valve0:ventricle,0.9359359359359357,5386.58163473144
5936,pressure:valve0:ventricle,0.9369369369369364,5386.838347944643
5937,pressure:valve0:ventricle,0.9379379379379387,5387.095032463509
5938,pressure:valve0:ventricle,0.9389389389389392,5387.351688291231
5939,pressure:valve0:ventricle,0.93993993993994,5387.608315431
5940,pressure:valve0:ventricle,0.9409409409409406,5387.864913885994
5941,pressure:valve0:ventricle,0.9419419419419413,5388.121483659405
5942,pressure:valve0:ventricle,0.9429429429429437,5388.378024754411
5943,pressure:valve0:ventricle,0.9439439439439444,5388.634537174201
5944,pressure:valve0:ventricle,0.9449449449449449,5388.891020921946
5945,pressure:valve0:ventricle,0.9459459459459456,5389.1474760008305
5946,pressure:valve0:ventricle,0.9469469469469463,5389.403902414033
5947,pressure:valve0:ventricle,0.9479479479479487,5389.660300164725
5948,pressure:valve0:ventricle,0.9489489489489493,5389.916669256089
5949,pressure:valve0:ventricle,0.9499499499499501,5390.173009691289
5950,pressure:valve0:ventricle,0.9509509509509506,5390.429321473506
5951,pressure:valve0:ventricle,0.9519519519519511,5390.685604605906
5952,pressure:valve0:ventricle,0.9529529529529536,5390.941859091658
5953,pressure:valve0:ventricle,0.9539539539539544,5391.198084933931
5954,pressure:valve0:ventricle,0.9549549549549549,5391.454282135894
5955,pressure:valve0:ventricle,0.9559559559559557,5391.710450700713
5956,pressure:valve0:ventricle,0.9569569569569564,5391.966590631547
5957,pressure:valve0:ventricle,0.9579579579579587,5392.222701931569
5958,pressure:valve0:ventricle,0.9589589589589592,5392.47878460393
5959,pressure:valve0:ventricle,0.95995995995996,5392.7348386518015
5960,pressure:valve0:ventricle,0.9609609609609606,5392.990864078334
5961,pressure:valve0:ventricle,0.9619619619619613,5393.246860886694
5962,pressure:valve0:ventricle,0.9629629629629637,5393.502829080028
5963,pressure:valve0:ventricle,0.9639639639639644,5393.758768661503
5964,pressure:valve0:ventricle,0.9649649649649648,5394.014679634268
5965,pressure:valve0:ventricle,0.9659659659659656,5394.2705620014785
5966,pressure:valve0:ventricle,0.9669669669669663,5394.526415766288
5967,pressure:valve0:ventricle,0.9679679679679687,5394.7822409318505
5968,pressure:valve0:ventricle,0.9689689689689693,5395.038037501305
5969,pressure:valve0:ventricle,0.9699699699699701,5395.293805477814
5970,pressure:valve0:ventricle,0.9709709709709705,5395.549544864521
5971,pressure:valve0:ventricle,0.9719719719719712,5395.805255664569
5972,pressure:valve0:ventricle,0.9729729729729738,5396.0609378811105
5973,pressure:valve0:ventricle,0.9739739739739744,5396.316591517287
5974,pressure:valve0:ventricle,0.9749749749749749,5396.572216576242
5975,pressure:valve0:ventricle,0.9759759759759756,5396.827813061121
5976,pressure:valve0:ventricle,0.9769769769769763,5397.083380975064
5977,pressure:valve0:ventricle,0.9779779779779789,5397.338920321214
5978,pressure:valve0:ventricle,0.9789789789789792,5397.594431102705
5979,pressure:valve0:ventricle,0.9799799799799802,5397.849913322685
5980,pressure:valve0:ventricle,0.9809809809809806,5398.105366984288
5981,pressure:valve0:ventricle,0.9819819819819813,5398.360792090643
5982,pressure:valve0:ventricle,0.9829829829829837,5398.6161886449
5983,pressure:valve0:ventricle,0.9839839839839845,5398.871556650186
5984,pressure:valve0:ventricle,0.984984984984985,5399.126896109634
5985,pressure:valve0:ventricle,0.9859859859859856,5399.3822070263805
5986,pressure:valve0:ventricle,0.9869869869869863,5399.637489403553
5987,pressure:valve0:ventricle,0.9879879879879888,5399.892743244291
5988,pressure:valve0:ventricle,0.9889889889889892,5400.147968551712
5989,pressure:valve0:ventricle,0.9899899899899901,5400.403165328961
5990,pressure:valve0:ventricle,0.9909909909909907,5400.658333579153
5991,pressure:valve0:ventricle,0.9919919919919914,5400.913473305426
5992,pressure:valve0:ventricle,0.9929929929929936,5401.168584510896
5993,pressure:valve0:ventricle,0.9939939939939944,5401.423667198699
5994,pressure:valve0:ventricle,0.994994994994995,5401.678721371952
5995,pressure:valve0:ventricle,0.9959959959959956,5401.933747033784
5996,pressure:valve0:ventricle,0.9969969969969963,5402.188744187317
5997,pressure:valve0:ventricle,0.9979979979979989,5402.443712835672
5998,pressure:valve0:ventricle,0.9989989989989992,5402.69865298197
5999,pressure:valve0:ventricle,1.0,5402.953564629333
6000,flow:ventricle:valve1,0.0,-4.121243516611844
6001,flow:ventricle:valve1,0.0010010010010006454,-4.12082249912116
6002,flow:ventricle:valve1,0.0020020020020012907,-4.120401527632045
6003,flow:ventricle:valve1,0.0030030030030037125,-4.119980602131594
6004,flow:ventricle:valve1,0.004004004004004358,-4.119559722607013
6005,flow:ventricle:valve1,0.005005005005005003,-4.119138889045616
6006,flow:ventricle:valve1,0.006006006006005649,-4.118718101434831
6007,flow:ventricle:valve1,0.007007007007006294,-4.118297359762178
6008,flow:ventricle:valve1,0.008008008008008716,-4.117876664015296
6009,flow:ventricle:valve1,0.00900900900900936,-4.117456014181919
6010,flow:ventricle:valve1,0.010010010010010006,-4.117035410249887
6011,flow:ventricle:valve1,0.011011011011010652,-4.116614852207133
6012,flow:ventricle:valve1,0.012012012012011295,-4.116194340041694
6013,flow:ventricle:valve1,0.01301301301301372,-4.115773873741709
6014,flow:ventricle:valve1,0.014014014014014364,-4.115353453295401
6015,flow:ventricle:valve1,0.01501501501501501,-4.114933078691102
6016,flow:ventricle:valve1,0.016016016016015655,-4.1145127499172265
6017,flow:ventricle:valve1,0.0170170170170163,-4.114092466962285
6018,flow:ventricle:valve1,0.01801801801801872,-4.113672229814879
6019,flow:ventricle:valve1,0.019019019019019368,-4.1132520384637035
6020,flow:ventricle:valve1,0.020020020020020013,-4.112831892897535
6021,flow:ventricle:valve1,0.021021021021020655,-4.112411793105244
6022,flow:ventricle:valve1,0.022022022022021304,-4.1119917390757825
6023,flow:ventricle:valve1,0.023023023023023725,-4.11157173079819
6024,flow:ventricle:valve1,0.02402402402402437,-4.11115176826159
6025,flow:ventricle:valve1,0.025025025025025016,-4.110731851455181
6026,flow:ventricle:valve1,0.026026026026025665,-4.110311980368261
6027,flow:ventricle:valve1,0.027027027027026307,-4.109892154990187
6028,flow:ventricle:valve1,0.02802802802802873,-4.109472375310413
6029,flow:ventricle:valve1,0.029029029029029377,-4.109052641318461
6030,flow:ventricle:valve1,0.03003003003003002,-4.1086329530039345
6031,flow:ventricle:valve1,0.031031031031030665,-4.108213310356507
6032,flow:ventricle:valve1,0.03203203203203131,-4.10779371336594
6033,flow:ventricle:valve1,0.03303303303303373,-4.107374162022054
6034,flow:ventricle:valve1,0.03403403403403438,-4.106954656314753
6035,flow:ventricle:valve1,0.03503503503503502,-4.1065351962340095
6036,flow:ventricle:valve1,0.03603603603603566,-4.106115781769866
6037,flow:ventricle:valve1,0.03703703703703631,-4.105696412912441
6038,flow:ventricle:valve1,0.038038038038038735,-4.1052770896519135
6039,flow:ventricle:valve1,0.039039039039039374,-4.104857811978536
6040,flow:ventricle:valve1,0.040040040040040026,-4.104438579882626
6041,flow:ventricle:valve1,0.04104104104104067,-4.104019393354574
6042,flow:ventricle:valve1,0.04204204204204132,-4.103600252384826
6043,flow:ventricle:valve1,0.04304304304304374,-4.1031811569639
6044,flow:ventricle:valve1,0.044044044044044384,-4.102762107082373
6045,flow:ventricle:valve1,0.04504504504504503,-4.10234310273089
6046,flow:ventricle:valve1,0.046046046046045674,-4.101924143900153
6047,flow:ventricle:valve1,0.04704704704704632,-4.10150523058093
6048,flow:ventricle:valve1,0.04804804804804874,-4.101086362764042
6049,flow:ventricle:valve1,0.04904904904904939,-4.10066754044038
6050,flow:ventricle:valve1,0.05005005005005003,-4.100248763600884
6051,flow:ventricle:valve1,0.05105105105105068,-4.099830032236558
6052,flow:ventricle:valve1,0.05205205205205132,-4.099411346338461
6053,flow:ventricle:valve1,0.053053053053053745,-4.098992705897709
6054,flow:ventricle:valve1,0.05405405405405439,-4.098574110905472
6055,flow:ventricle:valve1,0.05505505505505503,-4.098155561352975
6056,flow:ventricle:valve1,0.05605605605605568,-4.097737057231501
6057,flow:ventricle:valve1,0.057057057057056326,-4.0973185985323815
6058,flow:ventricle:valve1,0.058058058058058755,-4.096900185247003
6059,flow:ventricle:valve1,0.05905905905905939,-4.096481817366804
6060,flow:ventricle:valve1,0.06006006006006004,-4.096063494883273
6061,flow:ventricle:valve1,0.06106106106106069,-4.095645217787951
6062,flow:ventricle:valve1,0.06206206206206133,-4.0952269860724275
6063,flow:ventricle:valve1,0.06306306306306375,-4.094808799728341
6064,flow:ventricle:valve1,0.0640640640640644,-4.094390658747378
6065,flow:ventricle:valve1,0.06506506506506504,-4.093972563121276
6066,flow:ventricle:valve1,0.06606606606606569,-4.0935545128418145
6067,flow:ventricle:valve1,0.06706706706706633,-4.093136507900827
6068,flow:ventricle:valve1,0.06806806806806875,-4.092718548290183
6069,flow:ventricle:valve1,0.0690690690690694,-4.092300634001807
6070,flow:ventricle:valve1,0.07007007007007005,-4.091882765027663
6071,flow:ventricle:valve1,0.07107107107107069,-4.09146494135976
6072,flow:ventricle:valve1,0.07207207207207132,-4.091047162990149
6073,flow:ventricle:valve1,0.07307307307307376,-4.090629429910926
6074,flow:ventricle:valve1,0.0740740740740744,-4.090211742114233
6075,flow:ventricle:valve1,0.07507507507507503,-4.089794099592243
6076,flow:ventricle:valve1,0.0760760760760757,-4.089376502337183
6077,flow:ventricle:valve1,0.07707707707707634,-4.08895895034131
6078,flow:ventricle:valve1,0.07807807807807877,-4.088541443596927
6079,flow:ventricle:valve1,0.0790790790790794,-4.088123982096376
6080,flow:ventricle:valve1,0.08008008008008005,-4.087706565832036
6081,flow:ventricle:valve1,0.08108108108108071,-4.087289194796327
6082,flow:ventricle:valve1,0.08208208208208134,-4.086871868981702
6083,flow:ventricle:valve1,0.08308308308308376,-4.08645458838066
6084,flow:ventricle:valve1,0.08408408408408441,-4.086037352985726
6085,flow:ventricle:valve1,0.08508508508508505,-4.085620162789474
6086,flow:ventricle:valve1,0.0860860860860857,-4.085203017784504
6087,flow:ventricle:valve1,0.08708708708708635,-4.084785917963453
6088,flow:ventricle:valve1,0.08808808808808877,-4.084368863318998
6089,flow:ventricle:valve1,0.08908908908908941,-4.083951853843844
6090,flow:ventricle:valve1,0.09009009009009004,-4.083534889530738
6091,flow:ventricle:valve1,0.0910910910910907,-4.083117970372451
6092,flow:ventricle:valve1,0.09209209209209135,-4.082701096361796
6093,flow:ventricle:valve1,0.09309309309309376,-4.082284267491612
6094,flow:ventricle:valve1,0.0940940940940944,-4.081867483754777
6095,flow:ventricle:valve1,0.09509509509509506,-4.081450745144191
6096,flow:ventricle:valve1,0.0960960960960957,-4.0810340516527965
6097,flow:ventricle:valve1,0.09709709709709637,-4.080617403273558
6098,flow:ventricle:valve1,0.09809809809809877,-4.080200799999477
6099,flow:ventricle:valve1,0.0990990990990994,-4.07978424182358
6100,flow:ventricle:valve1,0.10010010010010006,-4.079367728738927
6101,flow:ventricle:valve1,0.10110110110110072,-4.078376615961558
6102,flow:ventricle:valve1,0.10210210210210136,-4.075770823867208
6103,flow:ventricle:valve1,0.10310310310310378,-4.07201757247827
6104,flow:ventricle:valve1,0.10410410410410442,-4.066884146174863
6105,flow:ventricle:valve1,0.10510510510510508,-4.060488281712228
6106,flow:ventricle:valve1,0.10610610610610571,-4.052772974845681
6107,flow:ventricle:valve1,0.10710710710710636,-4.043769077098019
6108,flow:ventricle:valve1,0.10810810810810878,-4.033463997419248
6109,flow:ventricle:valve1,0.10910910910910944,-4.021867351259203
6110,flow:ventricle:valve1,0.11011011011011008,-4.008978135813113
6111,flow:ventricle:valve1,0.11111111111111072,-3.9948011420548504
6112,flow:ventricle:valve1,0.11211211211211136,-3.9793387482513514
6113,flow:ventricle:valve1,0.11311311311311378,-3.9625950226103095
6114,flow:ventricle:valve1,0.11411411411411444,-3.944573671234755
6115,flow:ventricle:valve1,0.11511511511511507,-3.925279063297516
6116,flow:ventricle:valve1,0.11611611611611572,-3.9047157174779024
6117,flow:ventricle:valve1,0.11711711711711636,-3.8828885576400256
6118,flow:ventricle:valve1,0.1181181181181188,-3.859802783761995
6119,flow:ventricle:valve1,0.11911911911911945,-3.8354639351112887
6120,flow:ventricle:valve1,0.12012012012012008,-3.8098778571687175
6121,flow:ventricle:valve1,0.12112112112112072,-3.7830507165486273
6122,flow:ventricle:valve1,0.12212212212212135,-3.7549889917925774
6123,flow:ventricle:valve1,0.1231231231231238,-3.7256994760968465
6124,flow:ventricle:valve1,0.12412412412412444,-3.6951892739437535
6125,flow:ventricle:valve1,0.12512512512512508,-3.663465800652225
6126,flow:ventricle:valve1,0.12612612612612573,-3.6305367803386663
6127,flow:ventricle:valve1,0.12712712712712637,-3.5964102445442863
6128,flow:ventricle:valve1,0.1281281281281288,-3.561094530399676
6129,flow:ventricle:valve1,0.12912912912912944,-3.5245982788917956
6130,flow:ventricle:valve1,0.13013013013013008,-3.4869304329514743
6131,flow:ventricle:valve1,0.13113113113113073,-3.448100235501163
6132,flow:ventricle:valve1,0.13213213213213135,-3.408117227395305
6133,flow:ventricle:valve1,0.1331331331331338,-3.3669912452860067
6134,flow:ventricle:valve1,0.13413413413413444,-3.3247324193985635
6135,flow:ventricle:valve1,0.1351351351351351,-3.281351171225539
6136,flow:ventricle:valve1,0.13613613613613573,-3.2368582111338893
6137,flow:ventricle:valve1,0.13713713713713638,-3.191264535890625
6138,flow:ventricle:valve1,0.1381381381381388,-3.1445814261032137
6139,flow:ventricle:valve1,0.13913913913913944,-3.09682044357779
6140,flow:ventricle:valve1,0.1401401401401401,-3.047993428594956
6141,flow:ventricle:valve1,0.14114114114114074,-2.998112497102164
6142,flow:ventricle:valve1,0.14214214214214138,-2.947190037826468
6143,flow:ventricle:valve1,0.1431431431431438,-2.8952387093047145
6144,flow:ventricle:valve1,0.14414414414414445,-2.8422714368341473
6145,flow:ventricle:valve1,0.1451451451451451,-2.788301409343587
6146,flow:ventricle:valve1,0.14614614614614574,-2.733342076184028
6147,flow:ventricle:valve1,0.14714714714714638,-2.6774071438430185
6148,flow:ventricle:valve1,0.1481481481481488,-2.6205105725797058
6149,flow:ventricle:valve1,0.14914914914914945,-2.56266657298389
6150,flow:ventricle:valve1,0.1501501501501501,-2.503889602459412
6151,flow:ventricle:valve1,0.15115115115115074,-2.444194361630668
6152,flow:ventricle:valve1,0.1521521521521514,-2.3835957906771856
6153,flow:ventricle:valve1,0.1531531531531538,-2.322109065592881
6154,flow:ventricle:valve1,0.15415415415415443,-2.2597495943738077
6155,flow:ventricle:valve1,0.1551551551551551,-2.1965330131348084
6156,flow:ventricle:valve1,0.15615615615615577,-2.1324751821538377
6157,flow:ventricle:valve1,0.1571571571571564,-2.0675921818494563
6158,flow:ventricle:valve1,0.1581581581581588,-2.001900308687837
6159,flow:ventricle:valve1,0.15915915915915946,-1.93541607102359
6160,flow:ventricle:valve1,0.1601601601601601,-1.8681561848747792
6161,flow:ventricle:valve1,0.16116116116116075,-1.8001375696311142
6162,flow:ventricle:valve1,0.1621621621621614,-1.731377343701049
6163,flow:ventricle:valve1,0.16316316316316382,-1.661892820094123
6164,flow:ventricle:valve1,0.16416416416416446,-1.5917015019431584
6165,flow:ventricle:valve1,0.1651651651651651,-1.5208210779668003
6166,flow:ventricle:valve1,0.16616616616616575,-1.4492694178713474
6167,flow:ventricle:valve1,0.1671671671671664,-1.3770645676981066
6168,flow:ventricle:valve1,0.16816816816816882,-1.3042247451124227
6169,flow:ventricle:valve1,0.16916916916916946,-1.230768334639268
6170,flow:ventricle:valve1,0.1701701701701701,-1.156713882846098
6171,flow:ventricle:valve1,0.17117117117117076,-1.082080093471818
6172,flow:ventricle:valve1,0.1721721721721714,-1.006885822508562
6173,flow:ventricle:valve1,0.17317317317317382,-0.9311500732321829
6174,flow:ventricle:valve1,0.17417417417417447,-0.8548919911868528
6175,flow:ventricle:valve1,0.1751751751751751,-0.7781308591242609
6176,flow:ventricle:valve1,0.17617617617617576,-0.700886091896576
6177,flow:ventricle:valve1,0.1771771771771764,-0.6231772313099573
6178,flow:ventricle:valve1,0.17817817817817885,-0.5450239409346099
6179,flow:ventricle:valve1,0.17917917917917947,-0.4664460008767965
6180,flow:ventricle:valve1,0.18018018018018012,-0.387463302513668
6181,flow:ventricle:valve1,0.18118118118118076,-0.308095843189793
6182,flow:ventricle:valve1,0.1821821821821814,-0.22836372088267556
6183,flow:ventricle:valve1,0.18318318318318383,-0.1482871288330026
6184,flow:ventricle:valve1,0.18418418418418447,-0.06788635014539803
6185,flow:ventricle:valve1,0.18518518518518512,0.01281824763957494
6186,flow:ventricle:valve1,0.18618618618618576,6.645864159521741
6187,flow:ventricle:valve1,0.1871871871871864,11.380689410115378
6188,flow:ventricle:valve1,0.18818818818818883,17.050400457108868
6189,flow:ventricle:valve1,0.18918918918918948,22.234997125792074
6190,flow:ventricle:valve1,0.19019019019019012,27.6410614959262
6191,flow:ventricle:valve1,0.19119119119119077,32.91189112615249
6192,flow:ventricle:valve1,0.1921921921921914,38.222440223285254
6193,flow:ventricle:valve1,0.19319319319319384,43.481850735060824
6194,flow:ventricle:valve1,0.19419419419419448,48.732189701947725
6195,flow:ventricle:valve1,0.19519519519519513,53.949083212938504
6196,flow:ventricle:valve1,0.19619619619619577,59.141402089107565
6197,flow:ventricle:valve1,0.1971971971971964,64.30142166807826
6198,flow:ventricle:valve1,0.19819819819819884,69.42974451141932
6199,flow:ventricle:valve1,0.19919919919919948,74.5228416175806
6200,flow:ventricle:valve1,0.20020020020020013,79.57928434575133
6201,flow:ventricle:valve1,0.20120120120120075,84.5966309444119
6202,flow:ventricle:valve1,0.20220220220220145,89.57298573386883
6203,flow:ventricle:valve1,0.20320320320320384,94.50622191487237
6204,flow:ventricle:valve1,0.2042042042042045,99.3943725138516
6205,flow:ventricle:valve1,0.20520520520520513,104.2354372061705
6206,flow:ventricle:valve1,0.20620620620620575,109.02748114379084
6207,flow:ventricle:valve1,0.2072072072072064,113.76858772084518
6208,flow:ventricle:valve1,0.20820820820820884,118.45688430769684
6209,flow:ventricle:valve1,0.2092092092092095,123.0905314353576
6210,flow:ventricle:valve1,0.21021021021021016,127.6677301866272
6211,flow:ventricle:valve1,0.2112112112112108,132.1867204134942
6212,flow:ventricle:valve1,0.21221221221221143,136.6457834683766
6213,flow:ventricle:valve1,0.21321321321321385,141.04324260342062
6214,flow:ventricle:valve1,0.2142142142142145,145.377464458603
6215,flow:ventricle:valve1,0.2152152152152151,149.64685992627386
6216,flow:ventricle:valve1,0.21621621621621576,153.84988524675785
6217,flow:ventricle:valve1,0.21721721721721643,157.9850429058086
6218,flow:ventricle:valve1,0.21821821821821885,162.05088254726445
6219,flow:ventricle:valve1,0.21921921921921952,166.04600179284694
6220,flow:ventricle:valve1,0.22022022022022017,169.9690470219166
6221,flow:ventricle:valve1,0.2212212212212208,173.81871408398493
6222,flow:ventricle:valve1,0.22222222222222143,177.59374895647247
6223,flow:ventricle:valve1,0.22322322322322383,181.29294834099372
6224,flow:ventricle:valve1,0.22422422422422447,184.91516020093383
6225,flow:ventricle:valve1,0.22522522522522517,188.45928423850873
6226,flow:ventricle:valve1,0.2262262262262258,191.9242723121942
6227,flow:ventricle:valve1,0.22722722722722644,195.30912879376388
6228,flow:ventricle:valve1,0.22822822822822889,198.61291086561133
6229,flow:ventricle:valve1,0.22922922922922953,201.83472875819487
6230,flow:ventricle:valve1,0.23023023023023015,204.97374592802373
6231,flow:ventricle:valve1,0.2312312312312308,208.02917917670385
6232,flow:ventricle:valve1,0.23223223223223144,211.0002987112128
6233,flow:ventricle:valve1,0.23323323323323383,213.8864281463372
6234,flow:ventricle:valve1,0.2342342342342345,216.6869444496948
6235,flow:ventricle:valve1,0.23523523523523515,219.4012778301708
6236,flow:ventricle:valve1,0.2362362362362358,222.02891157074217
6237,flow:ventricle:valve1,0.23723723723723644,224.5693818063172
6238,flow:ventricle:valve1,0.2382382382382389,227.02227724791717
6239,flow:ventricle:valve1,0.2392392392392395,229.3872388540493
6240,flow:ventricle:valve1,0.24024024024024015,231.66395945048924
6241,flow:ventricle:valve1,0.2412412412412408,233.85218329981936
6242,flow:ventricle:valve1,0.24224224224224145,235.9517056217203
6243,flow:ventricle:valve1,0.24324324324324387,237.96237206567787
6244,flow:ventricle:valve1,0.2442442442442445,239.8840781372901
6245,flow:ventricle:valve1,0.24524524524524516,241.71676857969817
6246,flow:ventricle:valve1,0.2462462462462458,243.46043671177003
6247,flow:ventricle:valve1,0.24724724724724645,245.11512372432995
6248,flow:ventricle:valve1,0.24824824824824887,246.68091793632
6249,flow:ventricle:valve1,0.24924924924924952,248.15795401233743
6250,flow:ventricle:valve1,0.25025025025025016,249.54641214327717
6251,flow:ventricle:valve1,0.2512512512512508,250.84651719189344
6252,flow:ventricle:valve1,0.25225225225225145,252.05853780477705
6253,flow:ventricle:valve1,0.2532532532532539,253.18278549276351
6254,flow:ventricle:valve1,0.2542542542542545,254.2196136813708
6255,flow:ventricle:valve1,0.25525525525525516,255.1694167331071
6256,flow:ventricle:valve1,0.2562562562562558,256.0326289435597
6257,flow:ventricle:valve1,0.25725725725725646,256.80972351285243
6258,flow:ventricle:valve1,0.2582582582582589,257.5012114945277
6259,flow:ventricle:valve1,0.2592592592592595,258.1076407235177
6260,flow:ventricle:valve1,0.26026026026026017,258.6295947250524
6261,flow:ventricle:valve1,0.2612612612612608,259.06769160642125
6262,flow:ventricle:valve1,0.26226226226226146,259.42258293317997
6263,flow:ventricle:valve1,0.2632632632632639,259.6949525918121
6264,flow:ventricle:valve1,0.2642642642642645,259.8855156404729
6265,flow:ventricle:valve1,0.26526526526526517,259.9950171496072
6266,flow:ventricle:valve1,0.2662662662662658,260.0242310342626
6267,flow:ventricle:valve1,0.26726726726726646,259.97395887962045
6268,flow:ventricle:valve1,0.2682682682682689,259.84502876163066
6269,flow:ventricle:valve1,0.26926926926926953,259.638294064263
6270,flow:ventricle:valve1,0.2702702702702702,259.354632295039
6271,flow:ventricle:valve1,0.2712712712712708,258.99494390049443
6272,flow:ventricle:valve1,0.27227227227227146,258.560151082981
6273,flow:ventricle:valve1,0.2732732732732739,258.05119662047355
6274,flow:ventricle:valve1,0.27427427427427453,257.4690426907487
6275,flow:ventricle:valve1,0.2752752752752752,256.81466970140116
6276,flow:ventricle:valve1,0.2762762762762758,256.08907512712995
6277,flow:ventricle:valve1,0.27727727727727647,255.29327235552736
6278,flow:ventricle:valve1,0.2782782782782789,254.4282895427884
6279,flow:ventricle:valve1,0.27927927927927954,253.49516848050453
6280,flow:ventricle:valve1,0.2802802802802802,252.49496347477137
6281,flow:ventricle:valve1,0.2812812812812808,251.4287402387982
6282,flow:ventricle:valve1,0.28228228228228147,250.2975748000302
6283,flow:ventricle:valve1,0.2832832832832839,249.1025524229384
6284,flow:ventricle:valve1,0.28428428428428454,247.84476654840043
6285,flow:ventricle:valve1,0.2852852852852852,246.52531775065216
6286,flow:ventricle:valve1,0.28628628628628583,245.1453127127293
6287,flow:ventricle:valve1,0.2872872872872865,243.7058632211786
6288,flow:ventricle:valve1,0.2882882882882889,242.2080851809083
6289,flow:ventricle:valve1,0.28928928928928954,240.65309765086755
6290,flow:ventricle:valve1,0.2902902902902902,239.04202190125784
6291,flow:ventricle:valve1,0.29129129129129083,237.37598049294616
6292,flow:ventricle:valve1,0.2922922922922915,235.6560963796112
6293,flow:ventricle:valve1,0.2932932932932939,233.8834920332181
6294,flow:ventricle:valve1,0.29429429429429455,232.05928859327568
6295,flow:ventricle:valve1,0.2952952952952952,230.18460504033084
6296,flow:ventricle:valve1,0.29629629629629584,228.26055739409665
6297,flow:ventricle:valve1,0.2972972972972965,226.28825793654235
6298,flow:ventricle:valve1,0.2982982982982989,224.26881446026624
6299,flow:ventricle:valve1,0.29929929929929955,222.20332954238927
6300,flow:ventricle:valve1,0.3003003003003002,220.09289984419033
6301,flow:ventricle:valve1,0.30130130130130084,217.9635479000505
6302,flow:ventricle:valve1,0.3023023023023015,215.83170235048573
6303,flow:ventricle:valve1,0.3033033033033039,213.6897353886673
6304,flow:ventricle:valve1,0.30430430430430455,211.5419973347501
6305,flow:ventricle:valve1,0.3053053053053052,209.38684246017937
6306,flow:ventricle:valve1,0.30630630630630584,207.22561344691587
6307,flow:ventricle:valve1,0.3073073073073065,205.05814965828276
6308,flow:ventricle:valve1,0.3083083083083089,202.88503288537973
6309,flow:ventricle:valve1,0.30930930930930955,200.70646448500625
6310,flow:ventricle:valve1,0.3103103103103102,198.5228268017706
6311,flow:ventricle:valve1,0.31131131131131085,196.33440245773937
6312,flow:ventricle:valve1,0.3123123123123115,194.14151471193503
6313,flow:ventricle:valve1,0.3133133133133139,191.94445728961563
6314,flow:ventricle:valve1,0.31431431431431456,189.7435294810426
6315,flow:ventricle:valve1,0.3153153153153152,187.53901860984024
6316,flow:ventricle:valve1,0.31631631631631585,185.3312088207768
6317,flow:ventricle:valve1,0.3173173173173165,183.1203767119727
6318,flow:ventricle:valve1,0.3183183183183189,180.90679354892043
6319,flow:ventricle:valve1,0.31931931931931956,178.69072419152536
6320,flow:ventricle:valve1,0.3203203203203202,176.47242766846531
6321,flow:ventricle:valve1,0.32132132132132085,174.2521569316006
6322,flow:ventricle:valve1,0.3223223223223215,172.03015902398786
6323,flow:ventricle:valve1,0.3233233233233239,169.80667504459802
6324,flow:ventricle:valve1,0.32432432432432456,167.58194021808654
6325,flow:ventricle:valve1,0.3253253253253252,165.3561839153502
6326,flow:ventricle:valve1,0.32632632632632586,163.12962970186774
6327,flow:ventricle:valve1,0.3273273273273265,160.90249537525884
6328,flow:ventricle:valve1,0.3283283283283289,158.674993011211
6329,flow:ventricle:valve1,0.32932932932932957,156.44732900810425
6330,flow:ventricle:valve1,0.3303303303303302,154.21970413507623
6331,flow:ventricle:valve1,0.33133133133133086,151.99231358102264
6332,flow:ventricle:valve1,0.3323323323323315,149.76534700572498
6333,flow:ventricle:valve1,0.3333333333333339,147.5389885923728
6334,flow:ventricle:valve1,0.33433433433433457,145.31341710176662
6335,flow:ventricle:valve1,0.3353353353353352,143.08880592795882
6336,flow:ventricle:valve1,0.33633633633633586,140.86532315533188
6337,flow:ventricle:valve1,0.3373373373373365,138.64313161705772
6338,flow:ventricle:valve1,0.33833833833833893,136.42238895483712
6339,flow:ventricle:valve1,0.3393393393393396,134.20324767988913
6340,flow:ventricle:valve1,0.3403403403403402,131.98585523512358
6341,flow:ventricle:valve1,0.34134134134134086,129.77035405840374
6342,flow:ventricle:valve1,0.3423423423423415,127.55688164690244
6343,flow:ventricle:valve1,0.34334334334334393,125.34557062243006
6344,flow:ventricle:valve1,0.3443443443443446,123.13654879771798
6345,flow:ventricle:valve1,0.3453453453453452,120.92993924359205
6346,flow:ventricle:valve1,0.34634634634634587,118.72586035695552
6347,flow:ventricle:valve1,0.3473473473473465,116.52442592958116
6348,flow:ventricle:valve1,0.34834834834834894,114.3257452176058
6349,flow:ventricle:valve1,0.3493493493493496,112.12992301170664
6350,flow:ventricle:valve1,0.3503503503503502,109.9370597079188
6351,flow:ventricle:valve1,0.35135135135135087,107.74725137898524
6352,flow:ventricle:valve1,0.3523523523523515,105.56058984629
6353,flow:ventricle:valve1,0.35335335335335394,103.37716275223148
6354,flow:ventricle:valve1,0.3543543543543546,101.19705363305506
6355,flow:ventricle:valve1,0.35535535535535523,99.02034199208175
6356,flow:ventricle:valve1,0.3563563563563559,96.84710337325917
6357,flow:ventricle:valve1,0.3573573573573565,94.67740943506581
6358,flow:ventricle:valve1,0.35835835835835894,92.51132802465133
6359,flow:ventricle:valve1,0.3593593593593596,90.34892325222476
6360,flow:ventricle:valve1,0.36036036036036023,88.19025556564574
6361,flow:ventricle:valve1,0.3613613613613609,86.03538182513687
6362,flow:ventricle:valve1,0.3623623623623615,83.8843553781725
6363,flow:ventricle:valve1,0.36336336336336394,81.73722613441316
6364,flow:ventricle:valve1,0.36436436436436453,79.59404064072082
6365,flow:ventricle:valve1,0.3653653653653653,77.45484215620812
6366,flow:ventricle:valve1,0.36636636636636594,75.31967072724049
6367,flow:ventricle:valve1,0.3673673673673666,73.18856326246811
6368,flow:ventricle:valve1,0.36836836836836895,71.06155360774733
6369,flow:ventricle:valve1,0.3693693693693696,68.93867262099938
6370,flow:ventricle:valve1,0.37037037037037024,66.81994824696929
6371,flow:ventricle:valve1,0.3713713713713709,64.7054055917982
6372,flow:ventricle:valve1,0.37237237237237153,62.595066997508496
6373,flow:ventricle:valve1,0.3733733733733739,60.48895211624664
6374,flow:ventricle:valve1,0.37437437437437454,58.387077984358605
6375,flow:ventricle:valve1,0.3753753753753752,56.289459096246986
6376,flow:ventricle:valve1,0.37637637637637594,54.196107477943954
6377,flow:ventricle:valve1,0.37737737737737653,52.10703276049075
6378,flow:ventricle:valve1,0.37837837837837895,50.022242252989855
6379,flow:ventricle:valve1,0.3793793793793796,47.94174101539172
6380,flow:ventricle:valve1,0.38038038038038025,45.86553193098733
6381,flow:ventricle:valve1,0.3813813813813809,43.79361577853116
6382,flow:ventricle:valve1,0.38238238238238154,41.725991304101974
6383,flow:ventricle:valve1,0.383383383383384,39.6626552925631
6384,flow:ventricle:valve1,0.38438438438438466,37.60360263869449
6385,flow:ventricle:valve1,0.3853853853853853,35.54882641797005
6386,flow:ventricle:valve1,0.3863863863863859,33.49831795690841
6387,flow:ventricle:valve1,0.38738738738738654,31.452066903110616
6388,flow:ventricle:valve1,0.38838838838838896,29.410061294850696
6389,flow:ventricle:valve1,0.3893893893893896,27.372287630291165
6390,flow:ventricle:valve1,0.39039039039039025,25.33873093630985
6391,flow:ventricle:valve1,0.3913913913913909,23.309374836857195
6392,flow:ventricle:valve1,0.39239239239239154,21.284201620975686
6393,flow:ventricle:valve1,0.3933933933933939,19.263192310336
6394,flow:ventricle:valve1,0.39439439439439467,17.246326726382023
6395,flow:ventricle:valve1,0.39539539539539525,15.233583557055598
6396,flow:ventricle:valve1,0.3963963963963959,13.22494042304033
6397,flow:ventricle:valve1,0.39739739739739655,11.220373943649504
6398,flow:ventricle:valve1,0.39839839839839897,9.219859802219124
6399,flow:ventricle:valve1,0.3993993993993996,7.223372811095186
6400,flow:ventricle:valve1,0.40040040040040026,5.230886976204994
6401,flow:ventricle:valve1,0.4014014014014009,3.2423755611307694
6402,flow:ventricle:valve1,0.4024024024024015,1.257811150831984
6403,flow:ventricle:valve1,0.403403403403404,-0.6303226166444605
6404,flow:ventricle:valve1,0.4044044044044046,0.26897297968229616
6405,flow:ventricle:valve1,0.40540540540540526,-0.2256652240428046
6406,flow:ventricle:valve1,0.4064064064064059,-0.023565707927536345
6407,flow:ventricle:valve1,0.40740740740740655,-0.1700563332093407
6408,flow:ventricle:valve1,0.408408408408409,-0.1424688154498958
6409,flow:ventricle:valve1,0.4094094094094096,-0.20213220941689727
6410,flow:ventricle:valve1,0.41041041041041026,-0.2183770189613342
6411,flow:ventricle:valve1,0.41141141141141085,-0.256532973418709
6412,flow:ventricle:valve1,0.4124124124124115,-0.2839301738663794
6413,flow:ventricle:valve1,0.413413413413414,-0.3168985140149656
6414,flow:ventricle:valve1,0.4144144144144146,-0.34726797180483765
6415,flow:ventricle:valve1,0.41541541541541527,-0.37911846403253274
6416,flow:ventricle:valve1,0.4164164164164159,-0.4104049197654201
6417,flow:ventricle:valve1,0.41741741741741656,-0.4421447442835317
6418,flow:ventricle:valve1,0.418418418418419,-0.4738240877575891
6419,flow:ventricle:valve1,0.4194194194194196,-0.5056947115442998
6420,flow:ventricle:valve1,0.4204204204204202,-0.5376255556620011
6421,flow:ventricle:valve1,0.42142142142142097,-0.5696769556667793
6422,flow:ventricle:valve1,0.4224224224224216,-0.6018135348182643
6423,flow:ventricle:valve1,0.423423423423424,-0.6340477585925858
6424,flow:ventricle:valve1,0.42442442442442463,-0.6663681580140055
6425,flow:ventricle:valve1,0.4254254254254253,-0.6987752185697839
6426,flow:ventricle:valve1,0.4264264264264259,-0.7312634363278173
6427,flow:ventricle:valve1,0.42742742742742657,-0.7638302904461812
6428,flow:ventricle:valve1,0.428428428428429,-0.7964717574817743
6429,flow:ventricle:valve1,0.4294294294294296,-0.8291845547945189
6430,flow:ventricle:valve1,0.4304304304304302,-0.8619650193988532
6431,flow:ventricle:valve1,0.43143143143143087,-0.8948096690883948
6432,flow:ventricle:valve1,0.4324324324324316,-0.9277149224193598
6433,flow:ventricle:valve1,0.433433433433434,-0.9606772392616743
6434,flow:ventricle:valve1,0.43443443443443464,-0.9936930510630805
6435,flow:ventricle:valve1,0.4354354354354353,-1.0267587962534452
6436,flow:ventricle:valve1,0.4364364364364359,-1.059870903077274
6437,flow:ventricle:valve1,0.43743743743743657,-1.0930257987087928
6438,flow:ventricle:valve1,0.43843843843843894,-1.1262199052240132
6439,flow:ventricle:valve1,0.4394394394394397,-1.1594496421423162
6440,flow:ventricle:valve1,0.44044044044044034,-1.1927114256809244
6441,flow:ventricle:valve1,0.441441441441441,-1.2260016696521794
6442,flow:ventricle:valve1,0.4424424424424416,-1.2593167855369165
6443,flow:ventricle:valve1,0.443443443443444,-1.292653182968816
6444,flow:ventricle:valve1,0.44444444444444464,-1.3260072700119103
6445,flow:ventricle:valve1,0.4454454454454453,-1.359375453539868
6446,flow:ventricle:valve1,0.44644644644644593,-1.392754139564083
6447,flow:ventricle:valve1,0.4474474474474466,-1.4261397335854402
6448,flow:ventricle:valve1,0.44844844844844894,-1.4595286409336874
6449,flow:ventricle:valve1,0.4494494494494497,-1.4929172671120516
6450,flow:ventricle:valve1,0.45045045045045035,-1.5263020181379383
6451,flow:ventricle:valve1,0.45145145145145094,-1.5596793008856185
6452,flow:ventricle:valve1,0.4524524524524516,-1.5930455234263043
6453,flow:ventricle:valve1,0.453453453453454,-1.6263970953691638
6454,flow:ventricle:valve1,0.45445445445445465,-1.6597304282012126
6455,flow:ventricle:valve1,0.4554554554554553,-1.6930419356266049
6456,flow:ventricle:valve1,0.45645645645645594,-1.7263280339064744
6457,flow:ventricle:valve1,0.4574574574574566,-1.7595851421969797
6458,flow:ventricle:valve1,0.45845845845845906,-1.7928096828880515
6459,flow:ventricle:valve1,0.4594594594594597,-1.825998081941198
6460,flow:ventricle:valve1,0.4604604604604603,-1.8591467692267525
6461,flow:ventricle:valve1,0.46146146146146094,-1.8922521788616733
6462,flow:ventricle:valve1,0.4624624624624616,-1.92531074954564
6463,flow:ventricle:valve1,0.463463463463464,-1.95831892489781
6464,flow:ventricle:valve1,0.46446446446446465,-1.99127315379273
6465,flow:ventricle:valve1,0.4654654654654653,-2.0241698906956067
6466,flow:ventricle:valve1,0.46646646646646595,-2.0570055959982154
6467,flow:ventricle:valve1,0.46746746746746654,-2.089776736353012
6468,flow:ventricle:valve1,0.468468468468469,-2.1224797850080055
6469,flow:ventricle:valve1,0.46946946946946966,-2.15511122214064
6470,flow:ventricle:valve1,0.4704704704704703,-2.1876675351911095
6471,flow:ventricle:valve1,0.47147147147147095,-2.2201452191962514
6472,flow:ventricle:valve1,0.4724724724724716,-2.2525407771215797
6473,flow:ventricle:valve1,0.473473473473474,-2.2848507201941106
6474,flow:ventricle:valve1,0.47447447447447466,-2.317071568234062
6475,flow:ventricle:valve1,0.4754754754754753,-2.349199849986057
6476,flow:ventricle:valve1,0.4764764764764759,-2.381232103450716
6477,flow:ventricle:valve1,0.47747747747747665,-2.4131648762145117
6478,flow:ventricle:valve1,0.478478478478479,-2.444994725780138
6479,flow:ventricle:valve1,0.47947947947947966,-2.476718219895963
6480,flow:ventricle:valve1,0.4804804804804803,-2.508331936884649
6481,flow:ventricle:valve1,0.48148148148148096,-2.5398324659723253
6482,flow:ventricle:valve1,0.4824824824824816,-2.571216407615791
6483,flow:ventricle:valve1,0.483483483483484,-2.6024803738303017
6484,flow:ventricle:valve1,0.48448448448448467,-2.6336209885162107
6485,flow:ventricle:valve1,0.48548548548548526,-2.664634887784886
6486,flow:ventricle:valve1,0.4864864864864859,-2.695518720284935
6487,flow:ventricle:valve1,0.48748748748748655,-2.726269147526487
6488,flow:ventricle:valve1,0.488488488488489,-2.7568828442059483
6489,flow:ventricle:valve1,0.48948948948948967,-2.7873564985295065
6490,flow:ventricle:valve1,0.4904904904904903,-2.8176868125358654
6491,flow:ventricle:valve1,0.49149149149149096,-2.8478705024191666
6492,flow:ventricle:valve1,0.4924924924924916,-2.8779042988499066
6493,flow:ventricle:valve1,0.493493493493494,-2.907784947296197
6494,flow:ventricle:valve1,0.4944944944944946,-2.9375092083437573
6495,flow:ventricle:valve1,0.4954954954954954,-2.9670738580149423
6496,flow:ventricle:valve1,0.496496496496496,-2.9964756880879344
6497,flow:ventricle:valve1,0.49749749749749667,-3.0257115064138116
6498,flow:ventricle:valve1,0.49849849849849903,-3.05477813723386
6499,flow:ventricle:valve1,0.4994994994994997,-3.0836724214954834
6500,flow:ventricle:valve1,0.5005005005005003,-3.1123912171671377
6501,flow:ventricle:valve1,0.501501501501501,-3.140931399553179
6502,flow:ventricle:valve1,0.5025025025025016,-3.1692898616066434
6503,flow:ventricle:valve1,0.503503503503504,-3.197463514242027
6504,flow:ventricle:valve1,0.5045045045045047,-3.225449286646622
6505,flow:ventricle:valve1,0.5055055055055053,-3.253244126590776
6506,flow:ventricle:valve1,0.506506506506506,-3.2808450007378833
6507,flow:ventricle:valve1,0.5075075075075066,-3.3082488949522713
6508,flow:ventricle:valve1,0.508508508508509,-3.335452814606902
6509,flow:ventricle:valve1,0.5095095095095097,-3.36245378488958
6510,flow:ventricle:valve1,0.5105105105105103,-3.3892488511078795
6511,flow:ventricle:valve1,0.511511511511511,-3.4158350789937617
6512,flow:ventricle:valve1,0.5125125125125116,-3.4422095550059053
6513,flow:ventricle:valve1,0.513513513513514,-3.4683693866317538
6514,flow:ventricle:valve1,0.5145145145145147,-3.4943117026879325
6515,flow:ventricle:valve1,0.5155155155155153,-3.520033653619278
6516,flow:ventricle:valve1,0.516516516516516,-3.5455324117973697
6517,flow:ventricle:valve1,0.5175175175175166,-3.5708051718167035
6518,flow:ventricle:valve1,0.518518518518519,-3.5958491507904276
6519,flow:ventricle:valve1,0.5195195195195197,-3.6206615886442832
6520,flow:ventricle:valve1,0.5205205205205203,-3.6452397484090735
6521,flow:ventricle:valve1,0.521521521521521,-3.669580916512442
6522,flow:ventricle:valve1,0.5225225225225216,-3.693682403068184
6523,flow:ventricle:valve1,0.523523523523524,-3.7175415421649745
6524,flow:ventricle:valve1,0.5245245245245247,-3.7411556921531446
6525,flow:ventricle:valve1,0.5255255255255253,-3.764522235929853
6526,flow:ventricle:valve1,0.526526526526526,-3.787638581223401
6527,flow:ventricle:valve1,0.5275275275275266,-3.810502160874963
6528,flow:ventricle:valve1,0.528528528528529,-3.8331104331195407
6529,flow:ventricle:valve1,0.5295295295295297,-3.8554608818648526
6530,flow:ventricle:valve1,0.5305305305305303,-3.877551016968451
6531,flow:ventricle:valve1,0.531531531531531,-3.8993783745138018
6532,flow:ventricle:valve1,0.5325325325325316,-3.9209405170836735
6533,flow:ventricle:valve1,0.533533533533534,-3.942235034032537
6534,flow:ventricle:valve1,0.5345345345345347,-3.963259541756792
6535,flow:ventricle:valve1,0.5355355355355353,-3.9840116839630193
6536,flow:ventricle:valve1,0.536536536536536,-4.004489131935045
6537,flow:ventricle:valve1,0.5375375375375366,-4.024689584798156
6538,flow:ventricle:valve1,0.5385385385385391,-4.044610769782178
6539,flow:ventricle:valve1,0.5395395395395397,-4.064250442482144
6540,flow:ventricle:valve1,0.5405405405405403,-4.0836063871169355
6541,flow:ventricle:valve1,0.541541541541541,-4.102676416786427
6542,flow:ventricle:valve1,0.5425425425425416,-4.121458373725746
6543,flow:ventricle:valve1,0.5435435435435441,-4.1399501295581125
6544,flow:ventricle:valve1,0.5445445445445447,-4.158149585545166
6545,flow:ventricle:valve1,0.5455455455455454,-4.176054672835074
6546,flow:ventricle:valve1,0.546546546546546,-4.193663352708928
6547,flow:ventricle:valve1,0.5475475475475466,-4.2109736168241545
6548,flow:ventricle:valve1,0.5485485485485491,-4.227983487456241
6549,flow:ventricle:valve1,0.5495495495495497,-4.244691017737844
6550,flow:ventricle:valve1,0.5505505505505504,-4.261094291895458
6551,flow:ventricle:valve1,0.551551551551551,-4.277191425484185
6552,flow:ventricle:valve1,0.5525525525525516,-4.292980565619372
6553,flow:ventricle:valve1,0.5535535535535541,-4.308459891206336
6554,flow:ventricle:valve1,0.5545545545545547,-4.323627613167337
6555,flow:ventricle:valve1,0.5555555555555554,-4.3384819746658785
6556,flow:ventricle:valve1,0.556556556556556,-4.353021251328954
6557,flow:ventricle:valve1,0.5575575575575566,-4.36724375146595
6558,flow:ventricle:valve1,0.5585585585585591,-4.38114781628549
6559,flow:ventricle:valve1,0.5595595595595597,-4.39442198045028
6560,flow:ventricle:valve1,0.5605605605605604,-4.406700952204166
6561,flow:ventricle:valve1,0.561561561561561,-4.417997284045814
6562,flow:ventricle:valve1,0.5625625625625617,-4.428410651415286
6563,flow:ventricle:valve1,0.5635635635635641,-4.438012206058591
6564,flow:ventricle:valve1,0.5645645645645647,-4.446868281231795
6565,flow:ventricle:valve1,0.5655655655655654,-4.455036945429575
6566,flow:ventricle:valve1,0.566566566566566,-4.462569663219883
6567,flow:ventricle:valve1,0.5675675675675667,-4.469511861104294
6568,flow:ventricle:valve1,0.5685685685685691,-4.4759035955311015
6569,flow:ventricle:valve1,0.5695695695695697,-4.48178011515329
6570,flow:ventricle:valve1,0.5705705705705704,-4.48717236341983
6571,flow:ventricle:valve1,0.571571571571571,-4.492107425406603
6572,flow:ventricle:valve1,0.5725725725725717,-4.496608925362301
6573,flow:ventricle:valve1,0.5735735735735741,-4.500697382009088
6574,flow:ventricle:valve1,0.5745745745745747,-4.504390526477844
6575,flow:ventricle:valve1,0.5755755755755754,-4.507703587888437
6576,flow:ventricle:valve1,0.576576576576576,-4.510649550564806
6577,flow:ventricle:valve1,0.5775775775775767,-4.513239386578573
6578,flow:ventricle:valve1,0.5785785785785791,-4.51548226675732
6579,flow:ventricle:valve1,0.5795795795795797,-4.517385752955995
6580,flow:ventricle:valve1,0.5805805805805804,-4.51895597401982
6581,flow:ventricle:valve1,0.581581581581581,-4.52019778757966
6582,flow:ventricle:valve1,0.5825825825825817,-4.521114929547817
6583,flow:ventricle:valve1,0.5835835835835841,-4.521710152952447
6584,flow:ventricle:valve1,0.5845845845845847,-4.521985357538113
6585,flow:ventricle:valve1,0.5855855855855854,-4.5219417113765035
6586,flow:ventricle:valve1,0.586586586586586,-4.521579765565528
6587,flow:ventricle:valve1,0.5875875875875867,-4.520899562946182
6588,flow:ventricle:valve1,0.5885885885885891,-4.519900741633454
6589,flow:ventricle:valve1,0.5895895895895897,-4.518582634035474
6590,flow:ventricle:valve1,0.5905905905905904,-4.516944361924962
6591,flow:ventricle:valve1,0.591591591591591,-4.514984928026104
6592,flow:ventricle:valve1,0.5925925925925917,-4.512703304486507
6593,flow:ventricle:valve1,0.5935935935935941,-4.510098518519092
6594,flow:ventricle:valve1,0.5945945945945947,-4.507169735418752
6595,flow:ventricle:valve1,0.5955955955955954,-4.503916339085576
6596,flow:ventricle:valve1,0.596596596596596,-4.500338010118029
6597,flow:ventricle:valve1,0.5975975975975967,-4.4964348014758615
6598,flow:ventricle:valve1,0.5985985985985991,-4.4922072116540015
6599,flow:ventricle:valve1,0.5995995995995997,-4.48765625525394
6600,flow:ventricle:valve1,0.6006006006006004,-4.482808836832766
6601,flow:ventricle:valve1,0.601601601601601,-4.478152377822718
6602,flow:ventricle:valve1,0.6026026026026017,-4.473632458354842
6603,flow:ventricle:valve1,0.6036036036036041,-4.469268096777171
6604,flow:ventricle:valve1,0.6046046046046047,-4.465041719047591
6605,flow:ventricle:valve1,0.6056056056056054,-4.4609543703658385
6606,flow:ventricle:valve1,0.606606606606606,-4.4569980578701145
6607,flow:ventricle:valve1,0.6076076076076067,-4.4531695774473485
6608,flow:ventricle:valve1,0.6086086086086091,-4.449463589064392
6609,flow:ventricle:valve1,0.6096096096096097,-4.445876070127105
6610,flow:ventricle:valve1,0.6106106106106104,-4.442402579774087
6611,flow:ventricle:valve1,0.611611611611611,-4.439039118101678
6612,flow:ventricle:valve1,0.6126126126126117,-4.435781688218625
6613,flow:ventricle:valve1,0.6136136136136141,-4.432626507188282
6614,flow:ventricle:valve1,0.6146146146146148,-4.429569892815016
6615,flow:ventricle:valve1,0.6156156156156154,-4.426608312786865
6616,flow:ventricle:valve1,0.616616616616616,-4.423738352908248
6617,flow:ventricle:valve1,0.6176176176176167,-4.420956726046254
6618,flow:ventricle:valve1,0.6186186186186191,-4.41826026096942
6619,flow:ventricle:valve1,0.6196196196196198,-4.415645901480605
6620,flow:ventricle:valve1,0.6206206206206204,-4.4131107006345145
6621,flow:ventricle:valve1,0.621621621621621,-4.410651817636271
6622,flow:ventricle:valve1,0.6226226226226217,-4.408266513614814
6623,flow:ventricle:valve1,0.6236236236236241,-4.405952148166489
6624,flow:ventricle:valve1,0.6246246246246248,-4.403706175713694
6625,flow:ventricle:valve1,0.6256256256256254,-4.401526142148949
6626,flow:ventricle:valve1,0.626626626626626,-4.399409681522292
6627,flow:ventricle:valve1,0.6276276276276267,-4.397354512886334
6628,flow:ventricle:valve1,0.6286286286286291,-4.395358437235381
6629,flow:ventricle:valve1,0.6296296296296298,-4.393419334564222
6630,flow:ventricle:valve1,0.6306306306306304,-4.39153516102775
6631,flow:ventricle:valve1,0.631631631631631,-4.389703946205108
6632,flow:ventricle:valve1,0.6326326326326317,-4.387923790460906
6633,flow:ventricle:valve1,0.6336336336336341,-4.386192862401896
6634,flow:ventricle:valve1,0.6346346346346348,-4.3845093964247255
6635,flow:ventricle:valve1,0.6356356356356354,-4.3828716903519656
6636,flow:ventricle:valve1,0.636636636636636,-4.381278103153037
6637,flow:ventricle:valve1,0.6376376376376367,-4.379727052747029
6638,flow:ventricle:valve1,0.6386386386386391,-4.378217013884515
6639,flow:ventricle:valve1,0.6396396396396398,-4.376746516105441
6640,flow:ventricle:valve1,0.6406406406406404,-4.3753141417704375
6641,flow:ventricle:valve1,0.6416416416416411,-4.373918524162847
6642,flow:ventricle:valve1,0.6426426426426417,-4.372558345658982
6643,flow:ventricle:valve1,0.6436436436436441,-4.371232335964118
6644,flow:ventricle:valve1,0.6446446446446448,-4.369939270411888
6645,flow:ventricle:valve1,0.6456456456456454,-4.3686779683247865
6646,flow:ventricle:valve1,0.6466466466466461,-4.367447291433587
6647,flow:ventricle:valve1,0.6476476476476467,-4.366246142353553
6648,flow:ventricle:valve1,0.6486486486486491,-4.365073463115444
6649,flow:ventricle:valve1,0.6496496496496498,-4.363928233749243
6650,flow:ventricle:valve1,0.6506506506506504,-4.362809470918849
6651,flow:ventricle:valve1,0.6516516516516511,-4.3617162266057825
6652,flow:ventricle:valve1,0.6526526526526517,-4.360647586840228
6653,flow:ventricle:valve1,0.6536536536536541,-4.359602670477643
6654,flow:ventricle:valve1,0.6546546546546548,-4.358580628019363
6655,flow:ventricle:valve1,0.6556556556556554,-4.357580640475559
6656,flow:ventricle:valve1,0.6566566566566561,-4.356601918269082
6657,flow:ventricle:valve1,0.6576576576576567,-4.355643700178682
6658,flow:ventricle:valve1,0.6586586586586591,-4.354705252320195
6659,flow:ventricle:valve1,0.6596596596596598,-4.353785867164366
6660,flow:ventricle:valve1,0.6606606606606604,-4.352884862589947
6661,flow:ventricle:valve1,0.6616616616616611,-4.352001580970822
6662,flow:ventricle:valve1,0.6626626626626617,-4.351135388295952
6663,flow:ventricle:valve1,0.6636636636636641,-4.3502856733209265
6664,flow:ventricle:valve1,0.6646646646646648,-4.349451846750006
6665,flow:ventricle:valve1,0.6656656656656654,-4.348633340447583
6666,flow:ventricle:valve1,0.6666666666666661,-4.347829606677931
6667,flow:ventricle:valve1,0.6676676676676667,-4.347040117372326
6668,flow:ventricle:valve1,0.6686686686686691,-4.346264363422454
6669,flow:ventricle:valve1,0.6696696696696698,-4.345501853999256
6670,flow:ventricle:valve1,0.6706706706706704,-4.34475211589621
6671,flow:ventricle:valve1,0.6716716716716711,-4.344014692896236
6672,flow:ventricle:valve1,0.6726726726726717,-4.3432891451613385
6673,flow:ventricle:valve1,0.6736736736736741,-4.342575048644189
6674,flow:ventricle:valve1,0.6746746746746748,-4.341871994520856
6675,flow:ventricle:valve1,0.6756756756756754,-4.341179588643892
6676,flow:ventricle:valve1,0.6766766766766761,-4.340497451015124
6677,flow:ventricle:valve1,0.6776776776776767,-4.339825215277325
6678,flow:ventricle:valve1,0.6786786786786791,-4.339162528224212
6679,flow:ventricle:valve1,0.6796796796796798,-4.338509049328008
6680,flow:ventricle:valve1,0.6806806806806804,-4.337864450283995
6681,flow:ventricle:valve1,0.6816816816816811,-4.33722841457145
6682,flow:ventricle:valve1,0.6826826826826817,-4.336600637030316
6683,flow:ventricle:valve1,0.6836836836836842,-4.335980823453139
6684,flow:ventricle:valve1,0.6846846846846848,-4.335368690191602
6685,flow:ventricle:valve1,0.6856856856856854,-4.334763963777273
6686,flow:ventricle:valve1,0.6866866866866861,-4.334166380555904
6687,flow:ventricle:valve1,0.6876876876876867,-4.3335756863349335
6688,flow:ventricle:valve1,0.6886886886886892,-4.332991636043612
6689,flow:ventricle:valve1,0.6896896896896898,-4.332413993405372
6690,flow:ventricle:valve1,0.6906906906906904,-4.33184253062193
6691,flow:ventricle:valve1,0.6916916916916911,-4.3312770280687936
6692,flow:ventricle:valve1,0.6926926926926917,-4.330717274001649
6693,flow:ventricle:valve1,0.6936936936936942,-4.330163064273352
6694,flow:ventricle:valve1,0.6946946946946948,-4.329614202061053
6695,flow:ventricle:valve1,0.6956956956956954,-4.329070497603134
6696,flow:ventricle:valve1,0.6966966966966961,-4.328531767945617
6697,flow:ventricle:valve1,0.6976976976976967,-4.327997836697649
6698,flow:ventricle:valve1,0.6986986986986992,-4.3274685337958045
6699,flow:ventricle:valve1,0.6996996996996998,-4.326943695276839
6700,flow:ventricle:valve1,0.7007007007007005,-4.326423163058611
6701,flow:ventricle:valve1,0.7017017017017011,-4.325906784728885
6702,flow:ventricle:valve1,0.7027027027027017,-4.325394413341698
6703,flow:ventricle:valve1,0.7037037037037042,-4.324885907221072
6704,flow:ventricle:valve1,0.7047047047047048,-4.324381129771759
6705,flow:ventricle:valve1,0.7057057057057055,-4.3238799492967965
6706,flow:ventricle:valve1,0.7067067067067061,-4.323382238821603
6707,flow:ventricle:valve1,0.7077077077077067,-4.322887875924417
6708,flow:ventricle:valve1,0.7087087087087092,-4.322396742572805
6709,flow:ventricle:valve1,0.7097097097097098,-4.321908724966055
6710,flow:ventricle:valve1,0.7107107107107105,-4.32142371338323
6711,flow:ventricle:valve1,0.7117117117117111,-4.32094160203668
6712,flow:ventricle:valve1,0.7127127127127117,-4.320462288930826
6713,flow:ventricle:valve1,0.7137137137137142,-4.319985675725989
6714,flow:ventricle:valve1,0.7147147147147148,-4.319511667607149
6715,flow:ventricle:valve1,0.7157157157157155,-4.319040173157396
6716,flow:ventricle:valve1,0.7167167167167161,-4.318571104235925
6717,flow:ventricle:valve1,0.7177177177177168,-4.318104375860431
6718,flow:ventricle:valve1,0.7187187187187192,-4.317639906093711
6719,flow:ventricle:valve1,0.7197197197197198,-4.317177615934352
6720,flow:ventricle:valve1,0.7207207207207205,-4.316717429211338
6721,flow:ventricle:valve1,0.7217217217217211,-4.316259272482456
6722,flow:ventricle:valve1,0.7227227227227218,-4.3158030749363245
6723,flow:ventricle:valve1,0.7237237237237242,-4.315348768297976
6724,flow:ventricle:valve1,0.7247247247247248,-4.314896286737808
6725,flow:ventricle:valve1,0.7257257257257255,-4.314445566783809
6726,flow:ventricle:valve1,0.7267267267267261,-4.313996547236946
6727,flow:ventricle:valve1,0.7277277277277268,-4.31354916908957
6728,flow:ventricle:valve1,0.7287287287287291,-4.313103375446792
6729,flow:ventricle:valve1,0.7297297297297297,-4.312659111450633
6730,flow:ventricle:valve1,0.7307307307307304,-4.312215233095593
6731,flow:ventricle:valve1,0.7317317317317312,-4.31177137656482
6732,flow:ventricle:valve1,0.7327327327327319,-4.311327601338621
6733,flow:ventricle:valve1,0.7337337337337343,-4.310883895125093
6734,flow:ventricle:valve1,0.7347347347347348,-4.310440259992054
6735,flow:ventricle:valve1,0.7357357357357355,-4.309996695140698
6736,flow:ventricle:valve1,0.7367367367367361,-4.309553200350766
6737,flow:ventricle:valve1,0.7377377377377385,-4.309109775291433
6738,flow:ventricle:valve1,0.7387387387387392,-4.308666419659071
6739,flow:ventricle:valve1,0.7397397397397398,-4.308223133149614
6740,flow:ventricle:valve1,0.7407407407407405,-4.3077799154640175
6741,flow:ventricle:valve1,0.7417417417417411,-4.307336766307099
6742,flow:ventricle:valve1,0.7427427427427435,-4.306893685387704
6743,flow:ventricle:valve1,0.7437437437437442,-4.306450672418591
6744,flow:ventricle:valve1,0.7447447447447448,-4.306007727116413
6745,flow:ventricle:valve1,0.7457457457457455,-4.305564849201634
6746,flow:ventricle:valve1,0.7467467467467461,-4.305122038398486
6747,flow:ventricle:valve1,0.7477477477477484,-4.30467929443493
6748,flow:ventricle:valve1,0.7487487487487491,-4.304236617042581
6749,flow:ventricle:valve1,0.7497497497497497,-4.303794005956672
6750,flow:ventricle:valve1,0.7507507507507504,-4.303351460916003
6751,flow:ventricle:valve1,0.7517517517517512,-4.302908981662879
6752,flow:ventricle:valve1,0.7527527527527536,-4.302466567943086
6753,flow:ventricle:valve1,0.7537537537537542,-4.302024219505814
6754,flow:ventricle:valve1,0.7547547547547548,-4.301581936103629
6755,flow:ventricle:valve1,0.7557557557557555,-4.301139717492425
6756,flow:ventricle:valve1,0.7567567567567561,-4.300697563431364
6757,flow:ventricle:valve1,0.7577577577577586,-4.300255473682855
6758,flow:ventricle:valve1,0.7587587587587592,-4.29981344801248
6759,flow:ventricle:valve1,0.7597597597597598,-4.299371486188979
6760,flow:ventricle:valve1,0.7607607607607605,-4.298929587984182
6761,flow:ventricle:valve1,0.7617617617617611,-4.298487753172983
6762,flow:ventricle:valve1,0.7627627627627636,-4.298045981533292
6763,flow:ventricle:valve1,0.7637637637637642,-4.297604272845992
6764,flow:ventricle:valve1,0.7647647647647648,-4.297162626894897
6765,flow:ventricle:valve1,0.7657657657657655,-4.296721043466723
6766,flow:ventricle:valve1,0.766766766766766,-4.29627952235103
6767,flow:ventricle:valve1,0.7677677677677687,-4.295838063340195
6768,flow:ventricle:valve1,0.7687687687687693,-4.295396666229377
6769,flow:ventricle:valve1,0.76976976976977,-4.29495533081646
6770,flow:ventricle:valve1,0.7707707707707706,-4.294514056902039
6771,flow:ventricle:valve1,0.7717717717717713,-4.294072844289367
6772,flow:ventricle:valve1,0.7727727727727736,-4.293631692784324
6773,flow:ventricle:valve1,0.7737737737737742,-4.293190602195381
6774,flow:ventricle:valve1,0.7747747747747749,-4.292749572333557
6775,flow:ventricle:valve1,0.7757757757757755,-4.292308603012405
6776,flow:ventricle:valve1,0.7767767767767761,-4.291867694047946
6777,flow:ventricle:valve1,0.7777777777777786,-4.2914268452586635
6778,flow:ventricle:valve1,0.7787787787787792,-4.290986056465455
6779,flow:ventricle:valve1,0.7797797797797799,-4.290545327491598
6780,flow:ventricle:valve1,0.7807807807807805,-4.290104658162732
6781,flow:ventricle:valve1,0.7817817817817811,-4.289664048306801
6782,flow:ventricle:valve1,0.7827827827827836,-4.289223497754052
6783,flow:ventricle:valve1,0.7837837837837841,-4.288783006336972
6784,flow:ventricle:valve1,0.7847847847847848,-4.288342573890292
6785,flow:ventricle:valve1,0.7857857857857854,-4.287902200250913
6786,flow:ventricle:valve1,0.786786786786786,-4.287461885257926
6787,flow:ventricle:valve1,0.7877877877877887,-4.287021628752538
6788,flow:ventricle:valve1,0.7887887887887893,-4.286581430578075
6789,flow:ventricle:valve1,0.78978978978979,-4.286141290579929
6790,flow:ventricle:valve1,0.7907907907907905,-4.285701208605545
6791,flow:ventricle:valve1,0.7917917917917912,-4.28526118450439
6792,flow:ventricle:valve1,0.7927927927927936,-4.2848212181279175
6793,flow:ventricle:valve1,0.7937937937937942,-4.284381309329556
6794,flow:ventricle:valve1,0.7947947947947949,-4.283941457964663
6795,flow:ventricle:valve1,0.7957957957957955,-4.28350166389051
6796,flow:ventricle:valve1,0.7967967967967962,-4.283061926966261
6797,flow:ventricle:valve1,0.7977977977977986,-4.282622247052927
6798,flow:ventricle:valve1,0.7987987987987992,-4.282182624013368
6799,flow:ventricle:valve1,0.7997997997997999,-4.281743057712238
6800,flow:ventricle:valve1,0.8008008008008005,-4.281303548015988
6801,flow:ventricle:valve1,0.8018018018018012,-4.280864094792824
6802,flow:ventricle:valve1,0.8028028028028035,-4.280424697912683
6803,flow:ventricle:valve1,0.8038038038038041,-4.279985357247224
6804,flow:ventricle:valve1,0.8048048048048048,-4.279546072669786
6805,flow:ventricle:valve1,0.8058058058058054,-4.279106844055378
6806,flow:ventricle:valve1,0.806806806806806,-4.278667671280651
6807,flow:ventricle:valve1,0.8078078078078086,-4.278228554223875
6808,flow:ventricle:valve1,0.8088088088088092,-4.277789492764919
6809,flow:ventricle:valve1,0.8098098098098099,-4.277350486785228
6810,flow:ventricle:valve1,0.8108108108108105,-4.276911536167801
6811,flow:ventricle:valve1,0.8118118118118112,-4.276472640797171
6812,flow:ventricle:valve1,0.8128128128128136,-4.276033800559381
6813,flow:ventricle:valve1,0.8138138138138142,-4.275595015341971
6814,flow:ventricle:valve1,0.8148148148148149,-4.275156285033945
6815,flow:ventricle:valve1,0.8158158158158155,-4.274717609525764
6816,flow:ventricle:valve1,0.8168168168168162,-4.274278988709315
6817,flow:ventricle:valve1,0.8178178178178186,-4.273840422477901
6818,flow:ventricle:valve1,0.8188188188188192,-4.273401910726216
6819,flow:ventricle:valve1,0.8198198198198199,-4.272963453350324
6820,flow:ventricle:valve1,0.8208208208208205,-4.272525050247648
6821,flow:ventricle:valve1,0.8218218218218212,-4.272086701316943
6822,flow:ventricle:valve1,0.8228228228228237,-4.271648406458283
6823,flow:ventricle:valve1,0.8238238238238244,-4.271210165573045
6824,flow:ventricle:valve1,0.824824824824825,-4.270771978563878
6825,flow:ventricle:valve1,0.8258258258258256,-4.270333845334705
6826,flow:ventricle:valve1,0.8268268268268263,-4.269895765790693
6827,flow:ventricle:valve1,0.8278278278278286,-4.269457739838236
6828,flow:ventricle:valve1,0.8288288288288292,-4.269019767384944
6829,flow:ventricle:valve1,0.8298298298298299,-4.268581848339621
6830,flow:ventricle:valve1,0.8308308308308305,-4.268143982612252
6831,flow:ventricle:valve1,0.8318318318318312,-4.267706170113987
6832,flow:ventricle:valve1,0.8328328328328336,-4.267268410757122
6833,flow:ventricle:valve1,0.8338338338338342,-4.266830704455085
6834,flow:ventricle:valve1,0.8348348348348349,-4.266393051122424
6835,flow:ventricle:valve1,0.8358358358358355,-4.265955450674781
6836,flow:ventricle:valve1,0.8368368368368362,-4.265517903028894
6837,flow:ventricle:valve1,0.8378378378378386,-4.265080408102564
6838,flow:ventricle:valve1,0.8388388388388393,-4.264642965814654
6839,flow:ventricle:valve1,0.8398398398398398,-4.264205576085068
6840,flow:ventricle:valve1,0.8408408408408404,-4.263768238834735
6841,flow:ventricle:valve1,0.8418418418418411,-4.2633309539856
6842,flow:ventricle:valve1,0.8428428428428437,-4.262893721460611
6843,flow:ventricle:valve1,0.8438438438438444,-4.262456541183701
6844,flow:ventricle:valve1,0.844844844844845,-4.262019413079769
6845,flow:ventricle:valve1,0.8458458458458455,-4.261582337074685
6846,flow:ventricle:valve1,0.8468468468468462,-4.261145313095256
6847,flow:ventricle:valve1,0.8478478478478486,-4.260708341069227
6848,flow:ventricle:valve1,0.8488488488488493,-4.260271420925264
6849,flow:ventricle:valve1,0.8498498498498499,-4.2598345525929355
6850,flow:ventricle:valve1,0.8508508508508505,-4.259397736002717
6851,flow:ventricle:valve1,0.8518518518518512,-4.258960971085953
6852,flow:ventricle:valve1,0.8528528528528536,-4.258524257774873
6853,flow:ventricle:valve1,0.8538538538538543,-4.258087596002554
6854,flow:ventricle:valve1,0.8548548548548549,-4.25765098570293
6855,flow:ventricle:valve1,0.8558558558558556,-4.257214426810766
6856,flow:ventricle:valve1,0.8568568568568562,-4.256777919261651
6857,flow:ventricle:valve1,0.8578578578578585,-4.2563414629919905
6858,flow:ventricle:valve1,0.8588588588588592,-4.255905057938991
6859,flow:ventricle:valve1,0.8598598598598598,-4.2554687040406485
6860,flow:ventricle:valve1,0.8608608608608604,-4.2550324012357414
6861,flow:ventricle:valve1,0.8618618618618611,-4.254596149463817
6862,flow:ventricle:valve1,0.8628628628628637,-4.254159948665182
6863,flow:ventricle:valve1,0.8638638638638643,-4.2537237987808885
6864,flow:ventricle:valve1,0.8648648648648649,-4.253287699752736
6865,flow:ventricle:valve1,0.8658658658658656,-4.25285165152324
6866,flow:ventricle:valve1,0.8668668668668662,-4.252415654035644
6867,flow:ventricle:valve1,0.8678678678678686,-4.251979707233899
6868,flow:ventricle:valve1,0.8688688688688693,-4.251543811062649
6869,flow:ventricle:valve1,0.8698698698698699,-4.251107965467234
6870,flow:ventricle:valve1,0.8708708708708706,-4.25067217039367
6871,flow:ventricle:valve1,0.8718718718718712,-4.250236425788644
6872,flow:ventricle:valve1,0.8728728728728736,-4.249800731599506
6873,flow:ventricle:valve1,0.8738738738738743,-4.249365087774258
6874,flow:ventricle:valve1,0.8748748748748749,-4.248929494261541
6875,flow:ventricle:valve1,0.8758758758758756,-4.2484939510106425
6876,flow:ventricle:valve1,0.8768768768768762,-4.24805845797146
6877,flow:ventricle:valve1,0.8778778778778785,-4.2476230150945185
6878,flow:ventricle:valve1,0.8788788788788794,-4.247187622330953
6879,flow:ventricle:valve1,0.87987987987988,-4.246752279632492
6880,flow:ventricle:valve1,0.8808808808808807,-4.246316986951462
6881,flow:ventricle:valve1,0.8818818818818813,-4.245881744240771
6882,flow:ventricle:valve1,0.8828828828828836,-4.245446551453907
6883,flow:ventricle:valve1,0.8838838838838843,-4.2450114085449195
6884,flow:ventricle:valve1,0.8848848848848849,-4.244576315468423
6885,flow:ventricle:valve1,0.8858858858858856,-4.24414127217959
6886,flow:ventricle:valve1,0.8868868868868862,-4.243706278634128
6887,flow:ventricle:valve1,0.8878878878878886,-4.2432713347882896
6888,flow:ventricle:valve1,0.8888888888888893,-4.242836440598854
6889,flow:ventricle:valve1,0.8898898898898899,-4.242401596023128
6890,flow:ventricle:valve1,0.8908908908908906,-4.24196680101893
6891,flow:ventricle:valve1,0.8918918918918912,-4.2415320555445915
6892,flow:ventricle:valve1,0.8928928928928936,-4.2410973595589425
6893,flow:ventricle:valve1,0.8938938938938943,-4.24066271302131
6894,flow:ventricle:valve1,0.8948948948948949,-4.2402281158915125
6895,flow:ventricle:valve1,0.8958958958958955,-4.239793568129842
6896,flow:ventricle:valve1,0.8968968968968961,-4.239359069697074
6897,flow:ventricle:valve1,0.8978978978978985,-4.23892462055445
6898,flow:ventricle:valve1,0.8988988988988994,-4.2384902206636745
6899,flow:ventricle:valve1,0.8998998998999,-4.238055869986903
6900,flow:ventricle:valve1,0.9009009009009005,-4.2376215684867455
6901,flow:ventricle:valve1,0.9019019019019012,-4.237187316126257
6902,flow:ventricle:valve1,0.9029029029029036,-4.236753112868926
6903,flow:ventricle:valve1,0.9039039039039043,-4.236318958678673
6904,flow:ventricle:valve1,0.9049049049049048,-4.235884853519846
6905,flow:ventricle:valve1,0.9059059059059056,-4.235450797357215
6906,flow:ventricle:valve1,0.9069069069069062,-4.235016790155955
6907,flow:ventricle:valve1,0.9079079079079087,-4.234582831881664
6908,flow:ventricle:valve1,0.9089089089089091,-4.234148922500324
6909,flow:ventricle:valve1,0.90990990990991,-4.233715061978334
6910,flow:ventricle:valve1,0.9109109109109106,-4.2332812502824675
6911,flow:ventricle:valve1,0.9119119119119112,-4.232847487379898
6912,flow:ventricle:valve1,0.9129129129129137,-4.232413773238172
6913,flow:ventricle:valve1,0.9139139139139144,-4.231980107825217
6914,flow:ventricle:valve1,0.9149149149149148,-4.231546491109325
6915,flow:ventricle:valve1,0.9159159159159157,-4.231112923059162
6916,flow:ventricle:valve1,0.9169169169169161,-4.230679403643748
6917,flow:ventricle:valve1,0.9179179179179188,-4.23024593283246
6918,flow:ventricle:valve1,0.9189189189189192,-4.229812510595033
6919,flow:ventricle:valve1,0.91991991991992,-4.229379136901536
6920,flow:ventricle:valve1,0.9209209209209205,-4.228945811722391
6921,flow:ventricle:valve1,0.9219219219219212,-4.228512535028349
6922,flow:ventricle:valve1,0.9229229229229237,-4.228079306790496
6923,flow:ventricle:valve1,0.9239239239239245,-4.2276461269802486
6924,flow:ventricle:valve1,0.9249249249249248,-4.2272129955693405
6925,flow:ventricle:valve1,0.9259259259259256,-4.226779912529826
6926,flow:ventricle:valve1,0.9269269269269262,-4.22634687783408
6927,flow:ventricle:valve1,0.9279279279279287,-4.225913891454777
6928,flow:ventricle:valve1,0.9289289289289293,-4.225480953364906
6929,flow:ventricle:valve1,0.9299299299299301,-4.225048063537753
6930,flow:ventricle:valve1,0.9309309309309306,-4.224615221946905
6931,flow:ventricle:valve1,0.9319319319319312,-4.2241824285662375
6932,flow:ventricle:valve1,0.9329329329329336,-4.223749683369921
6933,flow:ventricle:valve1,0.9339339339339344,-4.22331698633241
6934,flow:ventricle:valve1,0.9349349349349348,-4.222884337428432
6935,flow:ventricle:valve1,0.9359359359359357,-4.222451736633011
6936,flow:ventricle:valve1,0.9369369369369364,-4.222019183921422
6937,flow:ventricle:valve1,0.9379379379379387,-4.221586679269232
6938,flow:ventricle:valve1,0.9389389389389392,-4.22115422265226
6939,flow:ventricle:valve1,0.93993993993994,-4.22072181404659
6940,flow:ventricle:valve1,0.9409409409409406,-4.220289453428572
6941,flow:ventricle:valve1,0.9419419419419413,-4.219857140774803
6942,flow:ventricle:valve1,0.9429429429429437,-4.219424876062142
6943,flow:ventricle:valve1,0.9439439439439444,-4.218992659267684
6944,flow:ventricle:valve1,0.9449449449449449,-4.2185604903687866
6945,flow:ventricle:valve1,0.9459459459459456,-4.218128369343029
6946,flow:ventricle:valve1,0.9469469469469463,-4.217696296168246
6947,flow:ventricle:valve1,0.9479479479479487,-4.2172642708225
6948,flow:ventricle:valve1,0.9489489489489493,-4.216832293284086
6949,flow:ventricle:valve1,0.9499499499499501,-4.216400363531531
6950,flow:ventricle:valve1,0.9509509509509506,-4.215968481543587
6951,flow:ventricle:valve1,0.9519519519519511,-4.215536647299224
6952,flow:ventricle:valve1,0.9529529529529536,-4.215104860777641
6953,flow:ventricle:valve1,0.9539539539539544,-4.214673121958246
6954,flow:ventricle:valve1,0.9549549549549549,-4.214241430820662
6955,flow:ventricle:valve1,0.9559559559559557,-4.213809787344727
6956,flow:ventricle:valve1,0.9569569569569564,-4.213378191510484
6957,flow:ventricle:valve1,0.9579579579579587,-4.2129466432981815
6958,flow:ventricle:valve1,0.9589589589589592,-4.212515142688271
6959,flow:ventricle:valve1,0.95995995995996,-4.212083689661402
6960,flow:ventricle:valve1,0.9609609609609606,-4.211652284198425
6961,flow:ventricle:valve1,0.9619619619619613,-4.211220926280376
6962,flow:ventricle:valve1,0.9629629629629637,-4.210789615888495
6963,flow:ventricle:valve1,0.9639639639639644,-4.210358353004201
6964,flow:ventricle:valve1,0.9649649649649648,-4.209927137609104
6965,flow:ventricle:valve1,0.9659659659659656,-4.209495969684994
6966,flow:ventricle:valve1,0.9669669669669663,-4.209064849213852
6967,flow:ventricle:valve1,0.9679679679679687,-4.2086337761778205
6968,flow:ventricle:valve1,0.9689689689689693,-4.208202750559235
6969,flow:ventricle:valve1,0.9699699699699701,-4.2077717723406
6970,flow:ventricle:valve1,0.9709709709709705,-4.207340841504585
6971,flow:ventricle:valve1,0.9719719719719712,-4.206909958034038
6972,flow:ventricle:valve1,0.9729729729729738,-4.206479121911969
6973,flow:ventricle:valve1,0.9739739739739744,-4.2060483331215535
6974,flow:ventricle:valve1,0.9749749749749749,-4.20561759164613
6975,flow:ventricle:valve1,0.9759759759759756,-4.205186897469195
6976,flow:ventricle:valve1,0.9769769769769763,-4.204756250574407
6977,flow:ventricle:valve1,0.9779779779779789,-4.204325650945577
6978,flow:ventricle:valve1,0.9789789789789792,-4.203895098566672
6979,flow:ventricle:valve1,0.9799799799799802,-4.203464593421806
6980,flow:ventricle:valve1,0.9809809809809806,-4.203034135495253
6981,flow:ventricle:valve1,0.9819819819819813,-4.202603724771422
6982,flow:ventricle:valve1,0.9829829829829837,-4.202173361234875
6983,flow:ventricle:valve1,0.9839839839839845,-4.201743044870317
6984,flow:ventricle:valve1,0.984984984984985,-4.201312775662589
6985,flow:ventricle:valve1,0.9859859859859856,-4.2008825535966805
6986,flow:ventricle:valve1,0.9869869869869863,-4.200452378657714
6987,flow:ventricle:valve1,0.9879879879879888,-4.200022250830946
6988,flow:ventricle:valve1,0.9889889889889892,-4.19959217010177
6989,flow:ventricle:valve1,0.9899899899899901,-4.199162136455709
6990,flow:ventricle:valve1,0.9909909909909907,-4.198732149878421
6991,flow:ventricle:valve1,0.9919919919919914,-4.198302210355688
6992,flow:ventricle:valve1,0.9929929929929936,-4.197872317873424
6993,flow:ventricle:valve1,0.9939939939939944,-4.197442472417657
6994,flow:ventricle:valve1,0.994994994994995,-4.197012673974554
6995,flow:ventricle:valve1,0.9959959959959956,-4.196582922530392
6996,flow:ventricle:valve1,0.9969969969969963,-4.196153218071572
6997,flow:ventricle:valve1,0.9979979979979989,-4.195723560584614
6998,flow:ventricle:valve1,0.9989989989989992,-4.195293950056155
6999,flow:ventricle:valve1,1.0,-4.194864386472944
7000,pressure:ventricle:valve1,0.0,5401.55033177857
7001,pressure:ventricle:valve1,0.0010010010010006454,5401.80074330363
7002,pressure:ventricle:valve1,0.0020020020020012907,5402.051126894581
7003,pressure:ventricle:valve1,0.0030030030030037125,5402.301482554464
7004,pressure:ventricle:valve1,0.004004004004004358,5402.551810286351
7005,pressure:ventricle:valve1,0.005005005005005003,5402.802110093282
7006,pressure:ventricle:valve1,0.006006006006005649,5403.052381978323
7007,pressure:ventricle:valve1,0.007007007007006294,5403.302625944522
7008,pressure:ventricle:valve1,0.008008008008008716,5403.5528419949405
7009,pressure:ventricle:valve1,0.00900900900900936,5403.803030132618
7010,pressure:ventricle:valve1,0.010010010010010006,5404.053190360616
7011,pressure:ventricle:valve1,0.011011011011010652,5404.303322681984
7012,pressure:ventricle:valve1,0.012012012012011295,5404.55342709977
7013,pressure:ventricle:valve1,0.01301301301301372,5404.80350361702
7014,pressure:ventricle:valve1,0.014014014014014364,5405.053552236792
7015,pressure:ventricle:valve1,0.01501501501501501,5405.303572962123
7016,pressure:ventricle:valve1,0.016016016016015655,5405.553565796067
7017,pressure:ventricle:valve1,0.0170170170170163,5405.803530741669
7018,pressure:ventricle:valve1,0.01801801801801872,5406.053467801976
7019,pressure:ventricle:valve1,0.019019019019019368,5406.3033769800295
7020,pressure:ventricle:valve1,0.020020020020020013,5406.553258278881
7021,pressure:ventricle:valve1,0.021021021021020655,5406.803111701562
7022,pressure:ventricle:valve1,0.022022022022021304,5407.0529372511255
7023,pressure:ventricle:valve1,0.023023023023023725,5407.302734930607
7024,pressure:ventricle:valve1,0.02402402402402437,5407.552504743052
7025,pressure:ventricle:valve1,0.025025025025025016,5407.802246691502
7026,pressure:ventricle:valve1,0.026026026026025665,5408.051960778996
7027,pressure:ventricle:valve1,0.027027027027026307,5408.301647008572
7028,pressure:ventricle:valve1,0.02802802802802873,5408.551305383268
7029,pressure:ventricle:valve1,0.029029029029029377,5408.800935906125
7030,pressure:ventricle:valve1,0.03003003003003002,5409.050538580176
7031,pressure:ventricle:valve1,0.031031031031030665,5409.300113408466
7032,pressure:ventricle:valve1,0.03203203203203131,5409.549660394019
7033,pressure:ventricle:valve1,0.03303303303303373,5409.799179539883
7034,pressure:ventricle:valve1,0.03403403403403438,5410.048670849085
7035,pressure:ventricle:valve1,0.03503503503503502,5410.298134324659
7036,pressure:ventricle:valve1,0.03603603603603566,5410.547569969644
7037,pressure:ventricle:valve1,0.03703703703703631,5410.796977787064
7038,pressure:ventricle:valve1,0.038038038038038735,5411.04635777996
7039,pressure:ventricle:valve1,0.039039039039039374,5411.29570995136
7040,pressure:ventricle:valve1,0.040040040040040026,5411.545034304295
7041,pressure:ventricle:valve1,0.04104104104104067,5411.794330841794
7042,pressure:ventricle:valve1,0.04204204204204132,5412.04359956689
7043,pressure:ventricle:valve1,0.04304304304304374,5412.292840482609
7044,pressure:ventricle:valve1,0.044044044044044384,5412.542053591979
7045,pressure:ventricle:valve1,0.04504504504504503,5412.791238898035
7046,pressure:ventricle:valve1,0.046046046046045674,5413.040396403798
7047,pressure:ventricle:valve1,0.04704704704704632,5413.289526112291
7048,pressure:ventricle:valve1,0.04804804804804874,5413.538628026553
7049,pressure:ventricle:valve1,0.04904904904904939,5413.787702149595
7050,pressure:ventricle:valve1,0.05005005005005003,5414.036748484451
7051,pressure:ventricle:valve1,0.05105105105105068,5414.2857670341455
7052,pressure:ventricle:valve1,0.05205205205205132,5414.534757801698
7053,pressure:ventricle:valve1,0.053053053053053745,5414.783720790132
7054,pressure:ventricle:valve1,0.05405405405405439,5415.032656002472
7055,pressure:ventricle:valve1,0.05505505505505503,5415.281563441746
7056,pressure:ventricle:valve1,0.05605605605605568,5415.530443110963
7057,pressure:ventricle:valve1,0.057057057057056326,5415.779295013157
7058,pressure:ventricle:valve1,0.058058058058058755,5416.028119151339
7059,pressure:ventricle:valve1,0.05905905905905939,5416.276915528529
7060,pressure:ventricle:valve1,0.06006006006006004,5416.525684147757
7061,pressure:ventricle:valve1,0.06106106106106069,5416.774425012027
7062,pressure:ventricle:valve1,0.06206206206206133,5417.023138124368
7063,pressure:ventricle:valve1,0.06306306306306375,5417.271823487795
7064,pressure:ventricle:valve1,0.0640640640640644,5417.520481105325
7065,pressure:ventricle:valve1,0.06506506506506504,5417.769110979973
7066,pressure:ventricle:valve1,0.06606606606606569,5418.0177131147575
7067,pressure:ventricle:valve1,0.06706706706706633,5418.266287512693
7068,pressure:ventricle:valve1,0.06806806806806875,5418.514834176798
7069,pressure:ventricle:valve1,0.0690690690690694,5418.763353110078
7070,pressure:ventricle:valve1,0.07007007007007005,5419.011844315558
7071,pressure:ventricle:valve1,0.07107107107107069,5419.260307796243
7072,pressure:ventricle:valve1,0.07207207207207132,5419.508743555152
7073,pressure:ventricle:valve1,0.07307307307307376,5419.757151595295
7074,pressure:ventricle:valve1,0.0740740740740744,5420.005531919682
7075,pressure:ventricle:valve1,0.07507507507507503,5420.253884531331
7076,pressure:ventricle:valve1,0.0760760760760757,5420.502209433243
7077,pressure:ventricle:valve1,0.07707707707707634,5420.7505066284375
7078,pressure:ventricle:valve1,0.07807807807807877,5420.998776119921
7079,pressure:ventricle:valve1,0.0790790790790794,5421.247017910703
7080,pressure:ventricle:valve1,0.08008008008008005,5421.495232003791
7081,pressure:ventricle:valve1,0.08108108108108071,5421.743418402198
7082,pressure:ventricle:valve1,0.08208208208208134,5421.991577108928
7083,pressure:ventricle:valve1,0.08308308308308376,5422.23970812699
7084,pressure:ventricle:valve1,0.08408408408408441,5422.487811459394
7085,pressure:ventricle:valve1,0.08508508508508505,5422.73588710914
7086,pressure:ventricle:valve1,0.0860860860860857,5422.983935079239
7087,pressure:ventricle:valve1,0.08708708708708635,5423.231955372693
7088,pressure:ventricle:valve1,0.08808808808808877,5423.479947992516
7089,pressure:ventricle:valve1,0.08908908908908941,5423.727912941698
7090,pressure:ventricle:valve1,0.09009009009009004,5423.97585022326
7091,pressure:ventricle:valve1,0.0910910910910907,5424.223759840191
7092,pressure:ventricle:valve1,0.09209209209209135,5424.4716417955015
7093,pressure:ventricle:valve1,0.09309309309309376,5424.719496092194
7094,pressure:ventricle:valve1,0.0940940940940944,5424.967322733271
7095,pressure:ventricle:valve1,0.09509509509509506,5425.215121721733
7096,pressure:ventricle:valve1,0.0960960960960957,5425.462893060584
7097,pressure:ventricle:valve1,0.09709709709709637,5425.710636752822
7098,pressure:ventricle:valve1,0.09809809809809877,5425.958352801447
7099,pressure:ventricle:valve1,0.0990990990990994,5426.206041209463
7100,pressure:ventricle:valve1,0.10010010010010006,5426.453701979867
7101,pressure:ventricle:valve1,0.10110110110110072,5430.5888377099745
7102,pressure:ventricle:valve1,0.10210210210210136,5445.6476977559905
7103,pressure:ventricle:valve1,0.10310310310310378,5468.469671589924
7104,pressure:ventricle:valve1,0.10410410410410442,5500.629210194122
7105,pressure:ventricle:valve1,0.10510510510510508,5541.32995471879
7106,pressure:ventricle:valve1,0.10610610610610571,5590.9576688951265
7107,pressure:ventricle:valve1,0.10710710710710636,5649.303772008859
7108,pressure:ventricle:valve1,0.10810810810810878,5716.453572103311
7109,pressure:ventricle:valve1,0.10910910910910944,5792.342149970086
7110,pressure:ventricle:valve1,0.11011011011011008,5876.976418573415
7111,pressure:ventricle:valve1,0.11111111111111072,5970.324095607967
7112,pressure:ventricle:valve1,0.11211211211211136,6072.369220336849
7113,pressure:ventricle:valve1,0.11311311311311378,6183.084399143641
7114,pressure:ventricle:valve1,0.11411411411411444,6302.444687583953
7115,pressure:ventricle:valve1,0.11511511511511507,6430.42065504495
7116,pressure:ventricle:valve1,0.11611611611611572,6566.981858966417
7117,pressure:ventricle:valve1,0.11711711711711636,6712.095115142683
7118,pressure:ventricle:valve1,0.1181181181181188,6865.7253708527305
7119,pressure:ventricle:valve1,0.11911911911911945,7027.835277445445
7120,pressure:ventricle:valve1,0.12012012012012008,7198.385414065901
7121,pressure:ventricle:valve1,0.12112112112112072,7377.334186687638
7122,pressure:ventricle:valve1,0.12212212212212135,7564.6378903610575
7123,pressure:ventricle:valve1,0.1231231231231238,7760.250690730083
7124,pressure:ventricle:valve1,0.12412412412412444,7964.124646789544
7125,pressure:ventricle:valve1,0.12512512512512508,8176.209713894543
7126,pressure:ventricle:valve1,0.12612612612612573,8396.453757524092
7127,pressure:ventricle:valve1,0.12712712712712637,8624.802562536881
7128,pressure:ventricle:valve1,0.1281281281281288,8861.199845557507
7129,pressure:ventricle:valve1,0.12912912912912944,9105.58726667049
7130,pressure:ventricle:valve1,0.13013013013013008,9357.90444232868
7131,pressure:ventricle:valve1,0.13113113113113073,9618.088958530894
7132,pressure:ventricle:valve1,0.13213213213213135,9886.076384726399
7133,pressure:ventricle:valve1,0.1331331331331338,10161.800288224877
7134,pressure:ventricle:valve1,0.13413413413413444,10445.192249216729
7135,pressure:ventricle:valve1,0.1351351351351351,10736.1818763445
7136,pressure:ventricle:valve1,0.13613613613613573,11034.696822863025
7137,pressure:ventricle:valve1,0.13713713713713638,11340.662803350831
7138,pressure:ventricle:valve1,0.1381381381381388,11654.003610998783
7139,pressure:ventricle:valve1,0.13913913913913944,11974.641135455
7140,pressure:ventricle:valve1,0.1401401401401401,12302.495381227576
7141,pressure:ventricle:valve1,0.14114114114114074,12637.484486652069
7142,pressure:ventricle:valve1,0.14214214214214138,12979.524743397866
7143,pressure:ventricle:valve1,0.1431431431431438,13328.53061653358
7144,pressure:ventricle:valve1,0.14414414414414445,13684.414765131034
7145,pressure:ventricle:valve1,0.1451451451451451,14047.088063407007
7146,pressure:ventricle:valve1,0.14614614614614574,14416.459622410466
7147,pressure:ventricle:valve1,0.14714714714714638,14792.436812225656
7148,pressure:ventricle:valve1,0.1481481481481488,15174.925284712412
7149,pressure:ventricle:valve1,0.14914914914914945,15563.828996760818
7150,pressure:ventricle:valve1,0.1501501501501501,15959.05023405811
7151,pressure:ventricle:valve1,0.15115115115115074,16360.4896353761
7152,pressure:ventricle:valve1,0.1521521521521514,16768.046217345527
7153,pressure:ventricle:valve1,0.1531531531531538,17181.617399740422
7154,pressure:ventricle:valve1,0.15415415415415443,17601.099031246555
7155,pressure:ventricle:valve1,0.1551551551551551,18026.385415711364
7156,pressure:ventricle:valve1,0.15615615615615577,18457.369338883425
7157,pressure:ventricle:valve1,0.1571571571571564,18893.94209560459
7158,pressure:ventricle:valve1,0.1581581581581588,19335.9935174793
7159,pressure:ventricle:valve1,0.15915915915915946,19783.4120009921
7160,pressure:ventricle:valve1,0.1601601601601601,20236.08453607068
7161,pressure:ventricle:valve1,0.16116116116116075,20693.896735101553
7162,pressure:ventricle:valve1,0.1621621621621614,21156.73286235935
7163,pressure:ventricle:valve1,0.16316316316316382,21624.4758638747
7164,pressure:ventricle:valve1,0.16416416416416446,22097.007397709447
7165,pressure:ventricle:valve1,0.1651651651651651,22574.207864635853
7166,pressure:ventricle:valve1,0.16616616616616575,23055.956439227008
7167,pressure:ventricle:valve1,0.1671671671671664,23542.13110131619
7168,pressure:ventricle:valve1,0.16816816816816882,24032.608667851353
7169,pressure:ventricle:valve1,0.16916916916916946,24527.264825111448
7170,pressure:ventricle:valve1,0.1701701701701701,25025.974161280166
7171,pressure:ventricle:valve1,0.17117117117117076,25528.6101993846
7172,pressure:ventricle:valve1,0.1721721721721714,26035.0454305536
7173,pressure:ventricle:valve1,0.17317317317317382,26545.151347623698
7174,pressure:ventricle:valve1,0.17417417417417447,27058.79847905591
7175,pressure:ventricle:valve1,0.1751751751751751,27575.856423160163
7176,pressure:ventricle:valve1,0.17617617617617576,28096.193882633073
7177,pressure:ventricle:valve1,0.1771771771771764,28619.678699363027
7178,pressure:ventricle:valve1,0.17817817817817885,29146.177889529925
7179,pressure:ventricle:valve1,0.17917917917917947,29675.55767896256
7180,pressure:ventricle:valve1,0.18018018018018012,30207.68353874828
7181,pressure:ventricle:valve1,0.18118118118118076,30742.42022110214
7182,pressure:ventricle:valve1,0.1821821821821814,31279.631795446418
7183,pressure:ventricle:valve1,0.18318318318318383,31819.18168472928
7184,pressure:ventricle:valve1,0.18418418418418447,32360.93270194341
7185,pressure:ventricle:valve1,0.18518518518518512,32904.74708683985
7186,pressure:ventricle:valve1,0.18618618618618576,33449.182902183675
7187,pressure:ventricle:valve1,0.1871871871871864,33993.35004339916
7188,pressure:ventricle:valve1,0.18818818818818883,34537.01007632232
7189,pressure:ventricle:valve1,0.18918918918918948,35079.930388241635
7190,pressure:ventricle:valve1,0.19019019019019012,35621.87755105406
7191,pressure:ventricle:valve1,0.19119119119119077,36162.6189090796
7192,pressure:ventricle:valve1,0.1921921921921914,36701.922476651736
7193,pressure:ventricle:valve1,0.19319319319319384,37239.55718779219
7194,pressure:ventricle:valve1,0.19419419419419448,37775.29306828475
7195,pressure:ventricle:valve1,0.19519519519519513,38308.90142444417
7196,pressure:ventricle:valve1,0.19619619619619577,38840.15502545992
7197,pressure:ventricle:valve1,0.1971971971971964,39368.82828551984
7198,pressure:ventricle:valve1,0.19819819819819884,39894.69744326389
7199,pressure:ventricle:valve1,0.19919919919919948,40417.540739214506
7200,pressure:ventricle:valve1,0.20020020020020013,40937.138590532304
7201,pressure:ventricle:valve1,0.20120120120120075,41453.27376308195
7202,pressure:ventricle:valve1,0.20220220220220145,41965.73154044042
7203,pressure:ventricle:valve1,0.20320320320320384,42474.299889713824
7204,pressure:ventricle:valve1,0.2042042042042045,42978.76962389248
7205,pressure:ventricle:valve1,0.20520520520520513,43478.934560550384
7206,pressure:ventricle:valve1,0.20620620620620575,43974.59167669738
7207,pressure:ventricle:valve1,0.2072072072072064,44465.54125955015
7208,pressure:ventricle:valve1,0.20820820820820884,44951.58705307193
7209,pressure:ventricle:valve1,0.2092092092092095,45432.536400071185
7210,pressure:ventricle:valve1,0.21021021021021016,45908.20037969165
7211,pressure:ventricle:valve1,0.2112112112112108,46378.393940147595
7212,pressure:ventricle:valve1,0.21221221221221143,46842.936026508265
7213,pressure:ventricle:valve1,0.21321321321321385,47301.64970342638
7214,pressure:ventricle:valve1,0.2142142142142145,47754.36227264417
7215,pressure:ventricle:valve1,0.2152152152152151,48200.905385155704
7216,pressure:ventricle:valve1,0.21621621621621576,48641.11514792477
7217,pressure:ventricle:valve1,0.21721721721721643,49074.83222501228
7218,pressure:ventricle:valve1,0.21821821821821885,49501.90193305536
7219,pressure:ventricle:valve1,0.21921921921921952,49922.174330981434
7220,pressure:ventricle:valve1,0.22022022022022017,50335.50430388758
7221,pressure:ventricle:valve1,0.2212212212212208,50741.75164103413
7222,pressure:ventricle:valve1,0.22222222222222143,51140.781107859235
7223,pressure:ventricle:valve1,0.22322322322322383,51532.46251200716
7224,pressure:ventricle:valve1,0.22422422422422447,51916.67076330696
7225,pressure:ventricle:valve1,0.22522522522522517,52293.28592768334
7226,pressure:ventricle:valve1,0.2262262262262258,52662.19327500043
7227,pressure:ventricle:valve1,0.22722722722722644,53023.2833207985
7228,pressure:ventricle:valve1,0.22822822822822889,53376.451861966816
7229,pressure:ventricle:valve1,0.22922922922922953,53721.60000634143
7230,pressure:ventricle:valve1,0.23023023023023015,54058.6341962606
7231,pressure:ventricle:valve1,0.2312312312312308,54387.466226127995
7232,pressure:ventricle:valve1,0.23223223223223144,54708.0132539947
7233,pressure:ventricle:valve1,0.23323323323323383,55020.197807250326
7234,pressure:ventricle:valve1,0.2342342342342345,55323.94778246118
7235,pressure:ventricle:valve1,0.23523523523523515,55619.19643943441
7236,pressure:ventricle:valve1,0.2362362362362358,55905.882389602666
7237,pressure:ventricle:valve1,0.23723723723723644,56183.94957878764
7238,pressure:ventricle:valve1,0.2382382382382389,56453.347264472744
7239,pressure:ventricle:valve1,0.2392392392392395,56714.02998766645
7240,pressure:ventricle:valve1,0.24024024024024015,56965.95753947512
7241,pressure:ventricle:valve1,0.2412412412412408,57209.094922517885
7242,pressure:ventricle:valve1,0.24224224224224145,57443.41230728023
7243,pressure:ventricle:valve1,0.24324324324324387,57668.884983570766
7244,pressure:ventricle:valve1,0.2442442442442445,57885.493307197445
7245,pressure:ventricle:valve1,0.24524524524524516,58093.22264201366
7246,pressure:ventricle:valve1,0.2462462462462458,58292.063297496185
7247,pressure:ventricle:valve1,0.24724724724724645,58482.0104619818
7248,pressure:ventricle:valve1,0.24824824824824887,58663.06413175129
7249,pressure:ventricle:valve1,0.24924924924924952,58835.22903610338
7250,pressure:ventricle:valve1,0.25025025025025016,58998.51455859106
7251,pressure:ventricle:valve1,0.2512512512512508,59152.9346546015
7252,pressure:ventricle:valve1,0.25225225225225145,59298.50776542859
7253,pressure:ventricle:valve1,0.2532532532532539,59435.25672903926
7254,pressure:ventricle:valve1,0.2542542542542545,59563.208687694474
7255,pressure:ventricle:valve1,0.25525525525525516,59682.39499260808
7256,pressure:ventricle:valve1,0.2562562562562558,59792.851105836125
7257,pressure:ventricle:valve1,0.25725725725725646,59894.61649955542
7258,pressure:ventricle:valve1,0.2582582582582589,59987.734552938135
7259,pressure:ventricle:valve1,0.2592592592592595,60072.25244678971
7260,pressure:ventricle:valve1,0.26026026026026017,60148.2210561364
7261,pressure:ventricle:valve1,0.2612612612612608,60215.69484095524
7262,pressure:ventricle:valve1,0.26226226226226146,60274.731735207126
7263,pressure:ventricle:valve1,0.2632632632632639,60325.3930343759
7264,pressure:ventricle:valve1,0.2642642642642645,60367.74328167793
7265,pressure:ventricle:valve1,0.26526526526526517,60401.85015312321
7266,pressure:ventricle:valve1,0.2662662662662658,60427.7843416126
7267,pressure:ventricle:valve1,0.26726726726726646,60445.61944022533
7268,pressure:ventricle:valve1,0.2682682682682689,60455.43182488799
7269,pressure:ventricle:valve1,0.26926926926926953,60457.300536578856
7270,pressure:ventricle:valve1,0.2702702702702702,60451.30716323617
7271,pressure:ventricle:valve1,0.2712712712712708,60437.53572153871
7272,pressure:ventricle:valve1,0.27227227227227146,60416.07253870168
7273,pressure:ventricle:valve1,0.2732732732732739,60387.00613445784
7274,pressure:ventricle:valve1,0.27427427427427453,60350.42710336354
7275,pressure:ventricle:valve1,0.2752752752752752,60306.427997578685
7276,pressure:ventricle:valve1,0.2762762762762758,60255.10321026806
7277,pressure:ventricle:valve1,0.27727727727727647,60196.54885974916
7278,pressure:ventricle:valve1,0.2782782782782789,60130.8626745328
7279,pressure:ventricle:valve1,0.27927927927927954,60058.14387937524
7280,pressure:ventricle:valve1,0.2802802802802802,59978.49308246846
7281,pressure:ventricle:valve1,0.2812812812812808,59892.01216389099
7282,pressure:ventricle:valve1,0.28228228228228147,59798.80416542301
7283,pressure:ventricle:valve1,0.2832832832832839,59698.973181845584
7284,pressure:ventricle:valve1,0.28428428428428454,59592.62425381892
7285,pressure:ventricle:valve1,0.2852852852852852,59479.86326244151
7286,pressure:ventricle:valve1,0.28628628628628583,59360.79682558554
7287,pressure:ventricle:valve1,0.2872872872872865,59235.53219608957
7288,pressure:ventricle:valve1,0.2882882882882889,59104.177161899366
7289,pressure:ventricle:valve1,0.28928928928928954,58966.83994822881
7290,pressure:ventricle:valve1,0.2902902902902902,58823.62912181497
7291,pressure:ventricle:valve1,0.29129129129129083,58674.653497337385
7292,pressure:ventricle:valve1,0.2922922922922915,58520.02204605813
7293,pressure:ventricle:valve1,0.2932932932932939,58359.84380674566
7294,pressure:ventricle:valve1,0.29429429429429455,58194.227798930806
7295,pressure:ventricle:valve1,0.2952952952952952,58023.28293854406
7296,pressure:ventricle:valve1,0.29629629629629584,57847.1179559765
7297,pressure:ventricle:valve1,0.2972972972972965,57665.8413166008
7298,pressure:ventricle:valve1,0.2982982982982989,57479.561143787214
7299,pressure:ventricle:valve1,0.29929929929929955,57288.38514444151
7300,pressure:ventricle:valve1,0.3003003003003002,57092.420537089936
7301,pressure:ventricle:valve1,0.30130130130130084,56894.31007244896
7302,pressure:ventricle:valve1,0.3023023023023015,56695.72313338067
7303,pressure:ventricle:valve1,0.3033033033033039,56495.88382471987
7304,pressure:ventricle:valve1,0.30430430430430455,56295.23396983172
7305,pressure:ventricle:valve1,0.3053053053053052,56093.60585552932
7306,pressure:ventricle:valve1,0.30630630630630584,55891.135618074266
7307,pressure:ventricle:valve1,0.3073073073073065,55687.806594187656
7308,pressure:ventricle:valve1,0.3083083083083089,55483.67763321602
7309,pressure:ventricle:valve1,0.30930930930930955,55278.768940604365
7310,pressure:ventricle:valve1,0.3103103103103102,55073.11915397207
7311,pressure:ventricle:valve1,0.31131131131131085,54866.756803848904
7312,pressure:ventricle:valve1,0.3123123123123115,54659.714582490975
7313,pressure:ventricle:valve1,0.3133133133133139,54452.022209162395
7314,pressure:ventricle:valve1,0.31431431431431456,54243.709997657475
7315,pressure:ventricle:valve1,0.3153153153153152,54034.8070731692
7316,pressure:ventricle:valve1,0.31631631631631585,53825.34226493786
7317,pressure:ventricle:valve1,0.3173173173173165,53615.34366145311
7318,pressure:ventricle:valve1,0.3183183183183189,53404.83883481033
7319,pressure:ventricle:valve1,0.31931931931931956,53193.85473090974
7320,pressure:ventricle:valve1,0.3203203203203202,52982.41772714299
7321,pressure:ventricle:valve1,0.32132132132132085,52770.55360673183
7322,pressure:ventricle:valve1,0.3223223223223215,52558.2875751278
7323,pressure:ventricle:valve1,0.3233233233233239,52345.64425575475
7324,pressure:ventricle:valve1,0.32432432432432456,52132.647696442895
7325,pressure:ventricle:valve1,0.3253253253253252,51919.321370869664
7326,pressure:ventricle:valve1,0.32632632632632586,51705.688182835715
7327,pressure:ventricle:valve1,0.3273273273273265,51491.77046945465
7328,pressure:ventricle:valve1,0.3283283283283289,51277.59000520311
7329,pressure:ventricle:valve1,0.32932932932932957,51063.16800584796
7330,pressure:ventricle:valve1,0.3303303303303302,50848.52513273253
7331,pressure:ventricle:valve1,0.33133133133133086,50633.68149716698
7332,pressure:ventricle:valve1,0.3323323323323315,50418.65666504389
7333,pressure:ventricle:valve1,0.3333333333333339,50203.469661604526
7334,pressure:ventricle:valve1,0.33433433433433457,49988.13897638445
7335,pressure:ventricle:valve1,0.3353353353353352,49772.682568314194
7336,pressure:ventricle:valve1,0.33633633633633586,49557.11787097433
7337,pressure:ventricle:valve1,0.3373373373373365,49341.461797999575
7338,pressure:ventricle:valve1,0.33833833833833893,49125.73074862124
7339,pressure:ventricle:valve1,0.3393393393393396,48909.94061334529
7340,pressure:ventricle:valve1,0.3403403403403402,48694.10677975884
7341,pressure:ventricle:valve1,0.34134134134134086,48478.24413845566
7342,pressure:ventricle:valve1,0.3423423423423415,48262.367089081315
7343,pressure:ventricle:valve1,0.34334334334334393,48046.489546484925
7344,pressure:ventricle:valve1,0.3443443443443446,47830.62494697666
7345,pressure:ventricle:valve1,0.3453453453453452,47614.786254683466
7346,pressure:ventricle:valve1,0.34634634634634587,47398.985967995424
7347,pressure:ventricle:valve1,0.3473473473473465,47183.236126102514
7348,pressure:ventricle:valve1,0.34834834834834894,46967.54831561081
7349,pressure:ventricle:valve1,0.3493493493493496,46751.93367723605
7350,pressure:ventricle:valve1,0.3503503503503502,46536.40291257055
7351,pressure:ventricle:valve1,0.35135135135135087,46320.966290912416
7352,pressure:ventricle:valve1,0.3523523523523515,46105.633656161786
7353,pressure:ventricle:valve1,0.35335335335335394,45890.41443377029
7354,pressure:ventricle:valve1,0.3543543543543546,45675.317637744854
7355,pressure:ventricle:valve1,0.35535535535535523,45460.35187770018
7356,pressure:ventricle:valve1,0.3563563563563559,45245.525365951624
7357,pressure:ventricle:valve1,0.3573573573573565,45030.84592465238
7358,pressure:ventricle:valve1,0.35835835835835894,44816.320992962326
7359,pressure:ventricle:valve1,0.3593593593593596,44601.95763425031
7360,pressure:ventricle:valve1,0.36036036036036023,44387.7625433249
7361,pressure:ventricle:valve1,0.3613613613613609,44173.74205368541
7362,pressure:ventricle:valve1,0.3623623623623615,43959.902144798885
7363,pressure:ventricle:valve1,0.36336336336336394,43746.24844938946
7364,pressure:ventricle:valve1,0.36436436436436453,43532.78626074408
7365,pressure:ventricle:valve1,0.3653653653653653,43319.52054002922
7366,pressure:ventricle:valve1,0.36636636636636594,43106.45592361102
7367,pressure:ventricle:valve1,0.3673673673673666,42893.59673038592
7368,pressure:ventricle:valve1,0.36836836836836895,42680.946969108074
7369,pressure:ventricle:valve1,0.3693693693693696,42468.51034571809
7370,pressure:ventricle:valve1,0.37037037037037024,42256.29027066926
7371,pressure:ventricle:valve1,0.3713713713713709,42044.28986624272
7372,pressure:ventricle:valve1,0.37237237237237153,41832.511973861154
7373,pressure:ventricle:valve1,0.3733733733733739,41620.95916138566
7374,pressure:ventricle:valve1,0.37437437437437454,41409.633730403235
7375,pressure:ventricle:valve1,0.3753753753753752,41198.53772349932
7376,pressure:ventricle:valve1,0.37637637637637594,40987.67293150947
7377,pressure:ventricle:valve1,0.37737737737737653,40777.04090075827
7378,pressure:ventricle:valve1,0.37837837837837895,40566.64294027286
7379,pressure:ventricle:valve1,0.3793793793793796,40356.48012897661
7380,pressure:ventricle:valve1,0.38038038038038025,40146.55332286032
7381,pressure:ventricle:valve1,0.3813813813813809,39936.863162123154
7382,pressure:ventricle:valve1,0.38238238238238154,39727.41007829425
7383,pressure:ventricle:valve1,0.383383383383384,39518.194301320545
7384,pressure:ventricle:valve1,0.38438438438438466,39309.215866628874
7385,pressure:ventricle:valve1,0.3853853853853853,39100.47462215863
7386,pressure:ventricle:valve1,0.3863863863863859,38891.97023535852
7387,pressure:ventricle:valve1,0.38738738738738654,38683.70220015823
7388,pressure:ventricle:valve1,0.38838838838838896,38475.66984390189
7389,pressure:ventricle:valve1,0.3893893893893896,38267.872334250016
7390,pressure:ventricle:valve1,0.39039039039039025,38060.30868604916
7391,pressure:ventricle:valve1,0.3913913913913909,37852.97776816034
7392,pressure:ventricle:valve1,0.39239239239239154,37645.87831026014
7393,pressure:ventricle:valve1,0.3933933933933939,37439.00890959925
7394,pressure:ventricle:valve1,0.39439439439439467,37232.36803772802
7395,pressure:ventricle:valve1,0.39539539539539525,37025.95404718583
7396,pressure:ventricle:valve1,0.3963963963963959,36819.76517814823
7397,pressure:ventricle:valve1,0.39739739739739655,36613.799565044326
7398,pressure:ventricle:valve1,0.39839839839839897,36408.05524313048
7399,pressure:ventricle:valve1,0.3993993993993996,36202.530155028966
7400,pressure:ventricle:valve1,0.40040040040040026,35997.22215723096
7401,pressure:ventricle:valve1,0.4014014014014009,35792.129026555
7402,pressure:ventricle:valve1,0.4024024024024015,35587.24846657626
7403,pressure:ventricle:valve1,0.403403403403404,35382.546031134705
7404,pressure:ventricle:valve1,0.4044044044044046,35177.03460246679
7405,pressure:ventricle:valve1,0.40540540540540526,34970.44513574345
7406,pressure:ventricle:valve1,0.4064064064064059,34762.85768565118
7407,pressure:ventricle:valve1,0.40740740740740655,34554.28299759539
7408,pressure:ventricle:valve1,0.408408408408409,34344.745714958364
7409,pressure:ventricle:valve1,0.4094094094094096,34134.26782470928
7410,pressure:ventricle:valve1,0.41041041041041026,33922.87195013741
7411,pressure:ventricle:valve1,0.41141141141141085,33710.58069145422
7412,pressure:ventricle:valve1,0.4124124124124115,33497.4167552677
7413,pressure:ventricle:valve1,0.413413413413414,33283.40292562538
7414,pressure:ventricle:valve1,0.4144144144144146,33068.56206735159
7415,pressure:ventricle:valve1,0.41541541541541527,32852.91712256129
7416,pressure:ventricle:valve1,0.4164164164164159,32636.49110872139
7417,pressure:ventricle:valve1,0.41741741741741656,32419.30711630803
7418,pressure:ventricle:valve1,0.418418418418419,32201.388306585093
7419,pressure:ventricle:valve1,0.4194194194194196,31982.75790933256
7420,pressure:ventricle:valve1,0.4204204204204202,31763.4392205958
7421,pressure:ventricle:valve1,0.42142142142142097,31543.45560041525
7422,pressure:ventricle:valve1,0.4224224224224216,31322.830470567835
7423,pressure:ventricle:valve1,0.423423423423424,31101.587312296015
7424,pressure:ventricle:valve1,0.42442442442442463,30879.749664039668
7425,pressure:ventricle:valve1,0.4254254254254253,30657.341119166125
7426,pressure:ventricle:valve1,0.4264264264264259,30434.385323692313
7427,pressure:ventricle:valve1,0.42742742742742657,30210.90597401361
7428,pressure:ventricle:valve1,0.428428428428429,29986.926814623806
7429,pressure:ventricle:valve1,0.4294294294294296,29762.471635836777
7430,pressure:ventricle:valve1,0.4304304304304302,29537.564271507938
7431,pressure:ventricle:valve1,0.43143143143143087,29312.22859674739
7432,pressure:ventricle:valve1,0.4324324324324316,29086.48852564133
7433,pressure:ventricle:valve1,0.433433433433434,28860.368008963953
7434,pressure:ventricle:valve1,0.43443443443443464,28633.89103189263
7435,pressure:ventricle:valve1,0.4354354354354353,28407.081611722715
7436,pressure:ventricle:valve1,0.4364364364364359,28179.963795574746
7437,pressure:ventricle:valve1,0.43743743743743657,27952.561658110382
7438,pressure:ventricle:valve1,0.43843843843843894,27724.89929923962
7439,pressure:ventricle:valve1,0.4394394394394397,27497.000841831166
7440,pressure:ventricle:valve1,0.44044044044044034,27268.89042942358
7441,pressure:ventricle:valve1,0.441441441441441,27040.59222392887
7442,pressure:ventricle:valve1,0.4424424424424416,26812.13040334555
7443,pressure:ventricle:valve1,0.443443443443444,26583.529159463244
7444,pressure:ventricle:valve1,0.44444444444444464,26354.812695571298
7445,pressure:ventricle:valve1,0.4454454454454453,26126.00522416801
7446,pressure:ventricle:valve1,0.44644644644644593,25897.130964663625
7447,pressure:ventricle:valve1,0.4474474474474466,25668.214141092445
7448,pressure:ventricle:valve1,0.44844844844844894,25439.278979817555
7449,pressure:ventricle:valve1,0.4494494494494497,25210.349707239697
7450,pressure:ventricle:valve1,0.45045045045045035,24981.450547507367
7451,pressure:ventricle:valve1,0.45145145145145094,24752.605720221247
7452,pressure:ventricle:valve1,0.4524524524524516,24523.839438147777
7453,pressure:ventricle:valve1,0.453453453453454,24295.175904926546
7454,pressure:ventricle:valve1,0.45445445445445465,24066.639312781463
7455,pressure:ventricle:valve1,0.4554554554554553,23838.25384023452
7456,pressure:ventricle:valve1,0.45645645645645594,23610.043649813288
7457,pressure:ventricle:valve1,0.4574574574574566,23382.032885769215
7458,pressure:ventricle:valve1,0.45845845845845906,23154.24567178916
7459,pressure:ventricle:valve1,0.4594594594594597,22926.70610871194
7460,pressure:ventricle:valve1,0.4604604604604603,22699.43827224733
7461,pressure:ventricle:valve1,0.46146146146146094,22472.466210689912
7462,pressure:ventricle:valve1,0.4624624624624616,22245.81394264356
7463,pressure:ventricle:valve1,0.463463463463464,22019.50545474021
7464,pressure:ventricle:valve1,0.46446446446446465,21793.564699363596
7465,pressure:ventricle:valve1,0.4654654654654653,21568.015592376378
7466,pressure:ventricle:valve1,0.46646646646646595,21342.882010842324
7467,pressure:ventricle:valve1,0.46746746746746654,21118.187790759806
7468,pressure:ventricle:valve1,0.468468468468469,20893.956724789736
7469,pressure:ventricle:valve1,0.46946946946946966,20670.212559989504
7470,pressure:ventricle:valve1,0.4704704704704703,20446.97899555035
7471,pressure:ventricle:valve1,0.47147147147147095,20224.27968053035
7472,pressure:ventricle:valve1,0.4724724724724716,20002.1382115996
7473,pressure:ventricle:valve1,0.473473473473474,19780.57813077978
7474,pressure:ventricle:valve1,0.47447447447447466,19559.622923190793
7475,pressure:ventricle:valve1,0.4754754754754753,19339.29601480084
7476,pressure:ventricle:valve1,0.4764764764764759,19119.62077017331
7477,pressure:ventricle:valve1,0.47747747747747665,18900.620490225436
7478,pressure:ventricle:valve1,0.478478478478479,18682.31840998305
7479,pressure:ventricle:valve1,0.47947947947947966,18464.737696341785
7480,pressure:ventricle:valve1,0.4804804804804803,18247.90144583327
7481,pressure:ventricle:valve1,0.48148148148148096,18031.832682387896
7482,pressure:ventricle:valve1,0.4824824824824816,17816.554355110587
7483,pressure:ventricle:valve1,0.483483483483484,17602.089336052624
7484,pressure:ventricle:valve1,0.48448448448448467,17388.460417991133
7485,pressure:ventricle:valve1,0.48548548548548526,17175.690312213435
7486,pressure:ventricle:valve1,0.4864864864864859,16963.80164629929
7487,pressure:ventricle:valve1,0.48748748748748655,16752.816961916214
7488,pressure:ventricle:valve1,0.488488488488489,16542.758712611667
7489,pressure:ventricle:valve1,0.48948948948948967,16333.649261613586
7490,pressure:ventricle:valve1,0.4904904904904903,16125.510879636226
7491,pressure:ventricle:valve1,0.49149149149149096,15918.365742684708
7492,pressure:ventricle:valve1,0.4924924924924916,15712.23592987317
7493,pressure:ventricle:valve1,0.493493493493494,15507.143421240517
7494,pressure:ventricle:valve1,0.4944944944944946,15303.11009557502
7495,pressure:ventricle:valve1,0.4954954954954954,15100.157728245142
7496,pressure:ventricle:valve1,0.496496496496496,14898.30798902962
7497,pressure:ventricle:valve1,0.49749749749749667,14697.582439961709
7498,pressure:ventricle:valve1,0.49849849849849903,14498.002533171968
7499,pressure:ventricle:valve1,0.4994994994994997,14299.589608740524
7500,pressure:ventricle:valve1,0.5005005005005003,14102.364892556005
7501,pressure:ventricle:valve1,0.501501501501501,13906.34949417508
7502,pressure:ventricle:valve1,0.5025025025025016,13711.564404696144
7503,pressure:ventricle:valve1,0.503503503503504,13518.030494632892
7504,pressure:ventricle:valve1,0.5045045045045047,13325.768511797893
7505,pressure:ventricle:valve1,0.5055055055055053,13134.799079193395
7506,pressure:ventricle:valve1,0.506506506506506,12945.142692904054
7507,pressure:ventricle:valve1,0.5075075075075066,12756.819720004003
7508,pressure:ventricle:valve1,0.508508508508509,12569.850396465075
7509,pressure:ventricle:valve1,0.5095095095095097,12384.254825075455
7510,pressure:ventricle:valve1,0.5105105105105103,12200.052973366784
7511,pressure:ventricle:valve1,0.511511511511511,12017.264671543628
7512,pressure:ventricle:valve1,0.5125125125125116,11835.909610428394
7513,pressure:ventricle:valve1,0.513513513513514,11656.0073394082
7514,pressure:ventricle:valve1,0.5145145145145147,11477.577264392923
7515,pressure:ventricle:valve1,0.5155155155155153,11300.638645782685
7516,pressure:ventricle:valve1,0.516516516516516,11125.210596438616
7517,pressure:ventricle:valve1,0.5175175175175166,10951.312079669891
7518,pressure:ventricle:valve1,0.518518518518519,10778.961907223586
7519,pressure:ventricle:valve1,0.5195195195195197,10608.178737286824
7520,pressure:ventricle:valve1,0.5205205205205203,10438.981072498926
7521,pressure:ventricle:valve1,0.521521521521521,10271.387257968345
7522,pressure:ventricle:valve1,0.5225225225225216,10105.415479306186
7523,pressure:ventricle:valve1,0.523523523523524,9941.083760664018
7524,pressure:ventricle:valve1,0.5245245245245247,9778.409962784628
7525,pressure:ventricle:valve1,0.5255255255255253,9617.411781063984
7526,pressure:ventricle:valve1,0.526526526526526,9458.106743618762
7527,pressure:ventricle:valve1,0.5275275275275266,9300.512209371733
7528,pressure:ventricle:valve1,0.528528528528529,9144.645366142144
7529,pressure:ventricle:valve1,0.5295295295295297,8990.52322875038
7530,pressure:ventricle:valve1,0.5305305305305303,8838.16263713455
7531,pressure:ventricle:valve1,0.531531531531531,8687.580254474085
7532,pressure:ventricle:valve1,0.5325325325325316,8538.792565331798
7533,pressure:ventricle:valve1,0.533533533533534,8391.815873802429
7534,pressure:ventricle:valve1,0.5345345345345347,8246.66630167622
7535,pressure:ventricle:valve1,0.5355355355355353,8103.359786615654
7536,pressure:ventricle:valve1,0.536536536536536,7961.912080340419
7537,pressure:ventricle:valve1,0.5375375375375366,7822.338746831688
7538,pressure:ventricle:valve1,0.5385385385385391,7684.655160544103
7539,pressure:ventricle:valve1,0.5395395395395397,7548.876504634157
7540,pressure:ventricle:valve1,0.5405405405405403,7415.017769202212
7541,pressure:ventricle:valve1,0.541541541541541,7283.093749544952
7542,pressure:ventricle:valve1,0.5425425425425416,7153.119044427114
7543,pressure:ventricle:valve1,0.5435435435435441,7025.1080543630205
7544,pressure:ventricle:valve1,0.5445445445445447,6899.0749799151545
7545,pressure:ventricle:valve1,0.5455455455455454,6775.03382000776
7546,pressure:ventricle:valve1,0.546546546546546,6652.998370252054
7547,pressure:ventricle:valve1,0.5475475475475466,6532.982221291781
7548,pressure:ventricle:valve1,0.5485485485485491,6414.99875716
7549,pressure:ventricle:valve1,0.5495495495495497,6299.061153653899
7550,pressure:ventricle:valve1,0.5505505505505504,6185.182376725902
7551,pressure:ventricle:valve1,0.551551551551551,6073.375180887829
7552,pressure:ventricle:valve1,0.5525525525525516,5963.652107636258
7553,pressure:ventricle:valve1,0.5535535535535541,5856.02548389073
7554,pressure:ventricle:valve1,0.5545545545545547,5750.507420450909
7555,pressure:ventricle:valve1,0.5555555555555554,5647.109810471425
7556,pressure:ventricle:valve1,0.556556556556556,5545.844327951215
7557,pressure:ventricle:valve1,0.5575575575575566,5446.722426244868
7558,pressure:ventricle:valve1,0.5585585585585591,5349.755336588563
7559,pressure:ventricle:valve1,0.5595595595595597,5257.050148479891
7560,pressure:ventricle:valve1,0.5605605605605604,5171.078120217497
7561,pressure:ventricle:valve1,0.561561561561561,5091.754410401254
7562,pressure:ventricle:valve1,0.5625625625625617,5018.404786780895
7563,pressure:ventricle:valve1,0.5635635635635641,4950.547971730683
7564,pressure:ventricle:valve1,0.5645645645645647,4887.735277954602
7565,pressure:ventricle:valve1,0.5655655655655654,4829.573923302295
7566,pressure:ventricle:valve1,0.566566566566566,4775.715795916094
7567,pressure:ventricle:valve1,0.5675675675675667,4725.853626826912
7568,pressure:ventricle:valve1,0.5685685685685691,4679.716471409806
7569,pressure:ventricle:valve1,0.5695695695695697,4637.065906215943
7570,pressure:ventricle:valve1,0.5705705705705704,4597.69262939566
7571,pressure:ventricle:valve1,0.571571571571571,4561.413438293569
7572,pressure:ventricle:valve1,0.5725725725725717,4528.068540414748
7573,pressure:ventricle:valve1,0.5735735735735741,4497.51915014249
7574,pressure:ventricle:valve1,0.5745745745745747,4469.6453381996525
7575,pressure:ventricle:valve1,0.5755755755755754,4444.34409996119
7576,pressure:ventricle:valve1,0.576576576576576,4421.527615630149
7577,pressure:ventricle:valve1,0.5775775775775767,4401.1216772917205
7578,pressure:ventricle:valve1,0.5785785785785791,4383.0642616316745
7579,pressure:ventricle:valve1,0.5795795795795797,4367.304229389459
7580,pressure:ventricle:valve1,0.5805805805805804,4353.8001351199955
7581,pressure:ventricle:valve1,0.581581581581581,4342.519132781856
7582,pressure:ventricle:valve1,0.5825825825825817,4333.435964516431
7583,pressure:ventricle:valve1,0.5835835835835841,4326.532021536999
7584,pressure:ventricle:valve1,0.5845845845845847,4321.794467471236
7585,pressure:ventricle:valve1,0.5855855855855854,4319.215415742455
7586,pressure:ventricle:valve1,0.586586586586586,4318.791153696062
7587,pressure:ventricle:valve1,0.5875875875875867,4320.521407184592
7588,pressure:ventricle:valve1,0.5885885885885891,4324.40864022504
7589,pressure:ventricle:valve1,0.5895895895895897,4330.457385168174
7590,pressure:ventricle:valve1,0.5905905905905904,4338.6735995641
7591,pressure:ventricle:valve1,0.591591591591591,4349.0640465918195
7592,pressure:ventricle:valve1,0.5925925925925917,4361.635696551938
7593,pressure:ventricle:valve1,0.5935935935935941,4376.395147496202
7594,pressure:ventricle:valve1,0.5945945945945947,4393.348063608213
7595,pressure:ventricle:valve1,0.5955955955955954,4412.498630443938
7596,pressure:ventricle:valve1,0.596596596596596,4433.849026603687
7597,pressure:ventricle:valve1,0.5975975975975967,4457.398911837049
7598,pressure:ventricle:valve1,0.5985985985985991,4483.1449319786
7599,pressure:ventricle:valve1,0.5995995995995997,4511.080241482425
7600,pressure:ventricle:valve1,0.6006006006006004,4541.022847925435
7601,pressure:ventricle:valve1,0.601601601601601,4569.675335202097
7602,pressure:ventricle:valve1,0.6026026026026017,4597.405825722794
7603,pressure:ventricle:valve1,0.6036036036036041,4624.085631508106
7604,pressure:ventricle:valve1,0.6046046046046047,4649.833613106128
7605,pressure:ventricle:valve1,0.6056056056056054,4674.642672511236
7606,pressure:ventricle:valve1,0.606606606606606,4698.566854878008
7607,pressure:ventricle:valve1,0.6076076076076067,4721.627810117852
7608,pressure:ventricle:valve1,0.6086086086086091,4743.861638269597
7609,pressure:ventricle:valve1,0.6096096096096097,4765.295527508081
7610,pressure:ventricle:valve1,0.6106106106106104,4785.959496181092
7611,pressure:ventricle:valve1,0.611611611611611,4805.880580136354
7612,pressure:ventricle:valve1,0.6126126126126117,4825.08579540628
7613,pressure:ventricle:valve1,0.6136136136136141,4843.600711168904
7614,pressure:ventricle:valve1,0.6146146146146148,4861.450215623069
7615,pressure:ventricle:valve1,0.6156156156156154,4878.658183524061
7616,pressure:ventricle:valve1,0.616616616616616,4895.247691075195
7617,pressure:ventricle:valve1,0.6176176176176167,4911.2409553926345
7618,pressure:ventricle:valve1,0.6186186186186191,4926.6594099976455
7619,pressure:ventricle:valve1,0.6196196196196198,4941.523710669801
7620,pressure:ventricle:valve1,0.6206206206206204,4955.853774552782
7621,pressure:ventricle:valve1,0.621621621621621,4969.668801123254
7622,pressure:ventricle:valve1,0.6226226226226217,4982.9873007719
7623,pressure:ventricle:valve1,0.6236236236236241,4995.827118174372
7624,pressure:ventricle:valve1,0.6246246246246248,5008.205456913782
7625,pressure:ventricle:valve1,0.6256256256256254,5020.138902172501
7626,pressure:ventricle:valve1,0.626626626626626,5031.643443131356
7627,pressure:ventricle:valve1,0.6276276276276267,5042.734494302356
7628,pressure:ventricle:valve1,0.6286286286286291,5053.426916225422
7629,pressure:ventricle:valve1,0.6296296296296298,5063.735035355997
7630,pressure:ventricle:valve1,0.6306306306306304,5073.6726632705195
7631,pressure:ventricle:valve1,0.631631631631631,5083.253115165398
7632,pressure:ventricle:valve1,0.6326326326326317,5092.489227699237
7633,pressure:ventricle:valve1,0.6336336336336341,5101.393376189814
7634,pressure:ventricle:valve1,0.6346346346346348,5109.977491195009
7635,pressure:ventricle:valve1,0.6356356356356354,5118.253074496809
7636,pressure:ventricle:valve1,0.636636636636636,5126.231214511391
7637,pressure:ventricle:valve1,0.6376376376376367,5133.922601145097
7638,pressure:ventricle:valve1,0.6386386386386391,5141.337540116645
7639,pressure:ventricle:valve1,0.6396396396396398,5148.485966764526
7640,pressure:ventricle:valve1,0.6406406406406404,5155.377459358234
7641,pressure:ventricle:valve1,0.6416416416416411,5162.021251931035
7642,pressure:ventricle:valve1,0.6426426426426417,5168.426246651608
7643,pressure:ventricle:valve1,0.6436436436436441,5174.60102575099
7644,pressure:ventricle:valve1,0.6446446446446448,5180.553863020939
7645,pressure:ventricle:valve1,0.6456456456456454,5186.29273489898
7646,pressure:ventricle:valve1,0.6466466466466461,5191.8253311551425
7647,pressure:ventricle:valve1,0.6476476476476467,5197.1590651945735
7648,pressure:ventricle:valve1,0.6486486486486491,5202.30108398987
7649,pressure:ventricle:valve1,0.6496496496496498,5207.2582776565205
7650,pressure:ventricle:valve1,0.6506506506506504,5212.037288684119
7651,pressure:ventricle:valve1,0.6516516516516511,5216.644520835901
7652,pressure:ventricle:valve1,0.6526526526526517,5221.086147728375
7653,pressure:ventricle:valve1,0.6536536536536541,5225.3681211026405
7654,pressure:ventricle:valve1,0.6546546546546548,5229.496178798431
7655,pressure:ventricle:valve1,0.6556556556556554,5233.475852441576
7656,pressure:ventricle:valve1,0.6566566566566561,5237.31247485518
7657,pressure:ventricle:valve1,0.6576576576576567,5241.011187204455
7658,pressure:ventricle:valve1,0.6586586586586591,5244.576945884763
7659,pressure:ventricle:valve1,0.6596596596596598,5248.014529162122
7660,pressure:ventricle:valve1,0.6606606606606604,5251.32854357503
7661,pressure:ventricle:valve1,0.6616616616616611,5254.523430106257
7662,pressure:ventricle:valve1,0.6626626626626617,5257.60347013277
7663,pressure:ventricle:valve1,0.6636636636636641,5260.572791161868
7664,pressure:ventricle:valve1,0.6646646646646648,5263.435372361156
7665,pressure:ventricle:valve1,0.6656656656656654,5266.195049889742
7666,pressure:ventricle:valve1,0.6666666666666661,5268.855522037891
7667,pressure:ventricle:valve1,0.6676676676676667,5271.420354181913
7668,pressure:ventricle:valve1,0.6686686686686691,5273.892983561001
7669,pressure:ventricle:valve1,0.6696696696696698,5276.276723882384
7670,pressure:ventricle:valve1,0.6706706706706704,5278.574769760992
7671,pressure:ventricle:valve1,0.6716716716716711,5280.790200999531
7672,pressure:ventricle:valve1,0.6726726726726717,5282.925986714764
7673,pressure:ventricle:valve1,0.6736736736736741,5284.984989315479
7674,pressure:ventricle:valve1,0.6746746746746748,5286.969968337498
7675,pressure:ventricle:valve1,0.6756756756756754,5288.883584140873
7676,pressure:ventricle:valve1,0.6766766766766761,5290.728401474155
7677,pressure:ventricle:valve1,0.6776776776776767,5292.50689291066
7678,pressure:ventricle:valve1,0.6786786786786791,5294.221442161121
7679,pressure:ventricle:valve1,0.6796796796796798,5295.874347267394
7680,pressure:ventricle:valve1,0.6806806806806804,5297.467823681312
7681,pressure:ventricle:valve1,0.6816816816816811,5299.004007232908
7682,pressure:ventricle:valve1,0.6826826826826817,5300.484956991995
7683,pressure:ventricle:valve1,0.6836836836836842,5301.912658026832
7684,pressure:ventricle:valve1,0.6846846846846848,5303.289024063724
7685,pressure:ventricle:valve1,0.6856856856856854,5304.615900050982
7686,pressure:ventricle:valve1,0.6866866866866861,5305.895064630764
7687,pressure:ventricle:valve1,0.6876876876876867,5307.128232522057
7688,pressure:ventricle:valve1,0.6886886886886892,5308.317056818053
7689,pressure:ventricle:valve1,0.6896896896896898,5309.463131200912
7690,pressure:ventricle:valve1,0.6906906906906904,5310.567992076975
7691,pressure:ventricle:valve1,0.6916916916916911,5311.633120635196
7692,pressure:ventricle:valve1,0.6926926926926917,5312.659944831634
7693,pressure:ventricle:valve1,0.6936936936936942,5313.6498413025865
7694,pressure:ventricle:valve1,0.6946946946946948,5314.60413720901
7695,pressure:ventricle:valve1,0.6956956956956954,5315.5241120146
7696,pressure:ventricle:valve1,0.6966966966966961,5316.410999200021
7697,pressure:ventricle:valve1,0.6976976976976967,5317.265987915492
7698,pressure:ventricle:valve1,0.6986986986986992,5318.090224573988
7699,pressure:ventricle:valve1,0.6996996996996998,5318.884814387207
7700,pressure:ventricle:valve1,0.7007007007007005,5319.650822846283
7701,pressure:ventricle:valve1,0.7017017017017011,5320.389277149342
7702,pressure:ventricle:valve1,0.7027027027027017,5321.101167577714
7703,pressure:ventricle:valve1,0.7037037037037042,5321.787448822695
7704,pressure:ventricle:valve1,0.7047047047047048,5322.449041264633
7705,pressure:ventricle:valve1,0.7057057057057055,5323.086832206046
7706,pressure:ventricle:valve1,0.7067067067067061,5323.701677060389
7707,pressure:ventricle:valve1,0.7077077077077067,5324.294400498157
7708,pressure:ventricle:valve1,0.7087087087087092,5324.865797551744
7709,pressure:ventricle:valve1,0.7097097097097098,5325.416634680626
7710,pressure:ventricle:valve1,0.7107107107107105,5325.947650798247
7711,pressure:ventricle:valve1,0.7117117117117111,5326.459558262004
7712,pressure:ventricle:valve1,0.7127127127127117,5326.953043827658
7713,pressure:ventricle:valve1,0.7137137137137142,5327.428769569424
7714,pressure:ventricle:valve1,0.7147147147147148,5327.887373767028
7715,pressure:ventricle:valve1,0.7157157157157155,5328.329471760853
7716,pressure:ventricle:valve1,0.7167167167167161,5328.7556567763695
7717,pressure:ventricle:valve1,0.7177177177177168,5329.166500718911
7718,pressure:ventricle:valve1,0.7187187187187192,5329.562554939933
7719,pressure:ventricle:valve1,0.7197197197197198,5329.94435097569
7720,pressure:ventricle:valve1,0.7207207207207205,5330.312401259372
7721,pressure:ventricle:valve1,0.7217217217217211,5330.667199807672
7722,pressure:ventricle:valve1,0.7227227227227218,5331.009222882654
7723,pressure:ventricle:valve1,0.7237237237237242,5331.338929629837
7724,pressure:ventricle:valve1,0.7247247247247248,5331.656762693366
7725,pressure:ventricle:valve1,0.7257257257257255,5331.963148809042
7726,pressure:ventricle:valve1,0.7267267267267261,5332.2584993760665
7727,pressure:ventricle:valve1,0.7277277277277268,5332.5432110082365
7728,pressure:ventricle:valve1,0.7287287287287291,5332.817666065293
7729,pressure:ventricle:valve1,0.7297297297297297,5333.082233165249
7730,pressure:ventricle:valve1,0.7307307307307304,5333.344649104719
7731,pressure:ventricle:valve1,0.7317317317317312,5333.607372804137
7732,pressure:ventricle:valve1,0.7327327327327319,5333.869999627532
7733,pressure:ventricle:valve1,0.7337337337337343,5334.132610507337
7734,pressure:ventricle:valve1,0.7347347347347348,5334.395189262629
7735,pressure:ventricle:valve1,0.7357357357357355,5334.657739135059
7736,pressure:ventricle:valve1,0.7367367367367361,5334.920259481762
7737,pressure:ventricle:valve1,0.7377377377377385,5335.182750436743
7738,pressure:ventricle:valve1,0.7387387387387392,5335.445211978618
7739,pressure:ventricle:valve1,0.7397397397397398,5335.707644117048
7740,pressure:ventricle:valve1,0.7407407407407405,5335.970046855477
7741,pressure:ventricle:valve1,0.7417417417417411,5336.232420198553
7742,pressure:ventricle:valve1,0.7427427427427435,5336.494764150679
7743,pressure:ventricle:valve1,0.7437437437437442,5336.757078716275
7744,pressure:ventricle:valve1,0.7447447447447448,5337.019363899737
7745,pressure:ventricle:valve1,0.7457457457457455,5337.281619705447
7746,pressure:ventricle:valve1,0.7467467467467461,5337.543846137781
7747,pressure:ventricle:valve1,0.7477477477477484,5337.806043201071
7748,pressure:ventricle:valve1,0.7487487487487491,5338.068210899661
7749,pressure:ventricle:valve1,0.7497497497497497,5338.330349237861
7750,pressure:ventricle:valve1,0.7507507507507504,5338.5924582199705
7751,pressure:ventricle:valve1,0.7517517517517512,5338.854537850278
7752,pressure:ventricle:valve1,0.7527527527527536,5339.116588133045
7753,pressure:ventricle:valve1,0.7537537537537542,5339.378609072529
7754,pressure:ventricle:valve1,0.7547547547547548,5339.640600672967
7755,pressure:ventricle:valve1,0.7557557557557555,5339.902562938577
7756,pressure:ventricle:valve1,0.7567567567567561,5340.164495873572
7757,pressure:ventricle:valve1,0.7577577577577586,5340.426399482145
7758,pressure:ventricle:valve1,0.7587587587587592,5340.688273768465
7759,pressure:ventricle:valve1,0.7597597597597598,5340.950118736711
7760,pressure:ventricle:valve1,0.7607607607607605,5341.211934391024
7761,pressure:ventricle:valve1,0.7617617617617611,5341.473720735542
7762,pressure:ventricle:valve1,0.7627627627627636,5341.7354777743885
7763,pressure:ventricle:valve1,0.7637637637637642,5341.997205511673
7764,pressure:ventricle:valve1,0.7647647647647648,5342.258903951492
7765,pressure:ventricle:valve1,0.7657657657657655,5342.520573097927
7766,pressure:ventricle:valve1,0.766766766766766,5342.7822129550495
7767,pressure:ventricle:valve1,0.7677677677677687,5343.043823526914
7768,pressure:ventricle:valve1,0.7687687687687693,5343.305404817568
7769,pressure:ventricle:valve1,0.76976976976977,5343.566956831043
7770,pressure:ventricle:valve1,0.7707707707707706,5343.828479571361
7771,pressure:ventricle:valve1,0.7717717717717713,5344.089973042525
7772,pressure:ventricle:valve1,0.7727727727727736,5344.351437248532
7773,pressure:ventricle:valve1,0.7737737737737742,5344.61287219337
7774,pressure:ventricle:valve1,0.7747747747747749,5344.874277881008
7775,pressure:ventricle:valve1,0.7757757757757755,5345.135654315407
7776,pressure:ventricle:valve1,0.7767767767767761,5345.397001500519
7777,pressure:ventricle:valve1,0.7777777777777786,5345.658319440284
7778,pressure:ventricle:valve1,0.7787787787787792,5345.919608138622
7779,pressure:ventricle:valve1,0.7797797797797799,5346.180867599456
7780,pressure:ventricle:valve1,0.7807807807807805,5346.442097826692
7781,pressure:ventricle:valve1,0.7817817817817811,5346.70329882422
7782,pressure:ventricle:valve1,0.7827827827827836,5346.96447059593
7783,pressure:ventricle:valve1,0.7837837837837841,5347.225613145695
7784,pressure:ventricle:valve1,0.7847847847847848,5347.486726477379
7785,pressure:ventricle:valve1,0.7857857857857854,5347.747810594838
7786,pressure:ventricle:valve1,0.786786786786786,5348.008865501915
7787,pressure:ventricle:valve1,0.7877877877877887,5348.269891202442
7788,pressure:ventricle:valve1,0.7887887887887893,5348.530887700247
7789,pressure:ventricle:valve1,0.78978978978979,5348.7918549991455
7790,pressure:ventricle:valve1,0.7907907907907905,5349.052793102946
7791,pressure:ventricle:valve1,0.7917917917917912,5349.313702015438
7792,pressure:ventricle:valve1,0.7927927927927936,5349.574581740419
7793,pressure:ventricle:valve1,0.7937937937937942,5349.83543228166
7794,pressure:ventricle:valve1,0.7947947947947949,5350.096253642933
7795,pressure:ventricle:valve1,0.7957957957957955,5350.357045828002
7796,pressure:ventricle:valve1,0.7967967967967962,5350.617808840613
7797,pressure:ventricle:valve1,0.7977977977977986,5350.878542684515
7798,pressure:ventricle:valve1,0.7987987987987992,5351.139247363444
7799,pressure:ventricle:valve1,0.7997997997997999,5351.39992288112
7800,pressure:ventricle:valve1,0.8008008008008005,5351.660569241273
7801,pressure:ventricle:valve1,0.8018018018018012,5351.921186447599
7802,pressure:ventricle:valve1,0.8028028028028035,5352.181774503816
7803,pressure:ventricle:valve1,0.8038038038038041,5352.442333413607
7804,pressure:ventricle:valve1,0.8048048048048048,5352.702863180665
7805,pressure:ventricle:valve1,0.8058058058058054,5352.963363808669
7806,pressure:ventricle:valve1,0.806806806806806,5353.223835301286
7807,pressure:ventricle:valve1,0.8078078078078086,5353.484277662184
7808,pressure:ventricle:valve1,0.8088088088088092,5353.744690895019
7809,pressure:ventricle:valve1,0.8098098098098099,5354.005075003441
7810,pressure:ventricle:valve1,0.8108108108108105,5354.265429991094
7811,pressure:ventricle:valve1,0.8118118118118112,5354.525755861605
7812,pressure:ventricle:valve1,0.8128128128128136,5354.786052618616
7813,pressure:ventricle:valve1,0.8138138138138142,5355.046320265729
7814,pressure:ventricle:valve1,0.8148148148148149,5355.30655880658
7815,pressure:ventricle:valve1,0.8158158158158155,5355.566768244759
7816,pressure:ventricle:valve1,0.8168168168168162,5355.826948583881
7817,pressure:ventricle:valve1,0.8178178178178186,5356.0870998275295
7818,pressure:ventricle:valve1,0.8188188188188192,5356.347221979295
7819,pressure:ventricle:valve1,0.8198198198198199,5356.60731504276
7820,pressure:ventricle:valve1,0.8208208208208205,5356.8673790215
7821,pressure:ventricle:valve1,0.8218218218218212,5357.127413919081
7822,pressure:ventricle:valve1,0.8228228228228237,5357.387419739075
7823,pressure:ventricle:valve1,0.8238238238238244,5357.647396485024
7824,pressure:ventricle:valve1,0.824824824824825,5357.9073441604905
7825,pressure:ventricle:valve1,0.8258258258258256,5358.167262769016
7826,pressure:ventricle:valve1,0.8268268268268263,5358.427152314134
7827,pressure:ventricle:valve1,0.8278278278278286,5358.687012799388
7828,pressure:ventricle:valve1,0.8288288288288292,5358.946844228294
7829,pressure:ventricle:valve1,0.8298298298298299,5359.206646604382
7830,pressure:ventricle:valve1,0.8308308308308305,5359.466419931165
7831,pressure:ventricle:valve1,0.8318318318318312,5359.726164212154
7832,pressure:ventricle:valve1,0.8328328328328336,5359.985879450853
7833,pressure:ventricle:valve1,0.8338338338338342,5360.2455656507655
7834,pressure:ventricle:valve1,0.8348348348348349,5360.505222815381
7835,pressure:ventricle:valve1,0.8358358358358355,5360.764850948195
7836,pressure:ventricle:valve1,0.8368368368368362,5361.024450052689
7837,pressure:ventricle:valve1,0.8378378378378386,5361.2840201323415
7838,pressure:ventricle:valve1,0.8388388388388393,5361.543561190628
7839,pressure:ventricle:valve1,0.8398398398398398,5361.803073231018
7840,pressure:ventricle:valve1,0.8408408408408404,5362.062556256974
7841,pressure:ventricle:valve1,0.8418418418418411,5362.32201027196
7842,pressure:ventricle:valve1,0.8428428428428437,5362.581435279424
7843,pressure:ventricle:valve1,0.8438438438438444,5362.840831282825
7844,pressure:ventricle:valve1,0.844844844844845,5363.100198285595
7845,pressure:ventricle:valve1,0.8458458458458455,5363.359536291194
7846,pressure:ventricle:valve1,0.8468468468468462,5363.618845303042
7847,pressure:ventricle:valve1,0.8478478478478486,5363.87812532458
7848,pressure:ventricle:valve1,0.8488488488488493,5364.137376359229
7849,pressure:ventricle:valve1,0.8498498498498499,5364.396598410423
7850,pressure:ventricle:valve1,0.8508508508508505,5364.6557914815685
7851,pressure:ventricle:valve1,0.8518518518518512,5364.914955576087
7852,pressure:ventricle:valve1,0.8528528528528536,5365.17409069739
7853,pressure:ventricle:valve1,0.8538538538538543,5365.433196848875
7854,pressure:ventricle:valve1,0.8548548548548549,5365.6922740339605
7855,pressure:ventricle:valve1,0.8558558558558556,5365.951322256026
7856,pressure:ventricle:valve1,0.8568568568568562,5366.210341518481
7857,pressure:ventricle:valve1,0.8578578578578585,5366.46933182471
7858,pressure:ventricle:valve1,0.8588588588588592,5366.728293178095
7859,pressure:ventricle:valve1,0.8598598598598598,5366.9872255820255
7860,pressure:ventricle:valve1,0.8608608608608604,5367.246129039876
7861,pressure:ventricle:valve1,0.8618618618618611,5367.505003555026
7862,pressure:ventricle:valve1,0.8628628628628637,5367.763849130844
7863,pressure:ventricle:valve1,0.8638638638638643,5368.022665770699
7864,pressure:ventricle:valve1,0.8648648648648649,5368.281453477952
7865,pressure:ventricle:valve1,0.8658658658658656,5368.540212255973
7866,pressure:ventricle:valve1,0.8668668668668662,5368.798942108102
7867,pressure:ventricle:valve1,0.8678678678678686,5369.057643037712
7868,pressure:ventricle:valve1,0.8688688688688693,5369.316315048138
7869,pressure:ventricle:valve1,0.8698698698698699,5369.574958142737
7870,pressure:ventricle:valve1,0.8708708708708706,5369.833572324847
7871,pressure:ventricle:valve1,0.8718718718718712,5370.092157597814
7872,pressure:ventricle:valve1,0.8728728728728736,5370.350713964963
7873,pressure:ventricle:valve1,0.8738738738738743,5370.609241429642
7874,pressure:ventricle:valve1,0.8748748748748749,5370.867739995175
7875,pressure:ventricle:valve1,0.8758758758758756,5371.126209664885
7876,pressure:ventricle:valve1,0.8768768768768762,5371.384650442106
7877,pressure:ventricle:valve1,0.8778778778778785,5371.643062330153
7878,pressure:ventricle:valve1,0.8788788788788794,5371.9014453323425
7879,pressure:ventricle:valve1,0.87987987987988,5372.159799451998
7880,pressure:ventricle:valve1,0.8808808808808807,5372.418124692423
7881,pressure:ventricle:valve1,0.8818818818818813,5372.676421056932
7882,pressure:ventricle:valve1,0.8828828828828836,5372.934688548828
7883,pressure:ventricle:valve1,0.8838838838838843,5373.192927171419
7884,pressure:ventricle:valve1,0.8848848848848849,5373.451136928002
7885,pressure:ventricle:valve1,0.8858858858858856,5373.709317821877
7886,pressure:ventricle:valve1,0.8868868868868862,5373.967469856339
7887,pressure:ventricle:valve1,0.8878878878878886,5374.225593034678
7888,pressure:ventricle:valve1,0.8888888888888893,5374.4836873601935
7889,pressure:ventricle:valve1,0.8898898898898899,5374.741752836157
7890,pressure:ventricle:valve1,0.8908908908908906,5374.99978946587
7891,pressure:ventricle:valve1,0.8918918918918912,5375.2577972526
7892,pressure:ventricle:valve1,0.8928928928928936,5375.515776199641
7893,pressure:ventricle:valve1,0.8938938938938943,5375.773726310252
7894,pressure:ventricle:valve1,0.8948948948948949,5376.031647587726
7895,pressure:ventricle:valve1,0.8958958958958955,5376.28954003532
7896,pressure:ventricle:valve1,0.8968968968968961,5376.547403656318
7897,pressure:ventricle:valve1,0.8978978978978985,5376.805238453973
7898,pressure:ventricle:valve1,0.8988988988988994,5377.063044431558
7899,pressure:ventricle:valve1,0.8998998998999,5377.320821592337
7900,pressure:ventricle:valve1,0.9009009009009005,5377.578569939561
7901,pressure:ventricle:valve1,0.9019019019019012,5377.836289476502
7902,pressure:ventricle:valve1,0.9029029029029036,5378.0939802064
7903,pressure:ventricle:valve1,0.9039039039039043,5378.351642132522
7904,pressure:ventricle:valve1,0.9049049049049048,5378.609275258106
7905,pressure:ventricle:valve1,0.9059059059059056,5378.866879586415
7906,pressure:ventricle:valve1,0.9069069069069062,5379.124455120686
7907,pressure:ventricle:valve1,0.9079079079079087,5379.382001864167
7908,pressure:ventricle:valve1,0.9089089089089091,5379.639519820098
7909,pressure:ventricle:valve1,0.90990990990991,5379.897008991726
7910,pressure:ventricle:valve1,0.9109109109109106,5380.154469382281
7911,pressure:ventricle:valve1,0.9119119119119112,5380.411900995003
7912,pressure:ventricle:valve1,0.9129129129129137,5380.66930383313
7913,pressure:ventricle:valve1,0.9139139139139144,5380.926677899887
7914,pressure:ventricle:valve1,0.9149149149149148,5381.18402319851
7915,pressure:ventricle:valve1,0.9159159159159157,5381.441339732229
7916,pressure:ventricle:valve1,0.9169169169169161,5381.698627504263
7917,pressure:ventricle:valve1,0.9179179179179188,5381.955886517842
7918,pressure:ventricle:valve1,0.9189189189189192,5382.213116776191
7919,pressure:ventricle:valve1,0.91991991991992,5382.470318282519
7920,pressure:ventricle:valve1,0.9209209209209205,5382.727491040062
7921,pressure:ventricle:valve1,0.9219219219219212,5382.984635052024
7922,pressure:ventricle:valve1,0.9229229229229237,5383.241750321627
7923,pressure:ventricle:valve1,0.9239239239239245,5383.498836852083
7924,pressure:ventricle:valve1,0.9249249249249248,5383.7558946466
7925,pressure:ventricle:valve1,0.9259259259259256,5384.012923708397
7926,pressure:ventricle:valve1,0.9269269269269262,5384.269924040668
7927,pressure:ventricle:valve1,0.9279279279279287,5384.526895646637
7928,pressure:ventricle:valve1,0.9289289289289293,5384.783838529496
7929,pressure:ventricle:valve1,0.9299299299299301,5385.040752692452
7930,pressure:ventricle:valve1,0.9309309309309306,5385.297638138716
7931,pressure:ventricle:valve1,0.9319319319319312,5385.554494871469
7932,pressure:ventricle:valve1,0.9329329329329336,5385.81132289393
7933,pressure:ventricle:valve1,0.9339339339339344,5386.068122209275
7934,pressure:ventricle:valve1,0.9349349349349348,5386.324892820718
7935,pressure:ventricle:valve1,0.9359359359359357,5386.58163473144
7936,pressure:ventricle:valve1,0.9369369369369364,5386.838347944643
7937,pressure:ventricle:valve1,0.9379379379379387,5387.095032463509
7938,pressure:ventricle:valve1,0.9389389389389392,5387.351688291231
7939,pressure:ventricle:valve1,0.93993993993994,5387.608315431
7940,pressure:ventricle:valve1,0.9409409409409406,5387.864913885994
7941,pressure:ventricle:valve1,0.9419419419419413,5388.121483659405
7942,pressure:ventricle:valve1,0.9429429429429437,5388.378024754411
7943,pressure:ventricle:valve1,0.9439439439439444,5388.634537174201
7944,pressure:ventricle:valve1,0.9449449449449449,5388.891020921946
7945,pressure:ventricle:valve1,0.9459459459459456,5389.1474760008305
7946,pressure:ventricle:valve1,0.9469469469469463,5389.403902414033
7947,pressure:ventricle:valve1,0.9479479479479487,5389.660300164725
7948,pressure:ventricle:valve1,0.9489489489489493,5389.916669256089
7949,pressure:ventricle:valve1,0.9499499499499501,5390.173009691289
7950,pressure:ventricle:valve1,0.9509509509509506,5390.429321473506
7951,pressure:ventricle:valve1,0.9519519519519511,5390.685604605906
7952,pressure:ventricle:valve1,0.9529529529529536,5390.941859091658
7953,pressure:ventricle:valve1,0.9539539539539544,5391.198084933931
7954,pressure:ventricle:valve1,0.9549549549549549,5391.454282135894
7955,pressure:ventricle:valve1,0.9559559559559557,5391.710450700713
7956,pressure:ventricle:valve1,0.9569569569569564,5391.966590631547
7957,pressure:ventricle:valve1,0.9579579579579587,5392.222701931569
7958,pressure:ventricle:valve1,0.9589589589589592,5392.47878460393
7959,pressure:ventricle:valve1,0.95995995995996,5392.7348386518015
7960,pressure:ventricle:valve1,0.9609609609609606,5392.990864078334
7961,pressure:ventricle:valve1,0.9619619619619613,5393.246860886694
7962,pressure:ventricle:valve1,0.9629629629629637,5393.502829080028
7963,pressure:ventricle:valve1,0.9639639639639644,5393.758768661503
7964,pressure:ventricle:valve1,0.9649649649649648,5394.014679634268
7965,pressure:ventricle:valve1,0.9659659659659656,5394.2705620014785
7966,pressure:ventricle:valve1,0.9669669669669663,5394.526415766288
7967,pressure:ventricle:valve1,0.9679679679679687,5394.7822409318505
7968,pressure:ventricle:valve1,0.9689689689689693,5395.038037501305
7969,pressure:ventricle:valve1,0.9699699699699701,5395.293805477814
7970,pressure:ventricle:valve1,0.9709709709709705,5395.549544864521
7971,pressure:ventricle:valve1,0.9719719719719712,5395.805255664569
7972,pressure:ventricle:valve1,0.9729729729729738,5396.0609378811105
7973,pressure:ventricle:valve1,0.9739739739739744,5396.316591517287
7974,pressure:ventricle:valve1,0.9749749749749749,5396.572216576242
7975,pressure:ventricle:valve1,0.9759759759759756,5396.827813061121
7976,pressure:ventricle:valve1,0.9769769769769763,5397.083380975064
7977,pressure:ventricle:valve1,0.9779779779779789,5397.338920321214
7978,pressure:ventricle:valve1,0.9789789789789792,5397.594431102705
7979,pressure:ventricle:valve1,0.9799799799799802,5397.849913322685
7980,pressure:ventricle:valve1,0.9809809809809806,5398.105366984288
7981,pressure:ventricle:valve1,0.9819819819819813,5398.360792090643
7982,pressure:ventricle:valve1,0.9829829829829837,5398.6161886449
7983,pressure:ventricle:valve1,0.9839839839839845,5398.871556650186
7984,pressure:ventricle:valve1,0.984984984984985,5399.126896109634
7985,pressure:ventricle:valve1,0.9859859859859856,5399.3822070263805
7986,pressure:ventricle:valve1,0.9869869869869863,5399.637489403553
7987,pressure:ventricle:valve1,0.9879879879879888,5399.892743244291
7988,pressure:ventricle:valve1,0.9889889889889892,5400.147968551712
7989,pressure:ventricle:valve1,0.9899899899899901,5400.403165328961
7990,pressure:ventricle:valve1,0.9909909909909907,5400.658333579153
7991,pressure:ventricle:valve1,0.9919919919919914,5400.913473305426
7992,pressure:ventricle:valve1,0.9929929929929936,5401.168584510896
7993,pressure:ventricle:valve1,0.9939939939939944,5401.423667198699
7994,pressure:ventricle:valve1,0.994994994994995,5401.678721371952
7995,pressure:ventricle:valve1,0.9959959959959956,5401.933747033784
7996,pressure:ventricle:valve1,0.9969969969969963,5402.188744187317
7997,pressure:ventricle:valve1,0.9979979979979989,5402.443712835672
7998,pressure:ventricle:valve1,0.9989989989989992,5402.69865298197
7999,pressure:ventricle:valve1,1.0,5402.953564629333
8000,flow:valve1:vessel,0.0,-4.121243516611844
8001,flow:valve1:vessel,0.0010010010010006454,-4.12082249912116
8002,flow:valve1:vessel,0.0020020020020012907,-4.120401527632045
8003,flow:valve1:vessel,0.0030030030030037125,-4.119980602131594
8004,flow:valve1:vessel,0.004004004004004358,-4.119559722607013
8005,flow:valve1:vessel,0.005005005005005003,-4.119138889045616
8006,flow:valve1:vessel,0.006006006006005649,-4.118718101434831
8007,flow:valve1:vessel,0.007007007007006294,-4.118297359762178
8008,flow:valve1:vessel,0.008008008008008716,-4.117876664015296
8009,flow:valve1:vessel,0.00900900900900936,-4.117456014181919
8010,flow:valve1:vessel,0.010010010010010006,-4.117035410249887
8011,flow:valve1:vessel,0.011011011011010652,-4.116614852207133
8012,flow:valve1:vessel,0.012012012012011295,-4.116194340041694
8013,flow:valve1:vessel,0.01301301301301372,-4.115773873741709
8014,flow:valve1:vessel,0.014014014014014364,-4.115353453295401
8015,flow:valve1:vessel,0.01501501501501501,-4.114933078691102
8016,flow:valve1:vessel,0.016016016016015655,-4.1145127499172265
8017,flow:valve1:vessel,0.0170170170170163,-4.114092466962285
8018,flow:valve1:vessel,0.01801801801801872,-4.113672229814879
8019,flow:valve1:vessel,0.019019019019019368,-4.1132520384637035
8020,flow:valve1:vessel,0.020020020020020013,-4.112831892897535
8021,flow:valve1:vessel,0.021021021021020655,-4.112411793105244
8022,flow:valve1:vessel,0.022022022022021304,-4.1119917390757825
8023,flow:valve1:vessel,0.023023023023023725,-4.11157173079819
8024,flow:valve1:vessel,0.02402402402402437,-4.11115176826159
8025,flow:valve1:vessel,0.025025025025025016,-4.110731851455181
8026,flow:valve1:vessel,0.026026026026025665,-4.110311980368261
8027,flow:valve1:vessel,0.027027027027026307,-4.109892154990187
8028,flow:valve1:vessel,0.02802802802802873,-4.109472375310413
8029,flow:valve1:vessel,0.029029029029029377,-4.109052641318461
8030,flow:valve1:vessel,0.03003003003003002,-4.1086329530039345
8031,flow:valve1:vessel,0.031031031031030665,-4.108213310356507
8032,flow:valve1:vessel,0.03203203203203131,-4.10779371336594
8033,flow:valve1:vessel,0.03303303303303373,-4.107374162022054
8034,flow:valve1:vessel,0.03403403403403438,-4.106954656314753
8035,flow:valve1:vessel,0.03503503503503502,-4.1065351962340095
8036,flow:valve1:vessel,0.03603603603603566,-4.106115781769866
8037,flow:valve1:vessel,0.03703703703703631,-4.105696412912441
8038,flow:valve1:vessel,0.038038038038038735,-4.1052770896519135
8039,flow:valve1:vessel,0.039039039039039374,-4.104857811978536
8040,flow:valve1:vessel,0.040040040040040026,-4.104438579882626
8041,flow:valve1:vessel,0.04104104104104067,-4.104019393354574
8042,flow:valve1:vessel,0.04204204204204132,-4.103600252384826
8043,flow:valve1:vessel,0.04304304304304374,-4.1031811569639
8044,flow:valve1:vessel,0.044044044044044384,-4.102762107082373
8045,flow:valve1:vessel,0.04504504504504503,-4.10234310273089
8046,flow:valve1:vessel,0.046046046046045674,-4.101924143900153
8047,flow:valve1:vessel,0.04704704704704632,-4.10150523058093
8048,flow:valve1:vessel,0.04804804804804874,-4.101086362764042
8049,flow:valve1:vessel,0.04904904904904939,-4.10066754044038
8050,flow:valve1:vessel,0.05005005005005003,-4.100248763600884
8051,flow:valve1:vessel,0.05105105105105068,-4.099830032236558
8052,flow:valve1:vessel,0.05205205205205132,-4.099411346338461
8053,flow:valve1:vessel,0.053053053053053745,-4.098992705897709
8054,flow:valve1:vessel,0.05405405405405439,-4.098574110905472
8055,flow:valve1:vessel,0.05505505505505503,-4.098155561352975
8056,flow:valve1:vessel,0.05605605605605568,-4.097737057231501
8057,flow:valve1:vessel,0.057057057057056326,-4.0973185985323815
8058,flow:valve1:vessel,0.058058058058058755,-4.096900185247003
8059,flow:valve1:vessel,0.05905905905905939,-4.096481817366804
8060,flow:valve1:vessel,0.06006006006006004,-4.096063494883273
8061,flow:valve1:vessel,0.06106106106106069,-4.095645217787951
8062,flow:valve1:vessel,0.06206206206206133,-4.0952269860724275
8063,flow:valve1:vessel,0.06306306306306375,-4.094808799728341
8064,flow:valve1:vessel,0.0640640640640644,-4.094390658747378
8065,flow:valve1:vessel,0.06506506506506504,-4.093972563121276
8066,flow:valve1:vessel,0.06606606606606569,-4.0935545128418145
8067,flow:valve1:vessel,0.06706706706706633,-4.093136507900827
8068,flow:valve1:vessel,0.06806806806806875,-4.092718548290183
8069,flow:valve1:vessel,0.0690690690690694,-4.092300634001807
8070,flow:valve1:vessel,0.07007007007007005,-4.091882765027663
8071,flow:valve1:vessel,0.07107107107107069,-4.09146494135976
8072,flow:valve1:vessel,0.07207207207207132,-4.091047162990149
8073,flow:valve1:vessel,0.07307307307307376,-4.090629429910926
8074,flow:valve1:vessel,0.0740740740740744,-4.090211742114233
8075,flow:valve1:vessel,0.07507507507507503,-4.089794099592243
8076,flow:valve1:vessel,0.0760760760760757,-4.089376502337183
8077,flow:valve1:vessel,0.07707707707707634,-4.08895895034131
8078,flow:valve1:vessel,0.07807807807807877,-4.088541443596927
8079,flow:valve1:vessel,0.0790790790790794,-4.088123982096376
8080,flow:valve1:vessel,0.08008008008008005,-4.087706565832036
8081,flow:valve1:vessel,0.08108108108108071,-4.087289194796327
8082,flow:valve1:vessel,0.08208208208208134,-4.086871868981702
8083,flow:valve1:vessel,0.08308308308308376,-4.08645458838066
8084,flow:valve1:vessel,0.08408408408408441,-4.086037352985726
8085,flow:valve1:vessel,0.08508508508508505,-4.085620162789474
8086,flow:valve1:vessel,0.0860860860860857,-4.085203017784504
8087,flow:valve1:vessel,0.08708708708708635,-4.084785917963453
8088,flow:valve1:vessel,0.08808808808808877,-4.084368863318998
8089,flow:valve1:vessel,0.08908908908908941,-4.083951853843844
8090,flow:valve1:vessel,0.09009009009009004,-4.083534889530738
8091,flow:valve1:vessel,0.0910910910910907,-4.083117970372451
8092,flow:valve1:vessel,0.09209209209209135,-4.082701096361796
8093,flow:valve1:vessel,0.09309309309309376,-4.082284267491612
8094,flow:valve1:vessel,0.0940940940940944,-4.081867483754777
8095,flow:valve1:vessel,0.09509509509509506,-4.081450745144191
8096,flow:valve1:vessel,0.0960960960960957,-4.0810340516527965
8097,flow:valve1:vessel,0.09709709709709637,-4.080617403273558
8098,flow:valve1:vessel,0.09809809809809877,-4.080200799999477
8099,flow:valve1:vessel,0.0990990990990994,-4.07978424182358
8100,flow:valve1:vessel,0.10010010010010006,-4.079367728738927
8101,flow:valve1:vessel,0.10110110110110072,-4.078376615961558
8102,flow:valve1:vessel,0.10210210210210136,-4.075770823867208
8103,flow:valve1:vessel,0.10310310310310378,-4.07201757247827
8104,flow:valve1:vessel,0.10410410410410442,-4.066884146174863
8105,flow:valve1:vessel,0.10510510510510508,-4.060488281712228
8106,flow:valve1:vessel,0.10610610610610571,-4.052772974845681
8107,flow:valve1:vessel,0.10710710710710636,-4.043769077098019
8108,flow:valve1:vessel,0.10810810810810878,-4.033463997419248
8109,flow:valve1:vessel,0.10910910910910944,-4.021867351259203
8110,flow:valve1:vessel,0.11011011011011008,-4.008978135813113
8111,flow:valve1:vessel,0.11111111111111072,-3.9948011420548504
8112,flow:valve1:vessel,0.11211211211211136,-3.9793387482513514
8113,flow:valve1:vessel,0.11311311311311378,-3.9625950226103095
8114,flow:valve1:vessel,0.11411411411411444,-3.944573671234755
8115,flow:valve1:vessel,0.11511511511511507,-3.925279063297516
8116,flow:valve1:vessel,0.11611611611611572,-3.9047157174779024
8117,flow:valve1:vessel,0.11711711711711636,-3.8828885576400256
8118,flow:valve1:vessel,0.1181181181181188,-3.859802783761995
8119,flow:valve1:vessel,0.11911911911911945,-3.8354639351112887
8120,flow:valve1:vessel,0.12012012012012008,-3.8098778571687175
8121,flow:valve1:vessel,0.12112112112112072,-3.7830507165486273
8122,flow:valve1:vessel,0.12212212212212135,-3.7549889917925774
8123,flow:valve1:vessel,0.1231231231231238,-3.7256994760968465
8124,flow:valve1:vessel,0.12412412412412444,-3.6951892739437535
8125,flow:valve1:vessel,0.12512512512512508,-3.663465800652225
8126,flow:valve1:vessel,0.12612612612612573,-3.6305367803386663
8127,flow:valve1:vessel,0.12712712712712637,-3.5964102445442863
8128,flow:valve1:vessel,0.1281281281281288,-3.561094530399676
8129,flow:valve1:vessel,0.12912912912912944,-3.5245982788917956
8130,flow:valve1:vessel,0.13013013013013008,-3.4869304329514743
8131,flow:valve1:vessel,0.13113113113113073,-3.448100235501163
8132,flow:valve1:vessel,0.13213213213213135,-3.408117227395305
8133,flow:valve1:vessel,0.1331331331331338,-3.3669912452860067
8134,flow:valve1:vessel,0.13413413413413444,-3.3247324193985635
8135,flow:valve1:vessel,0.1351351351351351,-3.281351171225539
8136,flow:valve1:vessel,0.13613613613613573,-3.2368582111338893
8137,flow:valve1:vessel,0.13713713713713638,-3.191264535890625
8138,flow:valve1:vessel,0.1381381381381388,-3.1445814261032137
8139,flow:valve1:vessel,0.13913913913913944,-3.09682044357779
8140,flow:valve1:vessel,0.1401401401401401,-3.047993428594956
8141,flow:valve1:vessel,0.14114114114114074,-2.998112497102164
8142,flow:valve1:vessel,0.14214214214214138,-2.947190037826468
8143,flow:valve1:vessel,0.1431431431431438,-2.8952387093047145
8144,flow:valve1:vessel,0.14414414414414445,-2.8422714368341473
8145,flow:valve1:vessel,0.1451451451451451,-2.788301409343587
8146,flow:valve1:vessel,0.14614614614614574,-2.733342076184028
8147,flow:valve1:vessel,0.14714714714714638,-2.6774071438430185
8148,flow:valve1:vessel,0.1481481481481488,-2.6205105725797058
8149,flow:valve1:vessel,0.14914914914914945,-2.56266657298389
8150,flow:valve1:vessel,0.1501501501501501,-2.503889602459412
8151,flow:valve1:vessel,0.15115115115115074,-2.444194361630668
8152,flow:valve1:vessel,0.1521521521521514,-2.3835957906771856
8153,flow:valve1:vessel,0.1531531531531538,-2.322109065592881
8154,flow:valve1:vessel,0.15415415415415443,-2.2597495943738077
8155,flow:valve1:vessel,0.1551551551551551,-2.1965330131348084
8156,flow:valve1:vessel,0.15615615615615577,-2.1324751821538377
8157,flow:valve1:vessel,0.1571571571571564,-2.0675921818494563
8158,flow:valve1:vessel,0.1581581581581588,-2.001900308687837
8159,flow:valve1:vessel,0.15915915915915946,-1.93541607102359
8160,flow:valve1:vessel,0.1601601601601601,-1.8681561848747792
8161,flow:valve1:vessel,0.16116116116116075,-1.8001375696311142
8162,flow:valve1:vessel,0.1621621621621614,-1.731377343701049
8163,flow:valve1:vessel,0.16316316316316382,-1.661892820094123
8164,flow:valve1:vessel,0.16416416416416446,-1.5917015019431584
8165,flow:valve1:vessel,0.1651651651651651,-1.5208210779668003
8166,flow:valve1:vessel,0.16616616616616575,-1.4492694178713474
8167,flow:valve1:vessel,0.1671671671671664,-1.3770645676981066
8168,flow:valve1:vessel,0.16816816816816882,-1.3042247451124227
8169,flow:valve1:vessel,0.16916916916916946,-1.230768334639268
8170,flow:valve1:vessel,0.1701701701701701,-1.156713882846098
8171,flow:valve1:vessel,0.17117117117117076,-1.082080093471818
8172,flow:valve1:vessel,0.1721721721721714,-1.006885822508562
8173,flow:valve1:vessel,0.17317317317317382,-0.931150073232183
8174,flow:valve1:vessel,0.17417417417417447,-0.8548919911868527
8175,flow:valve1:vessel,0.1751751751751751,-0.7781308591242609
8176,flow:valve1:vessel,0.17617617617617576,-0.700886091896576
8177,flow:valve1:vessel,0.1771771771771764,-0.6231772313099573
8178,flow:valve1:vessel,0.17817817817817885,-0.5450239409346099
8179,flow:valve1:vessel,0.17917917917917947,-0.4664460008767965
8180,flow:valve1:vessel,0.18018018018018012,-0.38746330251366806
8181,flow:valve1:vessel,0.18118118118118076,-0.30809584318979294
8182,flow:valve1:vessel,0.1821821821821814,-0.2283637208826756
8183,flow:valve1:vessel,0.18318318318318383,-0.1482871288330026
8184,flow:valve1:vessel,0.18418418418418447,-0.06788635014539805
8185,flow:valve1:vessel,0.18518518518518512,0.012818247639574952
8186,flow:valve1:vessel,0.18618618618618576,6.645864159521761
8187,flow:valve1:vessel,0.1871871871871864,11.380689410115355
8188,flow:valve1:vessel,0.18818818818818883,17.0504004571089
8189,flow:valve1:vessel,0.18918918918918948,22.23499712579206
8190,flow:valve1:vessel,0.19019019019019012,27.64106149592621
8191,flow:valve1:vessel,0.19119119119119077,32.911891126152504
8192,flow:valve1:vessel,0.1921921921921914,38.222440223285254
8193,flow:valve1:vessel,0.19319319319319384,43.48185073506088
8194,flow:valve1:vessel,0.19419419419419448,48.73218970194772
8195,flow:valve1:vessel,0.19519519519519513,53.9490832129385
8196,flow:valve1:vessel,0.19619619619619577,59.14140208910759
8197,flow:valve1:vessel,0.1971971971971964,64.30142166807826
8198,flow:valve1:vessel,0.19819819819819884,69.42974451141932
8199,flow:valve1:vessel,0.19919919919919948,74.5228416175806
8200,flow:valve1:vessel,0.20020020020020013,79.57928434575129
8201,flow:valve1:vessel,0.20120120120120075,84.59663094441196
8202,flow:valve1:vessel,0.20220220220220145,89.57298573386882
8203,flow:valve1:vessel,0.20320320320320384,94.50622191487238
8204,flow:valve1:vessel,0.2042042042042045,99.39437251385166
8205,flow:valve1:vessel,0.20520520520520513,104.23543720617052
8206,flow:valve1:vessel,0.20620620620620575,109.02748114379084
8207,flow:valve1:vessel,0.2072072072072064,113.76858772084522
8208,flow:valve1:vessel,0.20820820820820884,118.45688430769682
8209,flow:valve1:vessel,0.2092092092092095,123.09053143535763
8210,flow:valve1:vessel,0.21021021021021016,127.6677301866272
8211,flow:valve1:vessel,0.2112112112112108,132.1867204134942
8212,flow:valve1:vessel,0.21221221221221143,136.6457834683766
8213,flow:valve1:vessel,0.21321321321321385,141.04324260342065
8214,flow:valve1:vessel,0.2142142142142145,145.377464458603
8215,flow:valve1:vessel,0.2152152152152151,149.64685992627386
8216,flow:valve1:vessel,0.21621621621621576,153.8498852467579
8217,flow:valve1:vessel,0.21721721721721643,157.9850429058086
8218,flow:valve1:vessel,0.21821821821821885,162.05088254726445
8219,flow:valve1:vessel,0.21921921921921952,166.04600179284697
8220,flow:valve1:vessel,0.22022022022022017,169.96904702191657
8221,flow:valve1:vessel,0.2212212212212208,173.81871408398496
8222,flow:valve1:vessel,0.22222222222222143,177.5937489564725
8223,flow:valve1:vessel,0.22322322322322383,181.2929483409937
8224,flow:valve1:vessel,0.22422422422422447,184.91516020093383
8225,flow:valve1:vessel,0.22522522522522517,188.45928423850873
8226,flow:valve1:vessel,0.2262262262262258,191.92427231219423
8227,flow:valve1:vessel,0.22722722722722644,195.30912879376393
8228,flow:valve1:vessel,0.22822822822822889,198.61291086561133
8229,flow:valve1:vessel,0.22922922922922953,201.83472875819487
8230,flow:valve1:vessel,0.23023023023023015,204.97374592802376
8231,flow:valve1:vessel,0.2312312312312308,208.02917917670385
8232,flow:valve1:vessel,0.23223223223223144,211.00029871121288
8233,flow:valve1:vessel,0.23323323323323383,213.88642814633715
8234,flow:valve1:vessel,0.2342342342342345,216.68694444969483
8235,flow:valve1:vessel,0.23523523523523515,219.4012778301708
8236,flow:valve1:vessel,0.2362362362362358,222.0289115707422
8237,flow:valve1:vessel,0.23723723723723644,224.56938180631715
8238,flow:valve1:vessel,0.2382382382382389,227.02227724791717
8239,flow:valve1:vessel,0.2392392392392395,229.3872388540493
8240,flow:valve1:vessel,0.24024024024024015,231.66395945048927
8241,flow:valve1:vessel,0.2412412412412408,233.85218329981936
8242,flow:valve1:vessel,0.24224224224224145,235.9517056217203
8243,flow:valve1:vessel,0.24324324324324387,237.96237206567784
8244,flow:valve1:vessel,0.2442442442442445,239.8840781372901
8245,flow:valve1:vessel,0.24524524524524516,241.7167685796981
8246,flow:valve1:vessel,0.2462462462462458,243.4604367117701
8247,flow:valve1:vessel,0.24724724724724645,245.11512372432995
8248,flow:valve1:vessel,0.24824824824824887,246.68091793632
8249,flow:valve1:vessel,0.24924924924924952,248.15795401233743
8250,flow:valve1:vessel,0.25025025025025016,249.5464121432772
8251,flow:valve1:vessel,0.2512512512512508,250.8465171918934
8252,flow:valve1:vessel,0.25225225225225145,252.05853780477705
8253,flow:valve1:vessel,0.2532532532532539,253.1827854927635
8254,flow:valve1:vessel,0.2542542542542545,254.21961368137084
8255,flow:valve1:vessel,0.25525525525525516,255.1694167331071
8256,flow:valve1:vessel,0.2562562562562558,256.0326289435597
8257,flow:valve1:vessel,0.25725725725725646,256.80972351285243
8258,flow:valve1:vessel,0.2582582582582589,257.5012114945277
8259,flow:valve1:vessel,0.2592592592592595,258.1076407235177
8260,flow:valve1:vessel,0.26026026026026017,258.6295947250524
8261,flow:valve1:vessel,0.2612612612612608,259.06769160642125
8262,flow:valve1:vessel,0.26226226226226146,259.42258293317997
8263,flow:valve1:vessel,0.2632632632632639,259.6949525918121
8264,flow:valve1:vessel,0.2642642642642645,259.8855156404729
8265,flow:valve1:vessel,0.26526526526526517,259.9950171496072
8266,flow:valve1:vessel,0.2662662662662658,260.0242310342626
8267,flow:valve1:vessel,0.26726726726726646,259.97395887962045
8268,flow:valve1:vessel,0.2682682682682689,259.84502876163066
8269,flow:valve1:vessel,0.26926926926926953,259.638294064263
8270,flow:valve1:vessel,0.2702702702702702,259.354632295039
8271,flow:valve1:vessel,0.2712712712712708,258.99494390049443
8272,flow:valve1:vessel,0.27227227227227146,258.560151082981
8273,flow:valve1:vessel,0.2732732732732739,258.05119662047355
8274,flow:valve1:vessel,0.27427427427427453,257.4690426907487
8275,flow:valve1:vessel,0.2752752752752752,256.81466970140116
8276,flow:valve1:vessel,0.2762762762762758,256.08907512712995
8277,flow:valve1:vessel,0.27727727727727647,255.29327235552736
8278,flow:valve1:vessel,0.2782782782782789,254.4282895427884
8279,flow:valve1:vessel,0.27927927927927954,253.49516848050453
8280,flow:valve1:vessel,0.2802802802802802,252.49496347477137
8281,flow:valve1:vessel,0.2812812812812808,251.4287402387982
8282,flow:valve1:vessel,0.28228228228228147,250.2975748000302
8283,flow:valve1:vessel,0.2832832832832839,249.1025524229384
8284,flow:valve1:vessel,0.28428428428428454,247.84476654840043
8285,flow:valve1:vessel,0.2852852852852852,246.52531775065216
8286,flow:valve1:vessel,0.28628628628628583,245.1453127127293
8287,flow:valve1:vessel,0.2872872872872865,243.70586322117856
8288,flow:valve1:vessel,0.2882882882882889,242.2080851809083
8289,flow:valve1:vessel,0.28928928928928954,240.65309765086755
8290,flow:valve1:vessel,0.2902902902902902,239.0420219012578
8291,flow:valve1:vessel,0.29129129129129083,237.37598049294616
8292,flow:valve1:vessel,0.2922922922922915,235.65609637961117
8293,flow:valve1:vessel,0.2932932932932939,233.8834920332181
8294,flow:valve1:vessel,0.29429429429429455,232.05928859327565
8295,flow:valve1:vessel,0.2952952952952952,230.1846050403309
8296,flow:valve1:vessel,0.29629629629629584,228.26055739409665
8297,flow:valve1:vessel,0.2972972972972965,226.28825793654235
8298,flow:valve1:vessel,0.2982982982982989,224.26881446026624
8299,flow:valve1:vessel,0.29929929929929955,222.20332954238927
8300,flow:valve1:vessel,0.3003003003003002,220.09289984419033
8301,flow:valve1:vessel,0.30130130130130084,217.9635479000505
8302,flow:valve1:vessel,0.3023023023023015,215.83170235048567
8303,flow:valve1:vessel,0.3033033033033039,213.6897353886673
8304,flow:valve1:vessel,0.30430430430430455,211.5419973347501
8305,flow:valve1:vessel,0.3053053053053052,209.38684246017937
8306,flow:valve1:vessel,0.30630630630630584,207.22561344691587
8307,flow:valve1:vessel,0.3073073073073065,205.05814965828273
8308,flow:valve1:vessel,0.3083083083083089,202.88503288537973
8309,flow:valve1:vessel,0.30930930930930955,200.70646448500625
8310,flow:valve1:vessel,0.3103103103103102,198.52282680177063
8311,flow:valve1:vessel,0.31131131131131085,196.33440245773937
8312,flow:valve1:vessel,0.3123123123123115,194.14151471193503
8313,flow:valve1:vessel,0.3133133133133139,191.9444572896156
8314,flow:valve1:vessel,0.31431431431431456,189.7435294810426
8315,flow:valve1:vessel,0.3153153153153152,187.53901860984024
8316,flow:valve1:vessel,0.31631631631631585,185.3312088207768
8317,flow:valve1:vessel,0.3173173173173165,183.1203767119727
8318,flow:valve1:vessel,0.3183183183183189,180.9067935489205
8319,flow:valve1:vessel,0.31931931931931956,178.69072419152533
8320,flow:valve1:vessel,0.3203203203203202,176.47242766846534
8321,flow:valve1:vessel,0.32132132132132085,174.2521569316006
8322,flow:valve1:vessel,0.3223223223223215,172.03015902398786
8323,flow:valve1:vessel,0.3233233233233239,169.806675044598
8324,flow:valve1:vessel,0.32432432432432456,167.58194021808652
8325,flow:valve1:vessel,0.3253253253253252,165.35618391535024
8326,flow:valve1:vessel,0.32632632632632586,163.12962970186774
8327,flow:valve1:vessel,0.3273273273273265,160.90249537525884
8328,flow:valve1:vessel,0.3283283283283289,158.674993011211
8329,flow:valve1:vessel,0.32932932932932957,156.44732900810422
8330,flow:valve1:vessel,0.3303303303303302,154.21970413507623
8331,flow:valve1:vessel,0.33133133133133086,151.99231358102264
8332,flow:valve1:vessel,0.3323323323323315,149.76534700572495
8333,flow:valve1:vessel,0.3333333333333339,147.53898859237282
8334,flow:valve1:vessel,0.33433433433433457,145.3134171017666
8335,flow:valve1:vessel,0.3353353353353352,143.0888059279588
8336,flow:valve1:vessel,0.33633633633633586,140.8653231553319
8337,flow:valve1:vessel,0.3373373373373365,138.64313161705766
8338,flow:valve1:vessel,0.33833833833833893,136.42238895483715
8339,flow:valve1:vessel,0.3393393393393396,134.2032476798891
8340,flow:valve1:vessel,0.3403403403403402,131.9858552351236
8341,flow:valve1:vessel,0.34134134134134086,129.7703540584037
8342,flow:valve1:vessel,0.3423423423423415,127.55688164690244
8343,flow:valve1:vessel,0.34334334334334393,125.34557062243006
8344,flow:valve1:vessel,0.3443443443443446,123.13654879771796
8345,flow:valve1:vessel,0.3453453453453452,120.92993924359205
8346,flow:valve1:vessel,0.34634634634634587,118.72586035695548
8347,flow:valve1:vessel,0.3473473473473465,116.52442592958118
8348,flow:valve1:vessel,0.34834834834834894,114.32574521760576
8349,flow:valve1:vessel,0.3493493493493496,112.12992301170668
8350,flow:valve1:vessel,0.3503503503503502,109.93705970791876
8351,flow:valve1:vessel,0.35135135135135087,107.74725137898524
8352,flow:valve1:vessel,0.3523523523523515,105.56058984629
8353,flow:valve1:vessel,0.35335335335335394,103.37716275223148
8354,flow:valve1:vessel,0.3543543543543546,101.19705363305503
8355,flow:valve1:vessel,0.35535535535535523,99.02034199208174
8356,flow:valve1:vessel,0.3563563563563559,96.84710337325919
8357,flow:valve1:vessel,0.3573573573573565,94.67740943506581
8358,flow:valve1:vessel,0.35835835835835894,92.51132802465135
8359,flow:valve1:vessel,0.3593593593593596,90.34892325222476
8360,flow:valve1:vessel,0.36036036036036023,88.19025556564573
8361,flow:valve1:vessel,0.3613613613613609,86.03538182513685
8362,flow:valve1:vessel,0.3623623623623615,83.88435537817249
8363,flow:valve1:vessel,0.36336336336336394,81.73722613441316
8364,flow:valve1:vessel,0.36436436436436453,79.59404064072083
8365,flow:valve1:vessel,0.3653653653653653,77.45484215620812
8366,flow:valve1:vessel,0.36636636636636594,75.31967072724045
8367,flow:valve1:vessel,0.3673673673673666,73.18856326246812
8368,flow:valve1:vessel,0.36836836836836895,71.0615536077473
8369,flow:valve1:vessel,0.3693693693693696,68.93867262099943
8370,flow:valve1:vessel,0.37037037037037024,66.81994824696926
8371,flow:valve1:vessel,0.3713713713713709,64.70540559179818
8372,flow:valve1:vessel,0.37237237237237153,62.59506699750849
8373,flow:valve1:vessel,0.3733733733733739,60.48895211624664
8374,flow:valve1:vessel,0.37437437437437454,58.387077984358584
8375,flow:valve1:vessel,0.3753753753753752,56.28945909624698
8376,flow:valve1:vessel,0.37637637637637594,54.196107477943954
8377,flow:valve1:vessel,0.37737737737737653,52.107032760490746
8378,flow:valve1:vessel,0.37837837837837895,50.022242252989834
8379,flow:valve1:vessel,0.3793793793793796,47.94174101539171
8380,flow:valve1:vessel,0.38038038038038025,45.86553193098733
8381,flow:valve1:vessel,0.3813813813813809,43.79361577853114
8382,flow:valve1:vessel,0.38238238238238154,41.725991304102
8383,flow:valve1:vessel,0.383383383383384,39.66265529256309
8384,flow:valve1:vessel,0.38438438438438466,37.603602638694504
8385,flow:valve1:vessel,0.3853853853853853,35.54882641797005
8386,flow:valve1:vessel,0.3863863863863859,33.49831795690841
8387,flow:valve1:vessel,0.38738738738738654,31.4520669031106
8388,flow:valve1:vessel,0.38838838838838896,29.410061294850713
8389,flow:valve1:vessel,0.3893893893893896,27.372287630291133
8390,flow:valve1:vessel,0.39039039039039025,25.338730936309865
8391,flow:valve1:vessel,0.3913913913913909,23.309374836857177
8392,flow:valve1:vessel,0.39239239239239154,21.284201620975697
8393,flow:valve1:vessel,0.3933933933933939,19.263192310335995
8394,flow:valve1:vessel,0.39439439439439467,17.246326726382026
8395,flow:valve1:vessel,0.39539539539539525,15.233583557055583
8396,flow:valve1:vessel,0.3963963963963959,13.224940423040344
8397,flow:valve1:vessel,0.39739739739739655,11.220373943649491
8398,flow:valve1:vessel,0.39839839839839897,9.219859802219124
8399,flow:valve1:vessel,0.3993993993993996,7.223372811095178
8400,flow:valve1:vessel,0.40040040040040026,5.230886976205003
8401,flow:valve1:vessel,0.4014014014014009,3.2423755611307463
8402,flow:valve1:vessel,0.4024024024024015,1.2578111508320005
8403,flow:valve1:vessel,0.403403403403404,-0.6303226166444688
8404,flow:valve1:vessel,0.4044044044044046,0.26897297968230005
8405,flow:valve1:vessel,0.40540540540540526,-0.2256652240428066
8406,flow:valve1:vessel,0.4064064064064059,-0.023565707927535345
8407,flow:valve1:vessel,0.40740740740740655,-0.17005633320934116
8408,flow:valve1:vessel,0.408408408408409,-0.1424688154498956
8409,flow:valve1:vessel,0.4094094094094096,-0.2021322094168974
8410,flow:valve1:vessel,0.41041041041041026,-0.21837701896133416
8411,flow:valve1:vessel,0.41141141141141085,-0.256532973418709
8412,flow:valve1:vessel,0.4124124124124115,-0.2839301738663794
8413,flow:valve1:vessel,0.413413413413414,-0.3168985140149656
8414,flow:valve1:vessel,0.4144144144144146,-0.34726797180483765
8415,flow:valve1:vessel,0.41541541541541527,-0.37911846403253274
8416,flow:valve1:vessel,0.4164164164164159,-0.4104049197654201
8417,flow:valve1:vessel,0.41741741741741656,-0.4421447442835317
8418,flow:valve1:vessel,0.418418418418419,-0.4738240877575892
8419,flow:valve1:vessel,0.4194194194194196,-0.5056947115442998
8420,flow:valve1:vessel,0.4204204204204202,-0.5376255556620011
8421,flow:valve1:vessel,0.42142142142142097,-0.5696769556667793
8422,flow:valve1:vessel,0.4224224224224216,-0.6018135348182643
8423,flow:valve1:vessel,0.423423423423424,-0.6340477585925858
8424,flow:valve1:vessel,0.42442442442442463,-0.6663681580140054
8425,flow:valve1:vessel,0.4254254254254253,-0.6987752185697839
8426,flow:valve1:vessel,0.4264264264264259,-0.7312634363278173
8427,flow:valve1:vessel,0.42742742742742657,-0.7638302904461812
8428,flow:valve1:vessel,0.428428428428429,-0.7964717574817743
8429,flow:valve1:vessel,0.4294294294294296,-0.8291845547945189
8430,flow:valve1:vessel,0.4304304304304302,-0.8619650193988532
8431,flow:valve1:vessel,0.43143143143143087,-0.8948096690883948
8432,flow:valve1:vessel,0.4324324324324316,-0.9277149224193598
8433,flow:valve1:vessel,0.433433433433434,-0.9606772392616743
8434,flow:valve1:vessel,0.43443443443443464,-0.9936930510630805
8435,flow:valve1:vessel,0.4354354354354353,-1.0267587962534452
8436,flow:valve1:vessel,0.4364364364364359,-1.059870903077274
8437,flow:valve1:vessel,0.43743743743743657,-1.0930257987087928
8438,flow:valve1:vessel,0.43843843843843894,-1.1262199052240132
8439,flow:valve1:vessel,0.4394394394394397,-1.1594496421423162
8440,flow:valve1:vessel,0.44044044044044034,-1.1927114256809244
8441,flow:valve1:vessel,0.441441441441441,-1.2260016696521794
8442,flow:valve1:vessel,0.4424424424424416,-1.2593167855369165
8443,flow:valve1:vessel,0.443443443443444,-1.292653182968816
8444,flow:valve1:vessel,0.44444444444444464,-1.3260072700119103
8445,flow:valve1:vessel,0.4454454454454453,-1.359375453539868
8446,flow:valve1:vessel,0.44644644644644593,-1.392754139564083
8447,flow:valve1:vessel,0.4474474474474466,-1.4261397335854402
8448,flow:valve1:vessel,0.44844844844844894,-1.4595286409336874
8449,flow:valve1:vessel,0.4494494494494497,-1.4929172671120516
8450,flow:valve1:vessel,0.45045045045045035,-1.5263020181379383
8451,flow:valve1:vessel,0.45145145145145094,-1.5596793008856185
8452,flow:valve1:vessel,0.4524524524524516,-1.5930455234263043
8453,flow:valve1:vessel,0.453453453453454,-1.6263970953691638
8454,flow:valve1:vessel,0.45445445445445465,-1.6597304282012126
8455,flow:valve1:vessel,0.4554554554554553,-1.6930419356266049
8456,flow:valve1:vessel,0.45645645645645594,-1.7263280339064744
8457,flow:valve1:vessel,0.4574574574574566,-1.7595851421969797
8458,flow:valve1:vessel,0.45845845845845906,-1.7928096828880518
8459,flow:valve1:vessel,0.4594594594594597,-1.825998081941198
8460,flow:valve1:vessel,0.4604604604604603,-1.8591467692267525
8461,flow:valve1:vessel,0.46146146146146094,-1.8922521788616733
8462,flow:valve1:vessel,0.4624624624624616,-1.92531074954564
8463,flow:valve1:vessel,0.463463463463464,-1.95831892489781
8464,flow:valve1:vessel,0.46446446446446465,-1.99127315379273
8465,flow:valve1:vessel,0.4654654654654653,-2.0241698906956067
8466,flow:valve1:vessel,0.46646646646646595,-2.0570055959982154
8467,flow:valve1:vessel,0.46746746746746654,-2.089776736353012
8468,flow:valve1:vessel,0.468468468468469,-2.1224797850080055
8469,flow:valve1:vessel,0.46946946946946966,-2.15511122214064
8470,flow:valve1:vessel,0.4704704704704703,-2.1876675351911095
8471,flow:valve1:vessel,0.47147147147147095,-2.2201452191962514
8472,flow:valve1:vessel,0.4724724724724716,-2.2525407771215797
8473,flow:valve1:vessel,0.473473473473474,-2.2848507201941106
8474,flow:valve1:vessel,0.47447447447447466,-2.317071568234062
8475,flow:valve1:vessel,0.4754754754754753,-2.349199849986057
8476,flow:valve1:vessel,0.4764764764764759,-2.381232103450716
8477,flow:valve1:vessel,0.47747747747747665,-2.4131648762145117
8478,flow:valve1:vessel,0.478478478478479,-2.444994725780138
8479,flow:valve1:vessel,0.47947947947947966,-2.476718219895963
8480,flow:valve1:vessel,0.4804804804804803,-2.508331936884649
8481,flow:valve1:vessel,0.48148148148148096,-2.5398324659723253
8482,flow:valve1:vessel,0.4824824824824816,-2.571216407615791
8483,flow:valve1:vessel,0.483483483483484,-2.6024803738303017
8484,flow:valve1:vessel,0.48448448448448467,-2.6336209885162107
8485,flow:valve1:vessel,0.48548548548548526,-2.664634887784886
8486,flow:valve1:vessel,0.4864864864864859,-2.695518720284935
8487,flow:valve1:vessel,0.48748748748748655,-2.726269147526487
8488,flow:valve1:vessel,0.488488488488489,-2.7568828442059483
8489,flow:valve1:vessel,0.48948948948948967,-2.7873564985295065
8490,flow:valve1:vessel,0.4904904904904903,-2.8176868125358654
8491,flow:valve1:vessel,0.49149149149149096,-2.8478705024191666
8492,flow:valve1:vessel,0.4924924924924916,-2.8779042988499066
8493,flow:valve1:vessel,0.493493493493494,-2.907784947296197
8494,flow:valve1:vessel,0.4944944944944946,-2.9375092083437573
8495,flow:valve1:vessel,0.4954954954954954,-2.9670738580149423
8496,flow:valve1:vessel,0.496496496496496,-2.9964756880879344
8497,flow:valve1:vessel,0.49749749749749667,-3.0257115064138116
8498,flow:valve1:vessel,0.49849849849849903,-3.05477813723386
8499,flow:valve1:vessel,0.4994994994994997,-3.0836724214954834
8500,flow:valve1:vessel,0.5005005005005003,-3.1123912171671377
8501,flow:valve1:vessel,0.501501501501501,-3.140931399553179
8502,flow:valve1:vessel,0.5025025025025016,-3.1692898616066434
8503,flow:valve1:vessel,0.503503503503504,-3.197463514242027
8504,flow:valve1:vessel,0.5045045045045047,-3.225449286646622
8505,flow:valve1:vessel,0.5055055055055053,-3.253244126590776
8506,flow:valve1:vessel,0.506506506506506,-3.2808450007378833
8507,flow:valve1:vessel,0.5075075075075066,-3.3082488949522713
8508,flow:valve1:vessel,0.508508508508509,-3.335452814606902
8509,flow:valve1:vessel,0.5095095095095097,-3.36245378488958
8510,flow:valve1:vessel,0.5105105105105103,-3.3892488511078795
8511,flow:valve1:vessel,0.511511511511511,-3.4158350789937617
8512,flow:valve1:vessel,0.5125125125125116,-3.4422095550059053
8513,flow:valve1:vessel,0.513513513513514,-3.4683693866317538
8514,flow:valve1:vessel,0.5145145145145147,-3.4943117026879325
8515,flow:valve1:vessel,0.5155155155155153,-3.520033653619278
8516,flow:valve1:vessel,0.516516516516516,-3.5455324117973697
8517,flow:valve1:vessel,0.5175175175175166,-3.5708051718167035
8518,flow:valve1:vessel,0.518518518518519,-3.5958491507904276
8519,flow:valve1:vessel,0.5195195195195197,-3.6206615886442832
8520,flow:valve1:vessel,0.5205205205205203,-3.6452397484090735
8521,flow:valve1:vessel,0.521521521521521,-3.669580916512442
8522,flow:valve1:vessel,0.5225225225225216,-3.693682403068184
8523,flow:valve1:vessel,0.523523523523524,-3.7175415421649745
8524,flow:valve1:vessel,0.5245245245245247,-3.7411556921531446
8525,flow:valve1:vessel,0.5255255255255253,-3.764522235929853
8526,flow:valve1:vessel,0.526526526526526,-3.787638581223401
8527,flow:valve1:vessel,0.5275275275275266,-3.810502160874963
8528,flow:valve1:vessel,0.528528528528529,-3.8331104331195407
8529,flow:valve1:vessel,0.5295295295295297,-3.8554608818648526
8530,flow:valve1:vessel,0.5305305305305303,-3.877551016968451
8531,flow:valve1:vessel,0.531531531531531,-3.8993783745138018
8532,flow:valve1:vessel,0.5325325325325316,-3.9209405170836735
8533,flow:valve1:vessel,0.533533533533534,-3.942235034032537
8534,flow:valve1:vessel,0.5345345345345347,-3.963259541756792
8535,flow:valve1:vessel,0.5355355355355353,-3.9840116839630193
8536,flow:valve1:vessel,0.536536536536536,-4.004489131935045
8537,flow:valve1:vessel,0.5375375375375366,-4.024689584798156
8538,flow:valve1:vessel,0.5385385385385391,-4.044610769782178
8539,flow:valve1:vessel,0.5395395395395397,-4.064250442482144
8540,flow:valve1:vessel,0.5405405405405403,-4.0836063871169355
8541,flow:valve1:vessel,0.541541541541541,-4.102676416786427
8542,flow:valve1:vessel,0.5425425425425416,-4.121458373725746
8543,flow:valve1:vessel,0.5435435435435441,-4.1399501295581125
8544,flow:valve1:vessel,0.5445445445445447,-4.158149585545166
8545,flow:valve1:vessel,0.5455455455455454,-4.176054672835074
8546,flow:valve1:vessel,0.546546546546546,-4.193663352708928
8547,flow:valve1:vessel,0.5475475475475466,-4.2109736168241545
8548,flow:valve1:vessel,0.5485485485485491,-4.227983487456241
8549,flow:valve1:vessel,0.5495495495495497,-4.244691017737844
8550,flow:valve1:vessel,0.5505505505505504,-4.261094291895458
8551,flow:valve1:vessel,0.551551551551551,-4.277191425484185
8552,flow:valve1:vessel,0.5525525525525516,-4.292980565619372
8553,flow:valve1:vessel,0.5535535535535541,-4.308459891206336
8554,flow:valve1:vessel,0.5545545545545547,-4.323627613167337
8555,flow:valve1:vessel,0.5555555555555554,-4.3384819746658785
8556,flow:valve1:vessel,0.556556556556556,-4.353021251328954
8557,flow:valve1:vessel,0.5575575575575566,-4.36724375146595
8558,flow:valve1:vessel,0.5585585585585591,-4.38114781628549
8559,flow:valve1:vessel,0.5595595595595597,-4.39442198045028
8560,flow:valve1:vessel,0.5605605605605604,-4.406700952204166
8561,flow:valve1:vessel,0.561561561561561,-4.417997284045814
8562,flow:valve1:vessel,0.5625625625625617,-4.428410651415286
8563,flow:valve1:vessel,0.5635635635635641,-4.438012206058591
8564,flow:valve1:vessel,0.5645645645645647,-4.446868281231795
8565,flow:valve1:vessel,0.5655655655655654,-4.455036945429575
8566,flow:valve1:vessel,0.566566566566566,-4.462569663219883
8567,flow:valve1:vessel,0.5675675675675667,-4.469511861104294
8568,flow:valve1:vessel,0.5685685685685691,-4.4759035955311015
8569,flow:valve1:vessel,0.5695695695695697,-4.48178011515329
8570,flow:valve1:vessel,0.5705705705705704,-4.48717236341983
8571,flow:valve1:vessel,0.571571571571571,-4.492107425406603
8572,flow:valve1:vessel,0.5725725725725717,-4.496608925362301
8573,flow:valve1:vessel,0.5735735735735741,-4.500697382009088
8574,flow:valve1:vessel,0.5745745745745747,-4.504390526477844
8575,flow:valve1:vessel,0.5755755755755754,-4.507703587888437
8576,flow:valve1:vessel,0.576576576576576,-4.510649550564806
8577,flow:valve1:vessel,0.5775775775775767,-4.513239386578573
8578,flow:valve1:vessel,0.5785785785785791,-4.51548226675732
8579,flow:valve1:vessel,0.5795795795795797,-4.517385752955995
8580,flow:valve1:vessel,0.5805805805805804,-4.51895597401982
8581,flow:valve1:vessel,0.581581581581581,-4.52019778757966
8582,flow:valve1:vessel,0.5825825825825817,-4.521114929547817
8583,flow:valve1:vessel,0.5835835835835841,-4.521710152952447
8584,flow:valve1:vessel,0.5845845845845847,-4.521985357538113
8585,flow:valve1:vessel,0.5855855855855854,-4.5219417113765035
8586,flow:valve1:vessel,0.586586586586586,-4.521579765565528
8587,flow:valve1:vessel,0.5875875875875867,-4.520899562946182
8588,flow:valve1:vessel,0.5885885885885891,-4.519900741633454
8589,flow:valve1:vessel,0.5895895895895897,-4.518582634035474
8590,flow:valve1:vessel,0.5905905905905904,-4.516944361924962
8591,flow:valve1:vessel,0.591591591591591,-4.514984928026104
8592,flow:valve1:vessel,0.5925925925925917,-4.512703304486507
8593,flow:valve1:vessel,0.5935935935935941,-4.510098518519092
8594,flow:valve1:vessel,0.5945945945945947,-4.507169735418752
8595,flow:valve1:vessel,0.5955955955955954,-4.503916339085576
8596,flow:valve1:vessel,0.596596596596596,-4.500338010118029
8597,flow:valve1:vessel,0.5975975975975967,-4.4964348014758615
8598,flow:valve1:vessel,0.5985985985985991,-4.4922072116540015
8599,flow:valve1:vessel,0.5995995995995997,-4.48765625525394
8600,flow:valve1:vessel,0.6006006006006004,-4.482808836832766
8601,flow:valve1:vessel,0.601601601601601,-4.478152377822718
8602,flow:valve1:vessel,0.6026026026026017,-4.473632458354842
8603,flow:valve1:vessel,0.6036036036036041,-4.469268096777171
8604,flow:valve1:vessel,0.6046046046046047,-4.465041719047591
8605,flow:valve1:vessel,0.6056056056056054,-4.4609543703658385
8606,flow:valve1:vessel,0.606606606606606,-4.4569980578701145
8607,flow:valve1:vessel,0.6076076076076067,-4.4531695774473485
8608,flow:valve1:vessel,0.6086086086086091,-4.449463589064392
8609,flow:valve1:vessel,0.6096096096096097,-4.445876070127105
8610,flow:valve1:vessel,0.6106106106106104,-4.442402579774087
8611,flow:valve1:vessel,0.611611611611611,-4.439039118101678
8612,flow:valve1:vessel,0.6126126126126117,-4.435781688218625
8613,flow:valve1:vessel,0.6136136136136141,-4.432626507188282
8614,flow:valve1:vessel,0.6146146146146148,-4.429569892815016
8615,flow:valve1:vessel,0.6156156156156154,-4.426608312786865
8616,flow:valve1:vessel,0.616616616616616,-4.423738352908248
8617,flow:valve1:vessel,0.6176176176176167,-4.420956726046254
8618,flow:valve1:vessel,0.6186186186186191,-4.41826026096942
8619,flow:valve1:vessel,0.6196196196196198,-4.415645901480605
8620,flow:valve1:vessel,0.6206206206206204,-4.4131107006345145
8621,flow:valve1:vessel,0.621621621621621,-4.410651817636271
8622,flow:valve1:vessel,0.6226226226226217,-4.408266513614814
8623,flow:valve1:vessel,0.6236236236236241,-4.405952148166489
8624,flow:valve1:vessel,0.6246246246246248,-4.403706175713694
8625,flow:valve1:vessel,0.6256256256256254,-4.401526142148949
8626,flow:valve1:vessel,0.626626626626626,-4.399409681522292
8627,flow:valve1:vessel,0.6276276276276267,-4.397354512886334
8628,flow:valve1:vessel,0.6286286286286291,-4.395358437235381
8629,flow:valve1:vessel,0.6296296296296298,-4.393419334564222
8630,flow:valve1:vessel,0.6306306306306304,-4.39153516102775
8631,flow:valve1:vessel,0.631631631631631,-4.389703946205108
8632,flow:valve1:vessel,0.6326326326326317,-4.387923790460906
8633,flow:valve1:vessel,0.6336336336336341,-4.386192862401896
8634,flow:valve1:vessel,0.6346346346346348,-4.3845093964247255
8635,flow:valve1:vessel,0.6356356356356354,-4.3828716903519656
8636,flow:valve1:vessel,0.636636636636636,-4.381278103153037
8637,flow:valve1:vessel,0.6376376376376367,-4.379727052747029
8638,flow:valve1:vessel,0.6386386386386391,-4.378217013884515
8639,flow:valve1:vessel,0.6396396396396398,-4.376746516105441
8640,flow:valve1:vessel,0.6406406406406404,-4.3753141417704375
8641,flow:valve1:vessel,0.6416416416416411,-4.373918524162847
8642,flow:valve1:vessel,0.6426426426426417,-4.372558345658982
8643,flow:valve1:vessel,0.6436436436436441,-4.371232335964118
8644,flow:valve1:vessel,0.6446446446446448,-4.369939270411888
8645,flow:valve1:vessel,0.6456456456456454,-4.3686779683247865
8646,flow:valve1:vessel,0.6466466466466461,-4.367447291433587
8647,flow:valve1:vessel,0.6476476476476467,-4.366246142353553
8648,flow:valve1:vessel,0.6486486486486491,-4.365073463115444
8649,flow:valve1:vessel,0.6496496496496498,-4.363928233749243
8650,flow:valve1:vessel,0.6506506506506504,-4.362809470918849
8651,flow:valve1:vessel,0.6516516516516511,-4.3617162266057825
8652,flow:valve1:vessel,0.6526526526526517,-4.360647586840228
8653,flow:valve1:vessel,0.6536536536536541,-4.359602670477643
8654,flow:valve1:vessel,0.6546546546546548,-4.358580628019363
8655,flow:valve1:vessel,0.6556556556556554,-4.357580640475559
8656,flow:valve1:vessel,0.6566566566566561,-4.356601918269082
8657,flow:valve1:vessel,0.6576576576576567,-4.355643700178682
8658,flow:valve1:vessel,0.6586586586586591,-4.354705252320195
8659,flow:valve1:vessel,0.6596596596596598,-4.353785867164366
8660,flow:valve1:vessel,0.6606606606606604,-4.352884862589947
8661,flow:valve1:vessel,0.6616616616616611,-4.352001580970822
8662,flow:valve1:vessel,0.6626626626626617,-4.351135388295952
8663,flow:valve1:vessel,0.6636636636636641,-4.3502856733209265
8664,flow:valve1:vessel,0.6646646646646648,-4.349451846750006
8665,flow:valve1:vessel,0.6656656656656654,-4.348633340447583
8666,flow:valve1:vessel,0.6666666666666661,-4.347829606677931
8667,flow:valve1:vessel,0.6676676676676667,-4.347040117372326
8668,flow:valve1:vessel,0.6686686686686691,-4.346264363422454
8669,flow:valve1:vessel,0.6696696696696698,-4.345501853999256
8670,flow:valve1:vessel,0.6706706706706704,-4.34475211589621
8671,flow:valve1:vessel,0.6716716716716711,-4.344014692896236
8672,flow:valve1:vessel,0.6726726726726717,-4.3432891451613385
8673,flow:valve1:vessel,0.6736736736736741,-4.342575048644189
8674,flow:valve1:vessel,0.6746746746746748,-4.341871994520856
8675,flow:valve1:vessel,0.6756756756756754,-4.341179588643892
8676,flow:valve1:vessel,0.6766766766766761,-4.340497451015124
8677,flow:valve1:vessel,0.6776776776776767,-4.339825215277325
8678,flow:valve1:vessel,0.6786786786786791,-4.339162528224212
8679,flow:valve1:vessel,0.6796796796796798,-4.338509049328008
8680,flow:valve1:vessel,0.6806806806806804,-4.337864450283995
8681,flow:valve1:vessel,0.6816816816816811,-4.33722841457145
8682,flow:valve1:vessel,0.6826826826826817,-4.336600637030316
8683,flow:valve1:vessel,0.6836836836836842,-4.335980823453139
8684,flow:valve1:vessel,0.6846846846846848,-4.335368690191602
8685,flow:valve1:vessel,0.6856856856856854,-4.334763963777273
8686,flow:valve1:vessel,0.6866866866866861,-4.334166380555904
8687,flow:valve1:vessel,0.6876876876876867,-4.3335756863349335
8688,flow:valve1:vessel,0.6886886886886892,-4.332991636043612
8689,flow:valve1:vessel,0.6896896896896898,-4.332413993405372
8690,flow:valve1:vessel,0.6906906906906904,-4.33184253062193
8691,flow:valve1:vessel,0.6916916916916911,-4.3312770280687936
8692,flow:valve1:vessel,0.6926926926926917,-4.330717274001649
8693,flow:valve1:vessel,0.6936936936936942,-4.330163064273352
8694,flow:valve1:vessel,0.6946946946946948,-4.329614202061053
8695,flow:valve1:vessel,0.6956956956956954,-4.329070497603134
8696,flow:valve1:vessel,0.6966966966966961,-4.328531767945617
8697,flow:valve1:vessel,0.6976976976976967,-4.327997836697649
8698,flow:valve1:vessel,0.6986986986986992,-4.3274685337958045
8699,flow:valve1:vessel,0.6996996996996998,-4.326943695276839
8700,flow:valve1:vessel,0.7007007007007005,-4.326423163058611
8701,flow:valve1:vessel,0.7017017017017011,-4.325906784728885
8702,flow:valve1:vessel,0.7027027027027017,-4.325394413341698
8703,flow:valve1:vessel,0.7037037037037042,-4.324885907221072
8704,flow:valve1:vessel,0.7047047047047048,-4.324381129771759
8705,flow:valve1:vessel,0.7057057057057055,-4.3238799492967965
8706,flow:valve1:vessel,0.7067067067067061,-4.323382238821603
8707,flow:valve1:vessel,0.7077077077077067,-4.322887875924417
8708,flow:valve1:vessel,0.7087087087087092,-4.322396742572805
8709,flow:valve1:vessel,0.7097097097097098,-4.321908724966055
8710,flow:valve1:vessel,0.7107107107107105,-4.32142371338323
8711,flow:valve1:vessel,0.7117117117117111,-4.32094160203668
8712,flow:valve1:vessel,0.7127127127127117,-4.320462288930826
8713,flow:valve1:vessel,0.7137137137137142,-4.319985675725989
8714,flow:valve1:vessel,0.7147147147147148,-4.319511667607149
8715,flow:valve1:vessel,0.7157157157157155,-4.319040173157396
8716,flow:valve1:vessel,0.7167167167167161,-4.318571104235925
8717,flow:valve1:vessel,0.7177177177177168,-4.318104375860431
8718,flow:valve1:vessel,0.7187187187187192,-4.317639906093711
8719,flow:valve1:vessel,0.7197197197197198,-4.317177615934352
8720,flow:valve1:vessel,0.7207207207207205,-4.316717429211338
8721,flow:valve1:vessel,0.7217217217217211,-4.316259272482456
8722,flow:valve1:vessel,0.7227227227227218,-4.3158030749363245
8723,flow:valve1:vessel,0.7237237237237242,-4.315348768297976
8724,flow:valve1:vessel,0.7247247247247248,-4.314896286737808
8725,flow:valve1:vessel,0.7257257257257255,-4.314445566783809
8726,flow:valve1:vessel,0.7267267267267261,-4.313996547236946
8727,flow:valve1:vessel,0.7277277277277268,-4.31354916908957
8728,flow:valve1:vessel,0.7287287287287291,-4.313103375446792
8729,flow:valve1:vessel,0.7297297297297297,-4.312659111450633
8730,flow:valve1:vessel,0.7307307307307304,-4.312215233095593
8731,flow:valve1:vessel,0.7317317317317312,-4.31177137656482
8732,flow:valve1:vessel,0.7327327327327319,-4.311327601338621
8733,flow:valve1:vessel,0.7337337337337343,-4.310883895125093
8734,flow:valve1:vessel,0.7347347347347348,-4.310440259992054
8735,flow:valve1:vessel,0.7357357357357355,-4.309996695140698
8736,flow:valve1:vessel,0.7367367367367361,-4.309553200350766
8737,flow:valve1:vessel,0.7377377377377385,-4.309109775291433
8738,flow:valve1:vessel,0.7387387387387392,-4.308666419659071
8739,flow:valve1:vessel,0.7397397397397398,-4.308223133149614
8740,flow:valve1:vessel,0.7407407407407405,-4.3077799154640175
8741,flow:valve1:vessel,0.7417417417417411,-4.307336766307099
8742,flow:valve1:vessel,0.7427427427427435,-4.306893685387704
8743,flow:valve1:vessel,0.7437437437437442,-4.306450672418591
8744,flow:valve1:vessel,0.7447447447447448,-4.306007727116413
8745,flow:valve1:vessel,0.7457457457457455,-4.305564849201634
8746,flow:valve1:vessel,0.7467467467467461,-4.305122038398486
8747,flow:valve1:vessel,0.7477477477477484,-4.30467929443493
8748,flow:valve1:vessel,0.7487487487487491,-4.304236617042581
8749,flow:valve1:vessel,0.7497497497497497,-4.303794005956672
8750,flow:valve1:vessel,0.7507507507507504,-4.303351460916003
8751,flow:valve1:vessel,0.7517517517517512,-4.302908981662879
8752,flow:valve1:vessel,0.7527527527527536,-4.302466567943086
8753,flow:valve1:vessel,0.7537537537537542,-4.302024219505814
8754,flow:valve1:vessel,0.7547547547547548,-4.301581936103629
8755,flow:valve1:vessel,0.7557557557557555,-4.301139717492425
8756,flow:valve1:vessel,0.7567567567567561,-4.300697563431364
8757,flow:valve1:vessel,0.7577577577577586,-4.300255473682855
8758,flow:valve1:vessel,0.7587587587587592,-4.29981344801248
8759,flow:valve1:vessel,0.7597597597597598,-4.299371486188979
8760,flow:valve1:vessel,0.7607607607607605,-4.298929587984182
8761,flow:valve1:vessel,0.7617617617617611,-4.298487753172983
8762,flow:valve1:vessel,0.7627627627627636,-4.298045981533292
8763,flow:valve1:vessel,0.7637637637637642,-4.297604272845992
8764,flow:valve1:vessel,0.7647647647647648,-4.297162626894897
8765,flow:valve1:vessel,0.7657657657657655,-4.296721043466723
8766,flow:valve1:vessel,0.766766766766766,-4.29627952235103
8767,flow:valve1:vessel,0.7677677677677687,-4.295838063340195
8768,flow:valve1:vessel,0.7687687687687693,-4.295396666229377
8769,flow:valve1:vessel,0.76976976976977,-4.29495533081646
8770,flow:valve1:vessel,0.7707707707707706,-4.294514056902039
8771,flow:valve1:vessel,0.7717717717717713,-4.294072844289367
8772,flow:valve1:vessel,0.7727727727727736,-4.293631692784324
8773,flow:valve1:vessel,0.7737737737737742,-4.293190602195381
8774,flow:valve1:vessel,0.7747747747747749,-4.292749572333557
8775,flow:valve1:vessel,0.7757757757757755,-4.292308603012405
8776,flow:valve1:vessel,0.7767767767767761,-4.291867694047946
8777,flow:valve1:vessel,0.7777777777777786,-4.2914268452586635
8778,flow:valve1:vessel,0.7787787787787792,-4.290986056465455
8779,flow:valve1:vessel,0.7797797797797799,-4.290545327491598
8780,flow:valve1:vessel,0.7807807807807805,-4.290104658162732
8781,flow:valve1:vessel,0.7817817817817811,-4.289664048306801
8782,flow:valve1:vessel,0.7827827827827836,-4.289223497754052
8783,flow:valve1:vessel,0.7837837837837841,-4.288783006336972
8784,flow:valve1:vessel,0.7847847847847848,-4.288342573890292
8785,flow:valve1:vessel,0.7857857857857854,-4.287902200250913
8786,flow:valve1:vessel,0.786786786786786,-4.287461885257926
8787,flow:valve1:vessel,0.7877877877877887,-4.287021628752538
8788,flow:valve1:vessel,0.7887887887887893,-4.286581430578075
8789,flow:valve1:vessel,0.78978978978979,-4.286141290579929
8790,flow:valve1:vessel,0.7907907907907905,-4.285701208605545
8791,flow:valve1:vessel,0.7917917917917912,-4.28526118450439
8792,flow:valve1:vessel,0.7927927927927936,-4.2848212181279175
8793,flow:valve1:vessel,0.7937937937937942,-4.284381309329556
8794,flow:valve1:vessel,0.7947947947947949,-4.283941457964663
8795,flow:valve1:vessel,0.7957957957957955,-4.28350166389051
8796,flow:valve1:vessel,0.7967967967967962,-4.283061926966261
8797,flow:valve1:vessel,0.7977977977977986,-4.282622247052927
8798,flow:valve1:vessel,0.7987987987987992,-4.282182624013368
8799,flow:valve1:vessel,0.7997997997997999,-4.281743057712238
8800,flow:valve1:vessel,0.8008008008008005,-4.281303548015988
8801,flow:valve1:vessel,0.8018018018018012,-4.280864094792824
8802,flow:valve1:vessel,0.8028028028028035,-4.280424697912683
8803,flow:valve1:vessel,0.8038038038038041,-4.279985357247224
8804,flow:valve1:vessel,0.8048048048048048,-4.279546072669786
8805,flow:valve1:vessel,0.8058058058058054,-4.279106844055378
8806,flow:valve1:vessel,0.806806806806806,-4.278667671280651
8807,flow:valve1:vessel,0.8078078078078086,-4.278228554223875
8808,flow:valve1:vessel,0.8088088088088092,-4.277789492764919
8809,flow:valve1:vessel,0.8098098098098099,-4.277350486785228
8810,flow:valve1:vessel,0.8108108108108105,-4.276911536167801
8811,flow:valve1:vessel,0.8118118118118112,-4.276472640797171
8812,flow:valve1:vessel,0.8128128128128136,-4.276033800559381
8813,flow:valve1:vessel,0.8138138138138142,-4.275595015341971
8814,flow:valve1:vessel,0.8148148148148149,-4.275156285033945
8815,flow:valve1:vessel,0.8158158158158155,-4.274717609525764
8816,flow:valve1:vessel,0.8168168168168162,-4.274278988709315
8817,flow:valve1:vessel,0.8178178178178186,-4.273840422477901
8818,flow:valve1:vessel,0.8188188188188192,-4.273401910726216
8819,flow:valve1:vessel,0.8198198198198199,-4.272963453350324
8820,flow:valve1:vessel,0.8208208208208205,-4.272525050247648
8821,flow:valve1:vessel,0.8218218218218212,-4.272086701316943
8822,flow:valve1:vessel,0.8228228228228237,-4.271648406458283
8823,flow:valve1:vessel,0.8238238238238244,-4.271210165573045
8824,flow:valve1:vessel,0.824824824824825,-4.270771978563878
8825,flow:valve1:vessel,0.8258258258258256,-4.270333845334705
8826,flow:valve1:vessel,0.8268268268268263,-4.269895765790693
8827,flow:valve1:vessel,0.8278278278278286,-4.269457739838236
8828,flow:valve1:vessel,0.8288288288288292,-4.269019767384944
8829,flow:valve1:vessel,0.8298298298298299,-4.268581848339621
8830,flow:valve1:vessel,0.8308308308308305,-4.268143982612252
8831,flow:valve1:vessel,0.8318318318318312,-4.267706170113987
8832,flow:valve1:vessel,0.8328328328328336,-4.267268410757122
8833,flow:valve1:vessel,0.8338338338338342,-4.266830704455085
8834,flow:valve1:vessel,0.8348348348348349,-4.266393051122424
8835,flow:valve1:vessel,0.8358358358358355,-4.265955450674781
8836,flow:valve1:vessel,0.8368368368368362,-4.265517903028894
8837,flow:valve1:vessel,0.8378378378378386,-4.265080408102564
8838,flow:valve1:vessel,0.8388388388388393,-4.264642965814654
8839,flow:valve1:vessel,0.8398398398398398,-4.264205576085068
8840,flow:valve1:vessel,0.8408408408408404,-4.263768238834735
8841,flow:valve1:vessel,0.8418418418418411,-4.2633309539856
8842,flow:valve1:vessel,0.8428428428428437,-4.262893721460611
8843,flow:valve1:vessel,0.8438438438438444,-4.262456541183701
8844,flow:valve1:vessel,0.844844844844845,-4.262019413079769
8845,flow:valve1:vessel,0.8458458458458455,-4.261582337074685
8846,flow:valve1:vessel,0.8468468468468462,-4.261145313095256
8847,flow:valve1:vessel,0.8478478478478486,-4.260708341069227
8848,flow:valve1:vessel,0.8488488488488493,-4.260271420925264
8849,flow:valve1:vessel,0.8498498498498499,-4.2598345525929355
8850,flow:valve1:vessel,0.8508508508508505,-4.259397736002717
8851,flow:valve1:vessel,0.8518518518518512,-4.258960971085953
8852,flow:valve1:vessel,0.8528528528528536,-4.258524257774873
8853,flow:valve1:vessel,0.8538538538538543,-4.258087596002554
8854,flow:valve1:vessel,0.8548548548548549,-4.25765098570293
8855,flow:valve1:vessel,0.8558558558558556,-4.257214426810766
8856,flow:valve1:vessel,0.8568568568568562,-4.256777919261651
8857,flow:valve1:vessel,0.8578578578578585,-4.2563414629919905
8858,flow:valve1:vessel,0.8588588588588592,-4.255905057938991
8859,flow:valve1:vessel,0.8598598598598598,-4.2554687040406485
8860,flow:valve1:vessel,0.8608608608608604,-4.2550324012357414
8861,flow:valve1:vessel,0.8618618618618611,-4.254596149463817
8862,flow:valve1:vessel,0.8628628628628637,-4.254159948665182
8863,flow:valve1:vessel,0.8638638638638643,-4.2537237987808885
8864,flow:valve1:vessel,0.8648648648648649,-4.253287699752736
8865,flow:valve1:vessel,0.8658658658658656,-4.25285165152324
8866,flow:valve1:vessel,0.8668668668668662,-4.252415654035644
8867,flow:valve1:vessel,0.8678678678678686,-4.251979707233899
8868,flow:valve1:vessel,0.8688688688688693,-4.251543811062649
8869,flow:valve1:vessel,0.8698698698698699,-4.251107965467234
8870,flow:valve1:vessel,0.8708708708708706,-4.25067217039367
8871,flow:valve1:vessel,0.8718718718718712,-4.250236425788644
8872,flow:valve1:vessel,0.8728728728728736,-4.249800731599506
8873,flow:valve1:vessel,0.8738738738738743,-4.249365087774258
8874,flow:valve1:vessel,0.8748748748748749,-4.248929494261541
8875,flow:valve1:vessel,0.8758758758758756,-4.2484939510106425
8876,flow:valve1:vessel,0.8768768768768762,-4.24805845797146
8877,flow:valve1:vessel,0.8778778778778785,-4.2476230150945185
8878,flow:valve1:vessel,0.8788788788788794,-4.247187622330953
8879,flow:valve1:vessel,0.87987987987988,-4.246752279632492
8880,flow:valve1:vessel,0.8808808808808807,-4.246316986951462
8881,flow:valve1:vessel,0.8818818818818813,-4.245881744240771
8882,flow:valve1:vessel,0.8828828828828836,-4.245446551453907
8883,flow:valve1:vessel,0.8838838838838843,-4.2450114085449195
8884,flow:valve1:vessel,0.8848848848848849,-4.244576315468423
8885,flow:valve1:vessel,0.8858858858858856,-4.24414127217959
8886,flow:valve1:vessel,0.8868868868868862,-4.243706278634128
8887,flow:valve1:vessel,0.8878878878878886,-4.2432713347882896
8888,flow:valve1:vessel,0.8888888888888893,-4.242836440598854
8889,flow:valve1:vessel,0.8898898898898899,-4.242401596023128
8890,flow:valve1:vessel,0.8908908908908906,-4.24196680101893
8891,flow:valve1:vessel,0.8918918918918912,-4.2415320555445915
8892,flow:valve1:vessel,0.8928928928928936,-4.2410973595589425
8893,flow:valve1:vessel,0.8938938938938943,-4.24066271302131
8894,flow:valve1:vessel,0.8948948948948949,-4.2402281158915125
8895,flow:valve1:vessel,0.8958958958958955,-4.239793568129842
8896,flow:valve1:vessel,0.8968968968968961,-4.239359069697074
8897,flow:valve1:vessel,0.8978978978978985,-4.23892462055445
8898,flow:valve1:vessel,0.8988988988988994,-4.2384902206636745
8899,flow:valve1:vessel,0.8998998998999,-4.238055869986903
8900,flow:valve1:vessel,0.9009009009009005,-4.2376215684867455
8901,flow:valve1:vessel,0.9019019019019012,-4.237187316126257
8902,flow:valve1:vessel,0.9029029029029036,-4.236753112868926
8903,flow:valve1:vessel,0.9039039039039043,-4.236318958678673
8904,flow:valve1:vessel,0.9049049049049048,-4.235884853519846
8905,flow:valve1:vessel,0.9059059059059056,-4.235450797357215
8906,flow:valve1:vessel,0.9069069069069062,-4.235016790155956
8907,flow:valve1:vessel,0.9079079079079087,-4.234582831881664
8908,flow:valve1:vessel,0.9089089089089091,-4.234148922500324
8909,flow:valve1:vessel,0.90990990990991,-4.233715061978334
8910,flow:valve1:vessel,0.9109109109109106,-4.2332812502824675
8911,flow:valve1:vessel,0.9119119119119112,-4.232847487379898
8912,flow:valve1:vessel,0.9129129129129137,-4.232413773238172
8913,flow:valve1:vessel,0.9139139139139144,-4.231980107825217
8914,flow:valve1:vessel,0.9149149149149148,-4.231546491109325
8915,flow:valve1:vessel,0.9159159159159157,-4.231112923059162
8916,flow:valve1:vessel,0.9169169169169161,-4.230679403643748
8917,flow:valve1:vessel,0.9179179179179188,-4.23024593283246
8918,flow:valve1:vessel,0.9189189189189192,-4.229812510595033
8919,flow:valve1:vessel,0.91991991991992,-4.229379136901536
8920,flow:valve1:vessel,0.9209209209209205,-4.228945811722391
8921,flow:valve1:vessel,0.9219219219219212,-4.228512535028349
8922,flow:valve1:vessel,0.9229229229229237,-4.228079306790496
8923,flow:valve1:vessel,0.9239239239239245,-4.2276461269802486
8924,flow:valve1:vessel,0.9249249249249248,-4.2272129955693405
8925,flow:valve1:vessel,0.9259259259259256,-4.226779912529826
8926,flow:valve1:vessel,0.9269269269269262,-4.22634687783408
8927,flow:valve1:vessel,0.9279279279279287,-4.225913891454777
8928,flow:valve1:vessel,0.9289289289289293,-4.225480953364906
8929,flow:valve1:vessel,0.9299299299299301,-4.225048063537753
8930,flow:valve1:vessel,0.9309309309309306,-4.224615221946905
8931,flow:valve1:vessel,0.9319319319319312,-4.2241824285662375
8932,flow:valve1:vessel,0.9329329329329336,-4.223749683369921
8933,flow:valve1:vessel,0.9339339339339344,-4.22331698633241
8934,flow:valve1:vessel,0.9349349349349348,-4.222884337428432
8935,flow:valve1:vessel,0.9359359359359357,-4.222451736633011
8936,flow:valve1:vessel,0.9369369369369364,-4.222019183921422
8937,flow:valve1:vessel,0.9379379379379387,-4.221586679269232
8938,flow:valve1:vessel,0.9389389389389392,-4.22115422265226
8939,flow:valve1:vessel,0.93993993993994,-4.22072181404659
8940,flow:valve1:vessel,0.9409409409409406,-4.220289453428572
8941,flow:valve1:vessel,0.9419419419419413,-4.219857140774803
8942,flow:valve1:vessel,0.9429429429429437,-4.219424876062142
8943,flow:valve1:vessel,0.9439439439439444,-4.218992659267684
8944,flow:valve1:vessel,0.9449449449449449,-4.2185604903687866
8945,flow:valve1:vessel,0.9459459459459456,-4.218128369343029
8946,flow:valve1:vessel,0.9469469469469463,-4.217696296168246
8947,flow:valve1:vessel,0.9479479479479487,-4.2172642708225
8948,flow:valve1:vessel,0.9489489489489493,-4.216832293284086
8949,flow:valve1:vessel,0.9499499499499501,-4.216400363531531
8950,flow:valve1:vessel,0.9509509509509506,-4.215968481543587
8951,flow:valve1:vessel,0.9519519519519511,-4.215536647299224
8952,flow:valve1:vessel,0.9529529529529536,-4.215104860777641
8953,flow:valve1:vessel,0.9539539539539544,-4.214673121958246
8954,flow:valve1:vessel,0.9549549549549549,-4.214241430820662
8955,flow:valve1:vessel,0.9559559559559557,-4.213809787344727
8956,flow:valve1:vessel,0.9569569569569564,-4.213378191510484
8957,flow:valve1:vessel,0.9579579579579587,-4.2129466432981815
8958,flow:valve1:vessel,0.9589589589589592,-4.212515142688271
8959,flow:valve1:vessel,0.95995995995996,-4.212083689661402
8960,flow:valve1:vessel,0.9609609609609606,-4.211652284198425
8961,flow:valve1:vessel,0.9619619619619613,-4.211220926280376
8962,flow:valve1:vessel,0.9629629629629637,-4.210789615888495
8963,flow:valve1:vessel,0.9639639639639644,-4.210358353004201
8964,flow:valve1:vessel,0.9649649649649648,-4.209927137609104
8965,flow:valve1:vessel,0.9659659659659656,-4.209495969684994
8966,flow:valve1:vessel,0.9669669669669663,-4.209064849213852
8967,flow:valve1:vessel,0.9679679679679687,-4.2086337761778205
8968,flow:valve1:vessel,0.9689689689689693,-4.208202750559235
8969,flow:valve1:vessel,0.9699699699699701,-4.2077717723406
8970,flow:valve1:vessel,0.9709709709709705,-4.207340841504585
8971,flow:valve1:vessel,0.9719719719719712,-4.206909958034038
8972,flow:valve1:vessel,0.9729729729729738,-4.206479121911969
8973,flow:valve1:vessel,0.9739739739739744,-4.2060483331215535
8974,flow:valve1:vessel,0.9749749749749749,-4.20561759164613
8975,flow:valve1:vessel,0.9759759759759756,-4.205186897469195
8976,flow:valve1:vessel,0.9769769769769763,-4.204756250574407
8977,flow:valve1:vessel,0.9779779779779789,-4.204325650945577
8978,flow:valve1:vessel,0.9789789789789792,-4.203895098566672
8979,flow:valve1:vessel,0.9799799799799802,-4.203464593421806
8980,flow:valve1:vessel,0.9809809809809806,-4.203034135495253
8981,flow:valve1:vessel,0.9819819819819813,-4.202603724771422
8982,flow:valve1:vessel,0.9829829829829837,-4.202173361234875
8983,flow:valve1:vessel,0.9839839839839845,-4.201743044870317
8984,flow:valve1:vessel,0.984984984984985,-4.201312775662589
8985,flow:valve1:vessel,0.9859859859859856,-4.2008825535966805
8986,flow:valve1:vessel,0.9869869869869863,-4.200452378657714
8987,flow:valve1:vessel,0.9879879879879888,-4.200022250830946
8988,flow:valve1:vessel,0.9889889889889892,-4.19959217010177
8989,flow:valve1:vessel,0.9899899899899901,-4.199162136455709
8990,flow:valve1:vessel,0.9909909909909907,-4.198732149878421
8991,flow:valve1:vessel,0.9919919919919914,-4.198302210355688
8992,flow:valve1:vessel,0.9929929929929936,-4.197872317873424
8993,flow:valve1:vessel,0.9939939939939944,-4.197442472417657
8994,flow:valve1:vessel,0.994994994994995,-4.197012673974554
8995,flow:valve1:vessel,0.9959959959959956,-4.196582922530392
8996,flow:valve1:vessel,0.9969969969969963,-4.196153218071572
8997,flow:valve1:vessel,0.9979979979979989,-4.195723560584614
8998,flow:valve1:vessel,0.9989989989989992,-4.195293950056155
8999,flow:valve1:vessel,1.0,-4.194864386472944
9000,pressure:valve1:vessel,0.0,32869.6383699965
9001,pressure:valve1:vessel,0.0010010010010006454,32867.082699946164
9002,pressure:valve1:vessel,0.0020020020020012907,32864.52730856216
9003,pressure:valve1:vessel,0.0030030030030037125,32861.97219576154
9004,pressure:valve1:vessel,0.004004004004004358,32859.41736146209
9005,pressure:valve1:vessel,0.005005005005005003,32856.86280558232
9006,pressure:valve1:vessel,0.006006006006005649,32854.30852804146
9007,pressure:valve1:vessel,0.007007007007006294,32851.75452875944
9008,pressure:valve1:vessel,0.008008008008008716,32849.20080765689
9009,pressure:valve1:vessel,0.00900900900900936,32846.64736465512
9010,pressure:valve1:vessel,0.010010010010010006,32844.09419967611
9011,pressure:valve1:vessel,0.011011011011010652,32841.54131264252
9012,pressure:valve1:vessel,0.012012012012011295,32838.98870347766
9013,pressure:valve1:vessel,0.01301301301301372,32836.436372105505
9014,pressure:valve1:vessel,0.014014014014014364,32833.88431845065
9015,pressure:valve1:vessel,0.01501501501501501,32831.33254243832
9016,pressure:valve1:vessel,0.016016016016015655,32828.78104399438
9017,pressure:valve1:vessel,0.0170170170170163,32826.229823045294
9018,pressure:valve1:vessel,0.01801801801801872,32823.67887951815
9019,pressure:valve1:vessel,0.019019019019019368,32821.12821334061
9020,pressure:valve1:vessel,0.020020020020020013,32818.57782444095
9021,pressure:valve1:vessel,0.021021021021020655,32816.027712748015
9022,pressure:valve1:vessel,0.022022022022021304,32813.47787819122
9023,pressure:valve1:vessel,0.023023023023023725,32810.92832070054
9024,pressure:valve1:vessel,0.02402402402402437,32808.379040206535
9025,pressure:valve1:vessel,0.025025025025025016,32805.83003664029
9026,pressure:valve1:vessel,0.026026026026025665,32803.281309933445
9027,pressure:valve1:vessel,0.027027027027026307,32800.73286001817
9028,pressure:valve1:vessel,0.02802802802802873,32798.184686827175
9029,pressure:valve1:vessel,0.029029029029029377,32795.63679029367
9030,pressure:valve1:vessel,0.03003003003003002,32793.08917035139
9031,pressure:valve1:vessel,0.031031031031030665,32790.54182693459
9032,pressure:valve1:vessel,0.03203203203203131,32787.994759978006
9033,pressure:valve1:vessel,0.03303303303303373,32785.44796941687
9034,pressure:valve1:vessel,0.03403403403403438,32782.90145518691
9035,pressure:valve1:vessel,0.03503503503503502,32780.35521722433
9036,pressure:valve1:vessel,0.03603603603603566,32777.80925546581
9037,pressure:valve1:vessel,0.03703703703703631,32775.26356984848
9038,pressure:valve1:vessel,0.038038038038038735,32772.71816030996
9039,pressure:valve1:vessel,0.039039039039039374,32770.173026788296
9040,pressure:valve1:vessel,0.040040040040040026,32767.628169222004
9041,pressure:valve1:vessel,0.04104104104104067,32765.083587550027
9042,pressure:valve1:vessel,0.04204204204204132,32762.539281711754
9043,pressure:valve1:vessel,0.04304304304304374,32759.995251646997
9044,pressure:valve1:vessel,0.044044044044044384,32757.451497296
9045,pressure:valve1:vessel,0.04504504504504503,32754.908018599413
9046,pressure:valve1:vessel,0.046046046046045674,32752.364815498317
9047,pressure:valve1:vessel,0.04704704704704632,32749.821887934184
9048,pressure:valve1:vessel,0.04804804804804874,32747.279235848895
9049,pressure:valve1:vessel,0.04904904904904939,32744.736859184726
9050,pressure:valve1:vessel,0.05005005005005003,32742.194757884343
9051,pressure:valve1:vessel,0.05105105105105068,32739.652931890807
9052,pressure:valve1:vessel,0.05205205205205132,32737.111381147544
9053,pressure:valve1:vessel,0.053053053053053745,32734.570105598363
9054,pressure:valve1:vessel,0.05405405405405439,32732.02910518744
9055,pressure:valve1:vessel,0.05505505505505503,32729.48837985933
9056,pressure:valve1:vessel,0.05605605605605568,32726.94792955892
9057,pressure:valve1:vessel,0.057057057057056326,32724.407754231477
9058,pressure:valve1:vessel,0.058058058058058755,32721.867853822612
9059,pressure:valve1:vessel,0.05905905905905939,32719.32822827828
9060,pressure:valve1:vessel,0.06006006006006004,32716.788877544772
9061,pressure:valve1:vessel,0.06106106106106069,32714.249801568723
9062,pressure:valve1:vessel,0.06206206206206133,32711.7110002971
9063,pressure:valve1:vessel,0.06306306306306375,32709.172473677187
9064,pressure:valve1:vessel,0.0640640640640644,32706.6342216566
9065,pressure:valve1:vessel,0.06506506506506504,32704.09624418327
9066,pressure:valve1:vessel,0.06606606606606569,32701.558541205457
9067,pressure:valve1:vessel,0.06706706706706633,32699.0211126717
9068,pressure:valve1:vessel,0.06806806806806875,32696.48395853087
9069,pressure:valve1:vessel,0.0690690690690694,32693.94707873213
9070,pressure:valve1:vessel,0.07007007007007005,32691.410473224933
9071,pressure:valve1:vessel,0.07107107107107069,32688.87414195904
9072,pressure:valve1:vessel,0.07207207207207132,32686.338084884497
9073,pressure:valve1:vessel,0.07307307307307376,32683.802301951622
9074,pressure:valve1:vessel,0.0740740740740744,32681.266793111045
9075,pressure:valve1:vessel,0.07507507507507503,32678.731558313637
9076,pressure:valve1:vessel,0.0760760760760757,32676.196597510567
9077,pressure:valve1:vessel,0.07707707707707634,32673.66191065327
9078,pressure:valve1:vessel,0.07807807807807877,32671.127497693444
9079,pressure:valve1:vessel,0.0790790790790794,32668.593358583046
9080,pressure:valve1:vessel,0.08008008008008005,32666.059493274315
9081,pressure:valve1:vessel,0.08108108108108071,32663.525901719713
9082,pressure:valve1:vessel,0.08208208208208134,32660.992583871976
9083,pressure:valve1:vessel,0.08308308308308376,32658.459539684085
9084,pressure:valve1:vessel,0.08408408408408441,32655.926769109265
9085,pressure:valve1:vessel,0.08508508508508505,32653.394272100984
9086,pressure:valve1:vessel,0.0860860860860857,32650.86204861295
9087,pressure:valve1:vessel,0.08708708708708635,32648.330098599108
9088,pressure:valve1:vessel,0.08808808808808877,32645.79842201363
9089,pressure:valve1:vessel,0.08908908908908941,32643.26701881093
9090,pressure:valve1:vessel,0.09009009009009004,32640.735888945623
9091,pressure:valve1:vessel,0.0910910910910907,32638.205032372585
9092,pressure:valve1:vessel,0.09209209209209135,32635.674449046874
9093,pressure:valve1:vessel,0.09309309309309376,32633.144138923795
9094,pressure:valve1:vessel,0.0940940940940944,32630.614101958858
9095,pressure:valve1:vessel,0.09509509509509506,32628.08433810777
9096,pressure:valve1:vessel,0.0960960960960957,32625.554847326468
9097,pressure:valve1:vessel,0.09709709709709637,32623.02562957109
9098,pressure:valve1:vessel,0.09809809809809877,32620.49668479796
9099,pressure:valve1:vessel,0.0990990990990994,32617.968012963625
9100,pressure:valve1:vessel,0.10010010010010006,32615.43961402482
9101,pressure:valve1:vessel,0.10110110110110072,32612.968983093753
9102,pressure:valve1:vessel,0.10210210210210136,32610.660238830933
9103,pressure:valve1:vessel,0.10310310310310378,32608.46679215759
9104,pressure:valve1:vessel,0.10410410410410442,32606.412044449586
9105,pressure:valve1:vessel,0.10510510510510508,32604.484352330783
9106,pressure:valve1:vessel,0.10610610610610571,32602.689546241592
9107,pressure:valve1:vessel,0.10710710710710636,32601.024670867155
9108,pressure:valve1:vessel,0.10810810810810878,32599.4911149026
9109,pressure:valve1:vessel,0.10910910910910944,32598.088046112673
9110,pressure:valve1:vessel,0.11011011011011008,32596.815693767818
9111,pressure:valve1:vessel,0.11111111111111072,32595.673707403548
9112,pressure:valve1:vessel,0.11211211211211136,32594.661977432104
9113,pressure:valve1:vessel,0.11311311311311378,32593.780224841354
9114,pressure:valve1:vessel,0.11411411411411444,32593.028206363597
9115,pressure:valve1:vessel,0.11511511511511507,32592.40561192289
9116,pressure:valve1:vessel,0.11611611611611572,32591.912115956635
9117,pressure:valve1:vessel,0.11711711711711636,32591.54735181345
9118,pressure:valve1:vessel,0.1181181181181188,32591.310924626432
9119,pressure:valve1:vessel,0.11911911911911945,32591.202404962187
9120,pressure:valve1:vessel,0.12012012012012008,32591.22133209541
9121,pressure:valve1:vessel,0.12112112112112072,32591.36721248423
9122,pressure:valve1:vessel,0.12212212212212135,32591.63952065859
9123,pressure:valve1:vessel,0.1231231231231238,32592.03769891556
9124,pressure:valve1:vessel,0.12412412412412444,32592.561157624667
9125,pressure:valve1:vessel,0.12512512512512508,32593.209275241617
9126,pressure:valve1:vessel,0.12612612612612573,32593.981398481304
9127,pressure:valve1:vessel,0.12712712712712637,32594.876842424543
9128,pressure:valve1:vessel,0.1281281281281288,32595.89489067135
9129,pressure:valve1:vessel,0.12912912912912944,32597.034795484313
9130,pressure:valve1:vessel,0.13013013013013008,32598.295777950258
9131,pressure:valve1:vessel,0.13113113113113073,32599.67702814615
9132,pressure:valve1:vessel,0.13213213213213135,32601.177705316102
9133,pressure:valve1:vessel,0.1331331331331338,32602.79693805611
9134,pressure:valve1:vessel,0.13413413413413444,32604.53382450815
9135,pressure:valve1:vessel,0.1351351351351351,32606.38743256272
9136,pressure:valve1:vessel,0.13613613613613573,32608.356800070396
9137,pressure:valve1:vessel,0.13713713713713638,32610.440935061848
9138,pressure:valve1:vessel,0.1381381381381388,32612.63881597671
9139,pressure:valve1:vessel,0.13913913913913944,32614.94939190097
9140,pressure:valve1:vessel,0.1401401401401401,32617.37158281296
9141,pressure:valve1:vessel,0.14114114114114074,32619.90427983799
9142,pressure:valve1:vessel,0.14214214214214138,32622.546345511277
9143,pressure:valve1:vessel,0.1431431431431438,32625.2966140495
9144,pressure:valve1:vessel,0.14414414414414445,32628.153891630624
9145,pressure:valve1:vessel,0.1451451451451451,32631.11695668202
9146,pressure:valve1:vessel,0.14614614614614574,32634.18456017701
9147,pressure:valve1:vessel,0.14714714714714638,32637.35542593937
9148,pressure:valve1:vessel,0.1481481481481488,32640.628250956153
9149,pressure:valve1:vessel,0.14914914914914945,32644.00170569844
9150,pressure:valve1:vessel,0.1501501501501501,32647.474434450098
9151,pressure:valve1:vessel,0.15115115115115074,32651.045055644507
9152,pressure:valve1:vessel,0.1521521521521514,32654.712162208973
9153,pressure:valve1:vessel,0.1531531531531538,32658.47432191697
9154,pressure:valve1:vessel,0.15415415415415443,32662.330077747985
9155,pressure:valve1:vessel,0.1551551551551551,32666.27794825486
9156,pressure:valve1:vessel,0.15615615615615577,32670.316427938753
9157,pressure:valve1:vessel,0.1571571571571564,32674.443987631217
9158,pressure:valve1:vessel,0.1581581581581588,32678.659074883737
9159,pressure:valve1:vessel,0.15915915915915946,32682.960114364323
9160,pressure:valve1:vessel,0.1601601601601601,32687.34550826108
9161,pressure:valve1:vessel,0.16116116116116075,32691.81363669293
9162,pressure:valve1:vessel,0.1621621621621614,32696.36285812684
9163,pressure:valve1:vessel,0.16316316316316382,32700.99150980203
9164,pressure:valve1:vessel,0.16416416416416446,32705.697908160597
9165,pressure:valve1:vessel,0.1651651651651651,32710.48034928458
9166,pressure:valve1:vessel,0.16616616616616575,32715.337109339536
9167,pressure:valve1:vessel,0.1671671671671664,32720.266445024077
9168,pressure:valve1:vessel,0.16816816816816882,32725.26659402565
9169,pressure:valve1:vessel,0.16916916916916946,32730.335775482166
9170,pressure:valve1:vessel,0.1701701701701701,32735.472190449414
9171,pressure:valve1:vessel,0.17117117117117076,32740.674022374267
9172,pressure:valve1:vessel,0.1721721721721714,32745.93943757316
9173,pressure:valve1:vessel,0.17317317317317382,32751.266585716196
9174,pressure:valve1:vessel,0.17417417417417447,32756.653600316284
9175,pressure:valve1:vessel,0.1751751751751751,32762.098599223365
9176,pressure:valve1:vessel,0.17617617617617576,32767.599685123747
9177,pressure:valve1:vessel,0.1771771771771764,32773.1549460439
9178,pressure:valve1:vessel,0.17817817817817885,32778.7624558591
9179,pressure:valve1:vessel,0.17917917917917947,32784.420274806405
9180,pressure:valve1:vessel,0.18018018018018012,32790.12645000187
9181,pressure:valve1:vessel,0.18118118118118076,32795.879015962106
9182,pressure:valve1:vessel,0.1821821821821814,32801.67599512945
9183,pressure:valve1:vessel,0.18318318318318383,32807.515398401236
9184,pressure:valve1:vessel,0.18418418418418447,32813.39522566249
9185,pressure:valve1:vessel,0.18518518518518512,32819.31346632208
9186,pressure:valve1:vessel,0.18618618618618576,33480.8236774258
9187,pressure:valve1:vessel,0.1871871871871864,33953.04812599745
9188,pressure:valve1:vessel,0.18818818818818883,34519.297694328176
9189,pressure:valve1:vessel,0.18918918918918948,35037.57085064372
9190,pressure:valve1:vessel,0.19019019019019012,35578.52431735508
9191,pressure:valve1:vessel,0.19119119119119077,36106.48604350869
9192,pressure:valve1:vessel,0.1921921921921914,36638.9493971029
9193,pressure:valve1:vessel,0.19319319319319384,37166.826264606854
9194,pressure:valve1:vessel,0.19419419419419448,37694.320793286744
9195,pressure:valve1:vessel,0.19519519519519513,38218.99279046676
9196,pressure:valve1:vessel,0.19619619619619577,38741.72629619549
9197,pressure:valve1:vessel,0.1971971971971964,39261.74556583552
9198,pressure:valve1:vessel,0.19819819819819884,39779.10734495586
9199,pressure:valve1:vessel,0.19919919919919948,40293.45499476948
9200,pressure:valve1:vessel,0.20020020020020013,40804.641688672506
9201,pressure:valve1:vessel,0.20120120120120075,41312.41906927156
9202,pressure:valve1:vessel,0.20220220220220145,41816.5931708375
9203,pressure:valve1:vessel,0.20320320320320384,42316.946704403585
9204,pressure:valve1:vessel,0.2042042042042045,42813.27815656792
9205,pressure:valve1:vessel,0.20520520520520513,43305.38247614661
9206,pressure:valve1:vessel,0.20620620620620575,43793.06096132072
9207,pressure:valve1:vessel,0.2072072072072064,44276.116540631076
9208,pressure:valve1:vessel,0.20820820820820884,44754.35635088156
9209,pressure:valve1:vessel,0.2092092092092095,45227.590660140355
9210,pressure:valve1:vessel,0.21021021021021016,45695.63361147639
9211,pressure:valve1:vessel,0.2112112112112108,46158.303049386384
9212,pressure:valve1:vessel,0.21221221221221143,46615.42079766979
9213,pressure:valve1:vessel,0.21321321321321385,47066.812704173506
9214,pressure:valve1:vessel,0.2142142142142145,47512.308794479686
9215,pressure:valve1:vessel,0.2152152152152151,47951.74336329892
9216,pressure:valve1:vessel,0.21621621621621576,48384.955089028685
9217,pressure:valve1:vessel,0.21721721721721643,48811.78712855422
9218,pressure:valve1:vessel,0.21821821821821885,49232.08721362411
9219,pressure:valve1:vessel,0.21921921921921952,49645.707737991375
9220,pressure:valve1:vessel,0.22022022022022017,50052.50584059858
9221,pressure:valve1:vessel,0.2212212212212208,50452.34348208304
9222,pressure:valve1:vessel,0.22222222222222143,50845.08751584733
9223,pressure:valve1:vessel,0.22322322322322383,51230.6097530191
9224,pressure:valve1:vessel,0.22422422422422447,51608.78702157256
9225,pressure:valve1:vessel,0.22522522522522517,51979.50121942614
9226,pressure:valve1:vessel,0.2262262262262258,52342.63936160066
9227,pressure:valve1:vessel,0.22722722722722644,52698.093621356864
9228,pressure:valve1:vessel,0.22822822822822889,53045.76136537558
9229,pressure:valve1:vessel,0.22922922922922953,53385.54518295903
9230,pressure:valve1:vessel,0.23023023023023015,53717.35290929044
9231,pressure:valve1:vessel,0.2312312312312308,54041.097642798784
9232,pressure:valve1:vessel,0.23223223223223144,54356.69775664053
9233,pressure:valve1:vessel,0.23323323323323383,54664.076904386675
9234,pressure:valve1:vessel,0.2342342342342345,54963.16401995244
9235,pressure:valve1:vessel,0.23523523523523515,55253.893311847176
9236,pressure:valve1:vessel,0.2362362362362358,55536.204251837386
9237,pressure:valve1:vessel,0.23723723723723644,55810.04155808011
9238,pressure:valve1:vessel,0.2382382382382389,56075.35517285498
9239,pressure:valve1:vessel,0.2392392392392395,56332.10023497446
9240,pressure:valve1:vessel,0.24024024024024015,56580.237046990056
9241,pressure:valve1:vessel,0.2412412412412408,56819.73103732368
9242,pressure:valve1:vessel,0.24224224224224145,57050.55271742006
9243,pressure:valve1:vessel,0.24324324324324387,57272.67763408142
9244,pressure:valve1:vessel,0.2442442442442445,57486.086317098845
9245,pressure:valve1:vessel,0.24524524524524516,57690.76422232847
9246,pressure:valve1:vessel,0.2462462462462458,57886.70167037109
9247,pressure:valve1:vessel,0.24724724724724645,58073.89378098079
9248,pressure:valve1:vessel,0.24824824824824887,58252.34040338733
9249,pressure:valve1:vessel,0.24924924924924952,58422.046042672846
9250,pressure:valve1:vessel,0.25025025025025016,58583.019782372496
9251,pressure:valve1:vessel,0.2512512512512508,58735.27520347702
9252,pressure:valve1:vessel,0.25225225225225145,58878.83029998363
9253,pressure:valve1:vessel,0.2532532532532539,59013.70739119381
9254,pressure:valve1:vessel,0.2542542542542545,59139.933030914995
9255,pressure:valve1:vessel,0.25525525525525516,59257.53791374746
9256,pressure:valve1:vessel,0.2562562562562558,59366.5567786451
9257,pressure:valve1:vessel,0.25725725725725646,59467.028309906535
9258,pressure:valve1:vessel,0.2582582582582589,59558.995035799744
9259,pressure:valve1:vessel,0.2592592592592595,59642.503224985056
9260,pressure:valve1:vessel,0.26026026026026017,59717.602780919195
9261,pressure:valve1:vessel,0.2612612612612608,59784.34713443055
9262,pressure:valve1:vessel,0.26226226226226146,59842.793134623374
9263,pressure:valve1:vessel,0.2632632632632639,59893.000938310535
9264,pressure:valve1:vessel,0.2642642642642645,59935.03389813654
9265,pressure:valve1:vessel,0.26526526526526517,59968.95844956912
9266,pressure:valve1:vessel,0.2662662662662658,59994.84399694056
9267,pressure:valve1:vessel,0.26726726726726646,60012.762798690754
9268,pressure:valve1:vessel,0.2682682682682689,60022.78985199988
9269,pressure:valve1:vessel,0.26926926926926953,60025.002776961854
9270,pressure:valve1:vessel,0.2702702702702702,60019.48170046493
9271,pressure:valve1:vessel,0.2712712712712708,60006.309139944395
9272,pressure:valve1:vessel,0.27227227227227146,59985.56988714851
9273,pressure:valve1:vessel,0.2732732732732739,59957.35089208476
9274,pressure:valve1:vessel,0.27427427427427453,59921.74114728344
9275,pressure:valve1:vessel,0.2752752752752752,59878.831572525865
9276,pressure:valve1:vessel,0.2762762762762758,59828.71490018138
9277,pressure:valve1:vessel,0.27727727727727647,59771.4855612772
9278,pressure:valve1:vessel,0.2782782782782789,59707.23957244406
9279,pressure:valve1:vessel,0.27927927927927954,59636.07442385519
9280,pressure:valve1:vessel,0.2802802802802802,59558.08896828297
9281,pressure:valve1:vessel,0.2812812812812808,59473.38331139339
9282,pressure:valve1:vessel,0.28228228228228147,59382.05870338096
9283,pressure:valve1:vessel,0.2832832832832839,59284.21743206139
9284,pressure:valve1:vessel,0.28428428428428454,59179.96271751583
9285,pressure:valve1:vessel,0.2852852852852852,59069.39860838668
9286,pressure:valve1:vessel,0.28628628628628583,58952.629879918844
9287,pressure:valve1:vessel,0.2872872872872865,58829.76193382631
9288,pressure:valve1:vessel,0.2882882882882889,58700.90070007315
9289,pressure:valve1:vessel,0.28928928928928954,58566.15254064011
9290,pressure:valve1:vessel,0.2902902902902902,58425.624155349375
9291,pressure:valve1:vessel,0.29129129129129083,58279.42248981663
9292,pressure:valve1:vessel,0.2922922922922915,58127.65464558608
9293,pressure:valve1:vessel,0.2932932932932939,57970.427792510345
9294,pressure:valve1:vessel,0.29429429429429455,57807.849083423
9295,pressure:valve1:vessel,0.2952952952952952,57640.02557115191
9296,pressure:valve1:vessel,0.29629629629629584,57467.06412791533
9297,pressure:valve1:vessel,0.2972972972972965,57289.07136713646
9298,pressure:valve1:vessel,0.2982982982982989,57106.15356771087
9299,pressure:valve1:vessel,0.29929929929929955,56918.41660075343
9300,pressure:valve1:vessel,0.3003003003003002,56725.96585884936
9301,pressure:valve1:vessel,0.30130130130130084,56531.40076519537
9302,pressure:valve1:vessel,0.3023023023023015,56336.36334896711
9303,pressure:valve1:vessel,0.3033033033033039,56140.09041529774
9304,pressure:valve1:vessel,0.30430430430430455,55943.01654426936
9305,pressure:valve1:vessel,0.3053053053053052,55744.97676283312
9306,pressure:valve1:vessel,0.30630630630630584,55546.10497168515
9307,pressure:valve1:vessel,0.3073073073073065,55346.384775006605
9308,pressure:valve1:vessel,0.3083083083083089,55145.87405346187
9309,pressure:valve1:vessel,0.30930930930930955,54944.592677236826
9310,pressure:valve1:vessel,0.3103103103103102,54742.57864734711
9311,pressure:valve1:vessel,0.31131131131131085,54539.860023756766
9312,pressure:valve1:vessel,0.3123123123123115,54336.4689604956
9313,pressure:valve1:vessel,0.3133133133133139,54132.43468777518
9314,pressure:valve1:vessel,0.31431431431431456,53927.78702107153
9315,pressure:valve1:vessel,0.3153153153153152,53722.55460718382
9316,pressure:valve1:vessel,0.31631631631631585,53516.76580225127
9317,pressure:valve1:vessel,0.3173173173173165,53310.448234227675
9318,pressure:valve1:vessel,0.3183183183183189,53103.62902355138
9319,pressure:valve1:vessel,0.31931931931931956,52896.33467513085
9320,pressure:valve1:vessel,0.3203203203203202,52688.59113507499
9321,pressure:valve1:vessel,0.32132132132132085,52480.423765440726
9322,pressure:valve1:vessel,0.3223223223223215,52271.85736035286
9323,pressure:valve1:vessel,0.3233233233233239,52062.9161418055
9324,pressure:valve1:vessel,0.32432432432432456,51853.62376597978
9325,pressure:valve1:vessel,0.3253253253253252,51644.00332465061
9326,pressure:valve1:vessel,0.32632632632632586,51434.0773493821
9327,pressure:valve1:vessel,0.3273273273273265,51223.86781465484
9328,pressure:valve1:vessel,0.3283283283283289,51013.39614183944
9329,pressure:valve1:vessel,0.32932932932932957,50802.68320304946
9330,pressure:valve1:vessel,0.3303303303303302,50591.749325347635
9331,pressure:valve1:vessel,0.33133133133133086,50380.61429505457
9332,pressure:valve1:vessel,0.3323323323323315,50169.29736227936
9333,pressure:valve1:vessel,0.3333333333333339,49957.81724559823
9334,pressure:valve1:vessel,0.33433433433433457,49746.19213691001
9335,pressure:valve1:vessel,0.3353353353353352,49534.439706444144
9336,pressure:valve1:vessel,0.33633633633633586,49322.57710792072
9337,pressure:valve1:vessel,0.3373373373373365,49110.62098385717
9338,pressure:valve1:vessel,0.33833833833833893,48898.58747101144
9339,pressure:valve1:vessel,0.3393393393393396,48686.492205958275
9340,pressure:valve1:vessel,0.3403403403403402,48474.35033079235
9341,pressure:valve1:vessel,0.34134134134134086,48262.17649894842
9342,pressure:valve1:vessel,0.3423423423423415,48049.984881139215
9343,pressure:valve1:vessel,0.34334334334334393,47837.789171398595
9344,pressure:valve1:vessel,0.3443443443443446,47625.60259322846
9345,pressure:valve1:vessel,0.3453453453453452,47413.43790584288
9346,pressure:valve1:vessel,0.34634634634634587,47201.30741050109
9347,pressure:valve1:vessel,0.3473473473473465,46989.22295692977
9348,pressure:valve1:vessel,0.34834834834834894,46777.195949823494
9349,pressure:valve1:vessel,0.3493493493493496,46565.23735542155
9350,pressure:valve1:vessel,0.3503503503503502,46353.35770815687
9351,pressure:valve1:vessel,0.35135135135135087,46141.5671173664
9352,pressure:valve1:vessel,0.3523523523523515,45929.87527406772
9353,pressure:valve1:vessel,0.35335335335335394,45718.29145778782
9354,pressure:valve1:vessel,0.3543543543543546,45506.82454344582
9355,pressure:valve1:vessel,0.35535535535535523,45295.48300828336
9356,pressure:valve1:vessel,0.3563563563563559,45084.27493883515
9357,pressure:valve1:vessel,0.3573573573573565,44873.20803794299
9358,pressure:valve1:vessel,0.35835835835835894,44662.28963180128
9359,pressure:valve1:vessel,0.3593593593593596,44451.52667703536
9360,pressure:valve1:vessel,0.36036036036036023,44240.9257678081
9361,pressure:valve1:vessel,0.3613613613613609,44030.493142946565
9362,pressure:valve1:vessel,0.3623623623623615,43820.23469309422
9363,pressure:valve1:vessel,0.36336336336336394,43610.15596787567
9364,pressure:valve1:vessel,0.36436436436436453,43400.26218307727
9365,pressure:valve1:vessel,0.3653653653653653,43190.55822783914
9366,pressure:valve1:vessel,0.36636636636636594,42981.04867185016
9367,pressure:valve1:vessel,0.3673673673673666,42771.73777255391
9368,pressure:valve1:vessel,0.36836836836836895,42562.62948235118
9369,pressure:valve1:vessel,0.3693693693693696,42353.727455804124
9370,pressure:valve1:vessel,0.37037037037037024,42145.03505683807
9371,pressure:valve1:vessel,0.3713713713713709,41936.55536593238
9372,pressure:valve1:vessel,0.37237237237237153,41728.29118731031
9373,pressure:valve1:vessel,0.3733733733733739,41520.24505611212
9374,pressure:valve1:vessel,0.37437437437437454,41312.419245559264
9375,pressure:valve1:vessel,0.3753753753753752,41104.81577410408
9376,pressure:valve1:vessel,0.37637637637637594,40897.436412558694
9377,pressure:valve1:vessel,0.37737737737737653,40690.28269121206
9378,pressure:valve1:vessel,0.37837837837837895,40483.355906921635
9379,pressure:valve1:vessel,0.3793793793793796,40276.65713018599
9380,pressure:valve1:vessel,0.38038038038038025,40070.18721219522
9381,pressure:valve1:vessel,0.3813813813813809,39863.94679185191
9382,pressure:valve1:vessel,0.38238238238238154,39657.93630277291
9383,pressure:valve1:vessel,0.383383383383384,39452.15598025843
9384,pressure:valve1:vessel,0.38438438438438466,39246.60586823545
9385,pressure:valve1:vessel,0.3853853853853853,39041.28582617272
9386,pressure:valve1:vessel,0.3863863863863859,38836.195535960265
9387,pressure:valve1:vessel,0.38738738738738654,38631.33450876456
9388,pressure:valve1:vessel,0.38838838838838896,38426.70209184596
9389,pressure:valve1:vessel,0.3893893893893896,38222.29747534558
9390,pressure:valve1:vessel,0.39039039039039025,38018.1196990402
9391,pressure:valve1:vessel,0.3913913913913909,37814.16765905697
9392,pressure:valve1:vessel,0.39239239239239154,37610.440114561214
9393,pressure:valve1:vessel,0.3933933933933939,37406.93569440254
9394,pressure:valve1:vessel,0.39439439439439467,37203.652903728595
9395,pressure:valve1:vessel,0.39539539539539525,37000.59013056333
9396,pressure:valve1:vessel,0.3963963963963959,36797.74565234386
9397,pressure:valve1:vessel,0.39739739739739655,36595.11764242815
9398,pressure:valve1:vessel,0.39839839839839897,36392.70417655978
9399,pressure:valve1:vessel,0.3993993993993996,36190.5032392985
9400,pressure:valve1:vessel,0.40040040040040026,35988.512730415576
9401,pressure:valve1:vessel,0.4014014014014009,35786.73047124571
9402,pressure:valve1:vessel,0.4024024024024015,35585.15421101012
9403,pressure:valve1:vessel,0.403403403403404,35393.03773870551
9404,pressure:valve1:vessel,0.4044044044044046,35479.63395906655
9405,pressure:valve1:vessel,0.40540540540540526,35426.851720897605
9406,pressure:valve1:vessel,0.4064064064064059,35443.74919553378
9407,pressure:valve1:vessel,0.40740740740740655,35425.795425162854
9408,pressure:valve1:vessel,0.408408408408409,35425.25688656831
9409,pressure:valve1:vessel,0.4094094094094096,35416.000742154705
9410,pressure:valve1:vessel,0.41041041041041026,35411.0939106738
9411,pressure:valve1:vessel,0.41141141141141085,35404.003394710366
9412,pressure:valve1:vessel,0.4124124124124115,35397.9961463769
9413,pressure:valve1:vessel,0.413413413413414,35391.43913039024
9414,pressure:valve1:vessel,0.4144144144144146,35385.14929500327
9415,pressure:valve1:vessel,0.41541541541541527,35378.7185875519
9416,pressure:valve1:vessel,0.4164164164164159,35372.35144785103
9417,pressure:valve1:vessel,0.41741741741741656,35365.94606251121
9418,pressure:valve1:vessel,0.418418418418419,35359.553738712704
9419,pressure:valve1:vessel,0.4194194194194196,35353.14921816368
9420,pressure:valve1:vessel,0.4204204204204202,35346.74552088886
9421,pressure:valve1:vessel,0.42142142142142097,35340.33652403142
9422,pressure:valve1:vessel,0.4224224224224216,35333.92567308303
9423,pressure:valve1:vessel,0.423423423423424,35327.51162683986
9424,pressure:valve1:vessel,0.42442442442442463,35321.09543544088
9425,pressure:valve1:vessel,0.4254254254254253,35314.67695181481
9426,pressure:valve1:vessel,0.4264264264264259,35308.25662637668
9427,pressure:valve1:vessel,0.42742742742742657,35301.834610057675
9428,pressure:valve1:vessel,0.428428428428429,35295.4112031297
9429,pressure:valve1:vessel,0.4294294294294296,35288.98663109731
9430,pressure:valve1:vessel,0.4304304304304302,35282.56115702376
9431,pressure:valve1:vessel,0.43143143143143087,35276.13502561032
9432,pressure:valve1:vessel,0.4324324324324316,35269.70849137198
9433,pressure:valve1:vessel,0.433433433433434,35263.2818047402
9434,pressure:valve1:vessel,0.43443443443443464,35256.855219179466
9435,pressure:valve1:vessel,0.4354354354354353,35250.42898777623
9436,pressure:valve1:vessel,0.4364364364364359,35244.003365072625
9437,pressure:valve1:vessel,0.43743743743743657,35237.578606260555
9438,pressure:valve1:vessel,0.43843843843843894,35231.154967679635
9439,pressure:valve1:vessel,0.4394394394394397,35224.73270664873
9440,pressure:valve1:vessel,0.44044044044044034,35218.312081617434
9441,pressure:valve1:vessel,0.441441441441441,35211.8933521454
9442,pressure:valve1:vessel,0.4424424424424416,35205.47677895672
9443,pressure:valve1:vessel,0.443443443443444,35199.062623946586
9444,pressure:valve1:vessel,0.44444444444444464,35192.65115020259
9445,pressure:valve1:vessel,0.4454454454454453,35186.24262201027
9446,pressure:valve1:vessel,0.44644644644644593,35179.83730485871
9447,pressure:valve1:vessel,0.4474474474474466,35173.435465439165
9448,pressure:valve1:vessel,0.44844844844844894,35167.037371640705
9449,pressure:valve1:vessel,0.4494494494494497,35160.643292541456
9450,pressure:valve1:vessel,0.45045045045045035,35154.253498396756
9451,pressure:valve1:vessel,0.45145145145145094,35147.86826062388
9452,pressure:valve1:vessel,0.4524524524524516,35141.4878517841
9453,pressure:valve1:vessel,0.453453453453454,35135.11254556201
9454,pressure:valve1:vessel,0.45445445445445465,35128.74261674256
9455,pressure:valve1:vessel,0.4554554554554553,35122.37834118584
9456,pressure:valve1:vessel,0.45645645645645594,35116.01999579994
9457,pressure:valve1:vessel,0.4574574574574566,35109.66785851209
9458,pressure:valve1:vessel,0.45845845845845906,35103.32220823802
9459,pressure:valve1:vessel,0.4594594594594597,35096.98332485003
9460,pressure:valve1:vessel,0.4604604604604603,35090.65148914363
9461,pressure:valve1:vessel,0.46146146146146094,35084.326982802966
9462,pressure:valve1:vessel,0.4624624624624616,35078.01008836525
9463,pressure:valve1:vessel,0.463463463463464,35071.70108918411
9464,pressure:valve1:vessel,0.46446446446446465,35065.400269392136
9465,pressure:valve1:vessel,0.4654654654654653,35059.1079138626
9466,pressure:valve1:vessel,0.46646646646646595,35052.82430817043
9467,pressure:valve1:vessel,0.46746746746746654,35046.54973855263
9468,pressure:valve1:vessel,0.468468468468469,35040.28449186809
9469,pressure:valve1:vessel,0.46946946946946966,35034.02885555687
9470,pressure:valve1:vessel,0.4704704704704703,35027.783117599094
9471,pressure:valve1:vessel,0.47147147147147095,35021.54756647336
9472,pressure:valve1:vessel,0.4724724724724716,35015.32249111494
9473,pressure:valve1:vessel,0.473473473473474,35009.10818087352
9474,pressure:valve1:vessel,0.47447447447447466,35002.904925470815
9475,pressure:valve1:vessel,0.4754754754754753,34996.71301495791
9476,pressure:valve1:vessel,0.4764764764764759,34990.532739672344
9477,pressure:valve1:vessel,0.47747747747747665,34984.364390195144
9478,pressure:valve1:vessel,0.478478478478479,34978.20825730768
9479,pressure:valve1:vessel,0.47947947947947966,34972.06463194838
9480,pressure:valve1:vessel,0.4804804804804803,34965.93380516946
9481,pressure:valve1:vessel,0.48148148148148096,34959.816068093445
9482,pressure:valve1:vessel,0.4824824824824816,34953.71171186984
9483,pressure:valve1:vessel,0.483483483483484,34947.62102763158
9484,pressure:valve1:vessel,0.48448448448448467,34941.54430645167
9485,pressure:valve1:vessel,0.48548548548548526,34935.4818392997
9486,pressure:valve1:vessel,0.4864864864864859,34929.43391699838
9487,pressure:valve1:vessel,0.48748748748748655,34923.40083018025
9488,pressure:valve1:vessel,0.488488488488489,34917.38286924431
9489,pressure:valve1:vessel,0.48948948948948967,34911.38032431275
9490,pressure:valve1:vessel,0.4904904904904903,34905.39348518777
9491,pressure:valve1:vessel,0.49149149149149096,34899.42264130846
9492,pressure:valve1:vessel,0.4924924924924916,34893.46808170779
9493,pressure:valve1:vessel,0.493493493493494,34887.530094969676
9494,pressure:valve1:vessel,0.4944944944944946,34881.608969186156
9495,pressure:valve1:vessel,0.4954954954954954,34875.70499191473
9496,pressure:valve1:vessel,0.496496496496496,34869.8184501357
9497,pressure:valve1:vessel,0.49749749749749667,34863.94963020976
9498,pressure:valve1:vessel,0.49849849849849903,34858.09881783564
9499,pressure:valve1:vessel,0.4994994994994997,34852.26629800792
9500,pressure:valve1:vessel,0.5005005005005003,34846.45235497497
9501,pressure:valve1:vessel,0.501501501501501,34840.65727219702
9502,pressure:valve1:vessel,0.5025025025025016,34834.88133230442
9503,pressure:valve1:vessel,0.503503503503504,34829.12481705601
9504,pressure:valve1:vessel,0.5045045045045047,34823.38800729763
9505,pressure:valve1:vessel,0.5055055055055053,34817.671182920916
9506,pressure:valve1:vessel,0.506506506506506,34811.974622822054
9507,pressure:valve1:vessel,0.5075075075075066,34806.29860486089
9508,pressure:valve1:vessel,0.508508508508509,34800.64340582008
9509,pressure:valve1:vessel,0.5095095095095097,34795.00930136451
9510,pressure:valve1:vessel,0.5105105105105103,34789.3965660008
9511,pressure:valve1:vessel,0.511511511511511,34783.80547303706
9512,pressure:valve1:vessel,0.5125125125125116,34778.23629454275
9513,pressure:valve1:vessel,0.513513513513514,34772.689301308834
9514,pressure:valve1:vessel,0.5145145145145147,34767.164762808
9515,pressure:valve1:vessel,0.5155155155155153,34761.66294715517
9516,pressure:valve1:vessel,0.516516516516516,34756.18412106809
9517,pressure:valve1:vessel,0.5175175175175166,34750.72854982822
9518,pressure:valve1:vessel,0.518518518518519,34745.29649724178
9519,pressure:valve1:vessel,0.5195195195195197,34739.88822560097
9520,pressure:valve1:vessel,0.5205205205205203,34734.503995645406
9521,pressure:valve1:vessel,0.521521521521521,34729.14406652376
9522,pressure:valve1:vessel,0.5225225225225216,34723.80869575563
9523,pressure:valve1:vessel,0.523523523523524,34718.498139193565
9524,pressure:valve1:vessel,0.5245245245245247,34713.21265098534
9525,pressure:valve1:vessel,0.5255255255255253,34707.95248353645
9526,pressure:valve1:vessel,0.526526526526526,34702.71788747273
9527,pressure:valve1:vessel,0.5275275275275266,34697.50911160336
9528,pressure:valve1:vessel,0.528528528528529,34692.32640288388
9529,pressure:valve1:vessel,0.5295295295295297,34687.17000637963
9530,pressure:valve1:vessel,0.5305305305305303,34682.04016522927
9531,pressure:valve1:vessel,0.531531531531531,34676.93712060858
9532,pressure:valve1:vessel,0.5325325325325316,34671.861111694474
9533,pressure:valve1:vessel,0.533533533533534,34666.81237562929
9534,pressure:valve1:vessel,0.5345345345345347,34661.791147485244
9535,pressure:valve1:vessel,0.5355355355355353,34656.797660229175
9536,pressure:valve1:vessel,0.536536536536536,34651.83214468749
9537,pressure:valve1:vessel,0.5375375375375366,34646.894829511395
9538,pressure:valve1:vessel,0.5385385385385391,34641.985941142324
9539,pressure:valve1:vessel,0.5395395395395397,34637.10570377763
9540,pressure:valve1:vessel,0.5405405405405403,34632.254339336585
9541,pressure:valve1:vessel,0.541541541541541,34627.43206742649
9542,pressure:valve1:vessel,0.5425425425425416,34622.63910530921
9543,pressure:valve1:vessel,0.5435435435435441,34617.87566786784
9544,pressure:valve1:vessel,0.5445445445445447,34613.14196757368
9545,pressure:valve1:vessel,0.5455455455455454,34608.43821445352
9546,pressure:valve1:vessel,0.546546546546546,34603.764616057066
9547,pressure:valve1:vessel,0.5475475475475466,34599.121377424766
9548,pressure:valve1:vessel,0.5485485485485491,34594.50870105585
9549,pressure:valve1:vessel,0.5495495495495497,34589.926786876626
9550,pressure:valve1:vessel,0.5505505505505504,34585.37583220912
9551,pressure:valve1:vessel,0.551551551551551,34580.856031739924
9552,pressure:valve1:vessel,0.5525525525525516,34576.36757748936
9553,pressure:valve1:vessel,0.5535535535535541,34571.910658780966
9554,pressure:valve1:vessel,0.5545545545545547,34567.485462211196
9555,pressure:valve1:vessel,0.5555555555555554,34563.092171619515
9556,pressure:valve1:vessel,0.556556556556556,34558.730968058684
9557,pressure:valve1:vessel,0.5575575575575566,34554.40202976543
9558,pressure:valve1:vessel,0.5585585585585591,34550.105532131354
9559,pressure:valve1:vessel,0.5595595595595597,34545.87264818101
9560,pressure:valve1:vessel,0.5605605605605604,34541.739966658264
9561,pressure:valve1:vessel,0.561561561561561,34537.7063085666
9562,pressure:valve1:vessel,0.5625625625625617,34533.761778463784
9563,pressure:valve1:vessel,0.5635635635635641,34529.899325111175
9564,pressure:valve1:vessel,0.5645645645645647,34526.11237236452
9565,pressure:valve1:vessel,0.5655655655655654,34522.39516459041
9566,pressure:valve1:vessel,0.566566566566566,34518.742601276615
9567,pressure:valve1:vessel,0.5675675675675667,34515.150181087025
9568,pressure:valve1:vessel,0.5685685685685691,34511.6139356246
9569,pressure:valve1:vessel,0.5695695695695697,34508.13037371262
9570,pressure:valve1:vessel,0.5705705705705704,34504.69643158883
9571,pressure:valve1:vessel,0.571571571571571,34501.309428628585
9572,pressure:valve1:vessel,0.5725725725725717,34497.96702795448
9573,pressure:valve1:vessel,0.5735735735735741,34494.66720123306
9574,pressure:valve1:vessel,0.5745745745745747,34491.40819717448
9575,pressure:valve1:vessel,0.5755755755755754,34488.18851323762
9576,pressure:valve1:vessel,0.576576576576576,34485.00687014458
9577,pressure:valve1:vessel,0.5775775775775767,34481.86218883791
9578,pressure:valve1:vessel,0.5785785785785791,34478.75356956921
9579,pressure:valve1:vessel,0.5795795795795797,34475.68027284117
9580,pressure:valve1:vessel,0.5805805805805804,34472.64170196211
9581,pressure:valve1:vessel,0.581581581581581,34469.637387000286
9582,pressure:valve1:vessel,0.5825825825825817,34466.66696995263
9583,pressure:valve1:vessel,0.5835835835835841,34463.730190965056
9584,pressure:valve1:vessel,0.5845845845845847,34460.82687546276
9585,pressure:valve1:vessel,0.5855855855855854,34457.95692206685
9586,pressure:valve1:vessel,0.586586586586586,34455.12029119031
9587,pressure:valve1:vessel,0.5875875875875867,34452.31699422089
9588,pressure:valve1:vessel,0.5885885885885891,34449.54708321202
9589,pressure:valve1:vessel,0.5895895895895897,34446.81064101461
9590,pressure:valve1:vessel,0.5905905905905904,34444.10777179398
9591,pressure:valve1:vessel,0.591591591591591,34441.4385918858
9592,pressure:valve1:vessel,0.5925925925925917,34438.803220954505
9593,pressure:valve1:vessel,0.5935935935935941,34436.20177342596
9594,pressure:valve1:vessel,0.5945945945945947,34433.634350174194
9595,pressure:valve1:vessel,0.5955955955955954,34431.1010304493
9596,pressure:valve1:vessel,0.596596596596596,34428.601864040356
9597,pressure:valve1:vessel,0.5975975975975967,34426.136863673666
9598,pressure:valve1:vessel,0.5985985985985991,34423.70599765252
9599,pressure:valve1:vessel,0.5995995995995997,34421.30918274994
9600,pressure:valve1:vessel,0.6006006006006004,34418.94374541581
9601,pressure:valve1:vessel,0.601601601601601,34416.560933390516
9602,pressure:valve1:vessel,0.6026026026026017,34414.16616065781
9603,pressure:valve1:vessel,0.6036036036036041,34411.75749652795
9604,pressure:valve1:vessel,0.6046046046046047,34409.33667055832
9605,pressure:valve1:vessel,0.6056056056056054,34406.903550999545
9606,pressure:valve1:vessel,0.606606606606606,34404.45891058231
9607,pressure:valve1:vessel,0.6076076076076067,34402.00304380443
9608,pressure:valve1:vessel,0.6086086086086091,34399.536459383766
9609,pressure:valve1:vessel,0.6096096096096097,34397.05953490524
9610,pressure:valve1:vessel,0.6106106106106104,34394.57269037538
9611,pressure:valve1:vessel,0.611611611611611,34392.07630228404
9612,pressure:valve1:vessel,0.6126126126126117,34389.57074738342
9613,pressure:valve1:vessel,0.6136136136136141,34387.0563815788
9614,pressure:valve1:vessel,0.6146146146146148,34384.53355123515
9615,pressure:valve1:vessel,0.6156156156156154,34382.002588248506
9616,pressure:valve1:vessel,0.616616616616616,34379.46381320867
9617,pressure:valve1:vessel,0.6176176176176167,34376.917534490916
9618,pressure:valve1:vessel,0.6186186186186191,34374.36404935883
9619,pressure:valve1:vessel,0.6196196196196198,34371.80364403804
9620,pressure:valve1:vessel,0.6206206206206204,34369.23659428182
9621,pressure:valve1:vessel,0.621621621621621,34366.663165669
9622,pressure:valve1:vessel,0.6226226226226217,34364.083614014635
9623,pressure:valve1:vessel,0.6236236236236241,34361.498185704026
9624,pressure:valve1:vessel,0.6246246246246248,34358.90711804554
9625,pressure:valve1:vessel,0.6256256256256254,34356.31063959525
9626,pressure:valve1:vessel,0.626626626626626,34353.70897047744
9627,pressure:valve1:vessel,0.6276276276276267,34351.10232268977
9628,pressure:valve1:vessel,0.6286286286286291,34348.49090039924
9629,pressure:valve1:vessel,0.6296296296296298,34345.87490022653
9630,pressure:valve1:vessel,0.6306306306306304,34343.25451152048
9631,pressure:valve1:vessel,0.631631631631631,34340.62991662244
9632,pressure:valve1:vessel,0.6326326326326317,34338.00129112118
9633,pressure:valve1:vessel,0.6336336336336341,34335.368804098456
9634,pressure:valve1:vessel,0.6346346346346348,34332.7326183658
9635,pressure:valve1:vessel,0.6356356356356354,34330.09289069267
9636,pressure:valve1:vessel,0.636636636636636,34327.449772026375
9637,pressure:valve1:vessel,0.6376376376376367,34324.80340770405
9638,pressure:valve1:vessel,0.6386386386386391,34322.153937656934
9639,pressure:valve1:vessel,0.6396396396396398,34319.5014966073
9640,pressure:valve1:vessel,0.6406406406406404,34316.8462142582
9641,pressure:valve1:vessel,0.6416416416416411,34314.18821547641
9642,pressure:valve1:vessel,0.6426426426426417,34311.52762046872
9643,pressure:valve1:vessel,0.6436436436436441,34308.86454495184
9644,pressure:valve1:vessel,0.6446446446446448,34306.199100316175
9645,pressure:valve1:vessel,0.6456456456456454,34303.53139378368
9646,pressure:valve1:vessel,0.6466466466466461,34300.86152855999
9647,pressure:valve1:vessel,0.6476476476476467,34298.189603981016
9648,pressure:valve1:vessel,0.6486486486486491,34295.51571565431
9649,pressure:valve1:vessel,0.6496496496496498,34292.83995559523
9650,pressure:valve1:vessel,0.6506506506506504,34290.162412358244
9651,pressure:valve1:vessel,0.6516516516516511,34287.48317116345
9652,pressure:valve1:vessel,0.6526526526526517,34284.802314018496
9653,pressure:valve1:vessel,0.6536536536536541,34282.119919836136
9654,pressure:valve1:vessel,0.6546546546546548,34279.43606454748
9655,pressure:valve1:vessel,0.6556556556556554,34276.75082121117
9656,pressure:valve1:vessel,0.6566566566566561,34274.06426011862
9657,pressure:valve1:vessel,0.6576576576576567,34271.37644889537
9658,pressure:valve1:vessel,0.6586586586586591,34268.68745259886
9659,pressure:valve1:vessel,0.6596596596596598,34265.99733381262
9660,pressure:valve1:vessel,0.6606606606606604,34263.30615273702
9661,pressure:valve1:vessel,0.6616616616616611,34260.61396727679
9662,pressure:valve1:vessel,0.6626626626626617,34257.920833125296
9663,pressure:valve1:vessel,0.6636636636636641,34255.226803845835
9664,pressure:valve1:vessel,0.6646646646646648,34252.531930949954
9665,pressure:valve1:vessel,0.6656656656656654,34249.83626397288
9666,pressure:valve1:vessel,0.6666666666666661,34247.13985054631
9667,pressure:valve1:vessel,0.6676676676676667,34244.44273646846
9668,pressure:valve1:vessel,0.6686686686686691,34241.74496577166
9669,pressure:valve1:vessel,0.6696696696696698,34239.04658078743
9670,pressure:valve1:vessel,0.6706706706706704,34236.347622209236
9671,pressure:valve1:vessel,0.6716716716716711,34233.64812915294
9672,pressure:valve1:vessel,0.6726726726726717,34230.94813921508
9673,pressure:valve1:vessel,0.6736736736736741,34228.247688529
9674,pressure:valve1:vessel,0.6746746746746748,34225.546811819
9675,pressure:valve1:vessel,0.6756756756756754,34222.84554245242
9676,pressure:valve1:vessel,0.6766766766766761,34220.143912489955
9677,pressure:valve1:vessel,0.6776776776776767,34217.441952734036
9678,pressure:valve1:vessel,0.6786786786786791,34214.739692775496
9679,pressure:valve1:vessel,0.6796796796796798,34212.037161038555
9680,pressure:valve1:vessel,0.6806806806806804,34209.334384824135
9681,pressure:valve1:vessel,0.6816816816816811,34206.63139035161
9682,pressure:valve1:vessel,0.6826826826826817,34203.92820279906
9683,pressure:valve1:vessel,0.6836836836836842,34201.224846342
9684,pressure:valve1:vessel,0.6846846846846848,34198.52134419076
9685,pressure:valve1:vessel,0.6856856856856854,34195.8177186265
9686,pressure:valve1:vessel,0.6866866866866861,34193.11399103586
9687,pressure:valve1:vessel,0.6876876876876867,34190.41018194438
9688,pressure:valve1:vessel,0.6886886886886892,34187.706311048736
9689,pressure:valve1:vessel,0.6896896896896898,34185.002397247714
9690,pressure:valve1:vessel,0.6906906906906904,34182.29845867215
9691,pressure:valve1:vessel,0.6916916916916911,34179.5945127137
9692,pressure:valve1:vessel,0.6926926926926917,34176.890576052625
9693,pressure:valve1:vessel,0.6936936936936942,34174.18666468448
9694,pressure:valve1:vessel,0.6946946946946948,34171.48279394592
9695,pressure:valve1:vessel,0.6956956956956954,34168.77897853949
9696,pressure:valve1:vessel,0.6966966966966961,34166.07523255756
9697,pressure:valve1:vessel,0.6976976976976967,34163.37156950532
9698,pressure:valve1:vessel,0.6986986986986992,34160.66800232302
9699,pressure:valve1:vessel,0.6996996996996998,34157.96454340733
9700,pressure:valve1:vessel,0.7007007007007005,34155.261204631934
9701,pressure:valve1:vessel,0.7017017017017011,34152.55799736736
9702,pressure:valve1:vessel,0.7027027027027017,34149.85493250013
9703,pressure:valve1:vessel,0.7037037037037042,34147.15202045114
9704,pressure:valve1:vessel,0.7047047047047048,34144.449271193414
9705,pressure:valve1:vessel,0.7057057057057055,34141.74669426919
9706,pressure:valve1:vessel,0.7067067067067061,34139.04429880637
9707,pressure:valve1:vessel,0.7077077077077067,34136.3420935344
9708,pressure:valve1:vessel,0.7087087087087092,34133.64008679949
9709,pressure:valve1:vessel,0.7097097097097098,34130.93828657938
9710,pressure:valve1:vessel,0.7107107107107105,34128.23670049747
9711,pressure:valve1:vessel,0.7117117117117111,34125.53533583649
9712,pressure:valve1:vessel,0.7127127127127117,34122.83419955161
9713,pressure:valve1:vessel,0.7137137137137142,34120.13329828314
9714,pressure:valve1:vessel,0.7147147147147148,34117.43263836868
9715,pressure:valve1:vessel,0.7157157157157155,34114.732225854896
9716,pressure:valve1:vessel,0.7167167167167161,34112.03206650881
9717,pressure:valve1:vessel,0.7177177177177168,34109.33216582868
9718,pressure:valve1:vessel,0.7187187187187192,34106.632529054514
9719,pressure:valve1:vessel,0.7197197197197198,34103.93316117814
9720,pressure:valve1:vessel,0.7207207207207205,34101.234066952944
9721,pressure:valve1:vessel,0.7217217217217211,34098.53525090324
9722,pressure:valve1:vessel,0.7227227227227218,34095.83671733325
9723,pressure:valve1:vessel,0.7237237237237242,34093.13847033585
9724,pressure:valve1:vessel,0.7247247247247248,34090.44051380086
9725,pressure:valve1:vessel,0.7257257257257255,34087.742851423136
9726,pressure:valve1:vessel,0.7267267267267261,34085.0454867103
9727,pressure:valve1:vessel,0.7277277277277268,34082.348422990224
9728,pressure:valve1:vessel,0.7287287287287291,34079.65166341816
9729,pressure:valve1:vessel,0.7297297297297297,34076.95521098372
9730,pressure:valve1:vessel,0.7307307307307304,34074.25917768684
9731,pressure:valve1:vessel,0.7317317317317312,34071.56359760866
9732,pressure:valve1:vessel,0.7327327327327319,34068.86846254944
9733,pressure:valve1:vessel,0.7337337337337343,34066.17377151608
9734,pressure:valve1:vessel,0.7347347347347348,34063.479522109665
9735,pressure:valve1:vessel,0.7357357357357355,34060.785712247816
9736,pressure:valve1:vessel,0.7367367367367361,34058.09233981961
9737,pressure:valve1:vessel,0.7377377377377385,34055.39940275415
9738,pressure:valve1:vessel,0.7387387387387392,34052.70689900633
9739,pressure:valve1:vessel,0.7397397397397398,34050.01482655922
9740,pressure:valve1:vessel,0.7407407407407405,34047.32318342315
9741,pressure:valve1:vessel,0.7417417417417411,34044.631967635374
9742,pressure:valve1:vessel,0.7427427427427435,34041.941177259716
9743,pressure:valve1:vessel,0.7437437437437442,34039.25081038619
9744,pressure:valve1:vessel,0.7447447447447448,34036.56086513063
9745,pressure:valve1:vessel,0.7457457457457455,34033.87133963433
9746,pressure:valve1:vessel,0.7467467467467461,34031.18223206369
9747,pressure:valve1:vessel,0.7477477477477484,34028.49354060988
9748,pressure:valve1:vessel,0.7487487487487491,34025.805263488466
9749,pressure:valve1:vessel,0.7497497497497497,34023.11739893909
9750,pressure:valve1:vessel,0.7507507507507504,34020.42994522513
9751,pressure:valve1:vessel,0.7517517517517512,34017.74290063338
9752,pressure:valve1:vessel,0.7527527527527536,34015.056263473714
9753,pressure:valve1:vessel,0.7537537537537542,34012.370032078776
9754,pressure:valve1:vessel,0.7547547547547548,34009.684204803656
9755,pressure:valve1:vessel,0.7557557557557555,34006.998780025584
9756,pressure:valve1:vessel,0.7567567567567561,34004.31375614362
9757,pressure:valve1:vessel,0.7577577577577586,34001.62913157837
9758,pressure:valve1:vessel,0.7587587587587592,33998.944904771655
9759,pressure:valve1:vessel,0.7597597597597598,33996.26107418625
9760,pressure:valve1:vessel,0.7607607607607605,33993.57763830559
9761,pressure:valve1:vessel,0.7617617617617611,33990.89459563347
9762,pressure:valve1:vessel,0.7627627627627636,33988.21194469378
9763,pressure:valve1:vessel,0.7637637637637642,33985.5296840302
9764,pressure:valve1:vessel,0.7647647647647648,33982.84781220599
9765,pressure:valve1:vessel,0.7657657657657655,33980.166327803636
9766,pressure:valve1:vessel,0.766766766766766,33977.48522942466
9767,pressure:valve1:vessel,0.7677677677677687,33974.80451568932
9768,pressure:valve1:vessel,0.7687687687687693,33972.12418523636
9769,pressure:valve1:vessel,0.76976976976977,33969.44423672275
9770,pressure:valve1:vessel,0.7707707707707706,33966.76466882345
9771,pressure:valve1:vessel,0.7717717717717713,33964.08548023116
9772,pressure:valve1:vessel,0.7727727727727736,33961.406669656055
9773,pressure:valve1:vessel,0.7737737737737742,33958.728235825576
9774,pressure:valve1:vessel,0.7747747747747749,33956.050177484176
9775,pressure:valve1:vessel,0.7757757757757755,33953.37249339308
9776,pressure:valve1:vessel,0.7767767767767761,33950.69518233008
9777,pressure:valve1:vessel,0.7777777777777786,33948.018243089275
9778,pressure:valve1:vessel,0.7787787787787792,33945.34167448087
9779,pressure:valve1:vessel,0.7797797797797799,33942.66547533096
9780,pressure:valve1:vessel,0.7807807807807805,33939.98964448129
9781,pressure:valve1:vessel,0.7817817817817811,33937.31418078906
9782,pressure:valve1:vessel,0.7827827827827836,33934.63908312668
9783,pressure:valve1:vessel,0.7837837837837841,33931.964350381626
9784,pressure:valve1:vessel,0.7847847847847848,33929.28998145616
9785,pressure:valve1:vessel,0.7857857857857854,33926.61597526718
9786,pressure:valve1:vessel,0.786786786786786,33923.94233074599
9787,pressure:valve1:vessel,0.7877877877877887,33921.26904683812
9788,pressure:valve1:vessel,0.7887887887887893,33918.59612250312
9789,pressure:valve1:vessel,0.78978978978979,33915.92355671437
9790,pressure:valve1:vessel,0.7907907907907905,33913.2513484589
9791,pressure:valve1:vessel,0.7917917917917912,33910.57949673719
9792,pressure:valve1:vessel,0.7927927927927936,33907.908000562995
9793,pressure:valve1:vessel,0.7937937937937942,33905.23685896315
9794,pressure:valve1:vessel,0.7947947947947949,33902.56607097741
9795,pressure:valve1:vessel,0.7957957957957955,33899.89563565826
9796,pressure:valve1:vessel,0.7967967967967962,33897.22555207074
9797,pressure:valve1:vessel,0.7977977977977986,33894.55581929228
9798,pressure:valve1:vessel,0.7987987987987992,33891.88643641253
9799,pressure:valve1:vessel,0.7997997997997999,33889.21740253319
9800,pressure:valve1:vessel,0.8008008008008005,33886.54871676784
9801,pressure:valve1:vessel,0.8018018018018012,33883.88037824177
9802,pressure:valve1:vessel,0.8028028028028035,33881.21238609185
9803,pressure:valve1:vessel,0.8038038038038041,33878.54473946635
9804,pressure:valve1:vessel,0.8048048048048048,33875.87743752479
9805,pressure:valve1:vessel,0.8058058058058054,33873.21047943777
9806,pressure:valve1:vessel,0.806806806806806,33870.543864386826
9807,pressure:valve1:vessel,0.8078078078078086,33867.87759156431
9808,pressure:valve1:vessel,0.8088088088088092,33865.211660173205
9809,pressure:valve1:vessel,0.8098098098098099,33862.546069426986
9810,pressure:valve1:vessel,0.8108108108108105,33859.880818549485
9811,pressure:valve1:vessel,0.8118118118118112,33857.21590677475
9812,pressure:valve1:vessel,0.8128128128128136,33854.55133334689
9813,pressure:valve1:vessel,0.8138138138138142,33851.88709751997
9814,pressure:valve1:vessel,0.8148148148148149,33849.223198557826
9815,pressure:valve1:vessel,0.8158158158158155,33846.559635733975
9816,pressure:valve1:vessel,0.8168168168168162,33843.896408331464
9817,pressure:valve1:vessel,0.8178178178178186,33841.23351564274
9818,pressure:valve1:vessel,0.8188188188188192,33838.570956969525
9819,pressure:valve1:vessel,0.8198198198198199,33835.90873162267
9820,pressure:valve1:vessel,0.8208208208208205,33833.246838922074
9821,pressure:valve1:vessel,0.8218218218218212,33830.58527819651
9822,pressure:valve1:vessel,0.8228228228228237,33827.924048783534
9823,pressure:valve1:vessel,0.8238238238238244,33825.263150029365
9824,pressure:valve1:vessel,0.824824824824825,33822.60258128874
9825,pressure:valve1:vessel,0.8258258258258256,33819.94234192483
9826,pressure:valve1:vessel,0.8268268268268263,33817.282431309104
9827,pressure:valve1:vessel,0.8278278278278286,33814.62284882123
9828,pressure:valve1:vessel,0.8288288288288292,33811.963593848945
9829,pressure:valve1:vessel,0.8298298298298299,33809.30466578795
9830,pressure:valve1:vessel,0.8308308308308305,33806.64606404182
9831,pressure:valve1:vessel,0.8318318318318312,33803.98778802188
9832,pressure:valve1:vessel,0.8328328328328336,33801.329837147074
9833,pressure:valve1:vessel,0.8338338338338342,33798.67221084391
9834,pressure:valve1:vessel,0.8348348348348349,33796.014908546334
9835,pressure:valve1:vessel,0.8358358358358355,33793.357929695616
9836,pressure:valve1:vessel,0.8368368368368362,33790.70127374027
9837,pressure:valve1:vessel,0.8378378378378386,33788.04494013594
9838,pressure:valve1:vessel,0.8388388388388393,33785.3889283453
9839,pressure:valve1:vessel,0.8398398398398398,33782.733237837994
9840,pressure:valve1:vessel,0.8408408408408404,33780.07786809048
9841,pressure:valve1:vessel,0.8418418418418411,33777.42281858598
9842,pressure:valve1:vessel,0.8428428428428437,33774.7680888144
9843,pressure:valve1:vessel,0.8438438438438444,33772.11367827218
9844,pressure:valve1:vessel,0.844844844844845,33769.45958646226
9845,pressure:valve1:vessel,0.8458458458458455,33766.80581289397
9846,pressure:valve1:vessel,0.8468468468468462,33764.15235708292
9847,pressure:valve1:vessel,0.8478478478478486,33761.49921855098
9848,pressure:valve1:vessel,0.8488488488488493,33758.846396826106
9849,pressure:valve1:vessel,0.8498498498498499,33756.193891442344
9850,pressure:valve1:vessel,0.8508508508508505,33753.54170193967
9851,pressure:valve1:vessel,0.8518518518518512,33750.88982786397
9852,pressure:valve1:vessel,0.8528528528528536,33748.23826876691
9853,pressure:valve1:vessel,0.8538538538538543,33745.5870242059
9854,pressure:valve1:vessel,0.8548548548548549,33742.936093743985
9855,pressure:valve1:vessel,0.8558558558558556,33740.28547694978
9856,pressure:valve1:vessel,0.8568568568568562,33737.635173397386
9857,pressure:valve1:vessel,0.8578578578578585,33734.98518266633
9858,pressure:valve1:vessel,0.8588588588588592,33732.33550434147
9859,pressure:valve1:vessel,0.8598598598598598,33729.68613801295
9860,pressure:valve1:vessel,0.8608608608608604,33727.0370832761
9861,pressure:valve1:vessel,0.8618618618618611,33724.38833973137
9862,pressure:valve1:vessel,0.8628628628628637,33721.73990698428
9863,pressure:valve1:vessel,0.8638638638638643,33719.09178464533
9864,pressure:valve1:vessel,0.8648648648648649,33716.44397232994
9865,pressure:valve1:vessel,0.8658658658658656,33713.796469658366
9866,pressure:valve1:vessel,0.8668668668668662,33711.14927625568
9867,pressure:valve1:vessel,0.8678678678678686,33708.502391751645
9868,pressure:valve1:vessel,0.8688688688688693,33705.8558157807
9869,pressure:valve1:vessel,0.8698698698698699,33703.20954798185
9870,pressure:valve1:vessel,0.8708708708708706,33700.56358799866
9871,pressure:valve1:vessel,0.8718718718718712,33697.91793547913
9872,pressure:valve1:vessel,0.8728728728728736,33695.27259007568
9873,pressure:valve1:vessel,0.8738738738738743,33692.62755144507
9874,pressure:valve1:vessel,0.8748748748748749,33689.982819248355
9875,pressure:valve1:vessel,0.8758758758758756,33687.338393150814
9876,pressure:valve1:vessel,0.8768768768768762,33684.694272821886
9877,pressure:valve1:vessel,0.8778778778778785,33682.050457935125
9878,pressure:valve1:vessel,0.8788788788788794,33679.40694816814
9879,pressure:valve1:vessel,0.87987987987988,33676.76374320256
9880,pressure:valve1:vessel,0.8808808808808807,33674.12084272392
9881,pressure:valve1:vessel,0.8818818818818813,33671.47824642168
9882,pressure:valve1:vessel,0.8828828828828836,33668.83595398912
9883,pressure:valve1:vessel,0.8838838838838843,33666.193965123304
9884,pressure:valve1:vessel,0.8848848848848849,33663.55227952505
9885,pressure:valve1:vessel,0.8858858858858856,33660.910896898844
9886,pressure:valve1:vessel,0.8868868868868862,33658.2698169528
9887,pressure:valve1:vessel,0.8878878878878886,33655.62903939863
9888,pressure:valve1:vessel,0.8888888888888893,33652.988563951556
9889,pressure:valve1:vessel,0.8898898898898899,33650.348390330306
9890,pressure:valve1:vessel,0.8908908908908906,33647.70851825704
9891,pressure:valve1:vessel,0.8918918918918912,33645.0689474573
9892,pressure:valve1:vessel,0.8928928928928936,33642.42967765999
9893,pressure:valve1:vessel,0.8938938938938943,33639.79070859729
9894,pressure:valve1:vessel,0.8948948948948949,33637.15204000465
9895,pressure:valve1:vessel,0.8958958958958955,33634.51367162072
9896,pressure:valve1:vessel,0.8968968968968961,33631.87560318732
9897,pressure:valve1:vessel,0.8978978978978985,33629.23783444939
9898,pressure:valve1:vessel,0.8988988988988994,33626.60036515495
9899,pressure:valve1:vessel,0.8998998998999,33623.96319505504
9900,pressure:valve1:vessel,0.9009009009009005,33621.326323903726
9901,pressure:valve1:vessel,0.9019019019019012,33618.689751458005
9902,pressure:valve1:vessel,0.9029029029029036,33616.05347747779
9903,pressure:valve1:vessel,0.9039039039039043,33613.417501725875
9904,pressure:valve1:vessel,0.9049049049049048,33610.78182396789
9905,pressure:valve1:vessel,0.9059059059059056,33608.14644397225
9906,pressure:valve1:vessel,0.9069069069069062,33605.511361510136
9907,pressure:valve1:vessel,0.9079079079079087,33602.87657635545
9908,pressure:valve1:vessel,0.9089089089089091,33600.242088284765
9909,pressure:valve1:vessel,0.90990990990991,33597.607897077316
9910,pressure:valve1:vessel,0.9109109109109106,33594.97400251493
9911,pressure:valve1:vessel,0.9119119119119112,33592.34040438203
9912,pressure:valve1:vessel,0.9129129129129137,33589.70710246555
9913,pressure:valve1:vessel,0.9139139139139144,33587.074096554956
9914,pressure:valve1:vessel,0.9149149149149148,33584.441386442166
9915,pressure:valve1:vessel,0.9159159159159157,33581.80897192154
9916,pressure:valve1:vessel,0.9169169169169161,33579.17685278984
9917,pressure:valve1:vessel,0.9179179179179188,33576.545028846194
9918,pressure:valve1:vessel,0.9189189189189192,33573.91349989208
9919,pressure:valve1:vessel,0.91991991991992,33571.282265731264
9920,pressure:valve1:vessel,0.9209209209209205,33568.6513261698
9921,pressure:valve1:vessel,0.9219219219219212,33566.02068101597
9922,pressure:valve1:vessel,0.9229229229229237,33563.39033008029
9923,pressure:valve1:vessel,0.9239239239239245,33560.76027317544
9924,pressure:valve1:vessel,0.9249249249249248,33558.13051011625
9925,pressure:valve1:vessel,0.9259259259259256,33555.50104071969
9926,pressure:valve1:vessel,0.9269269269269262,33552.87186480481
9927,pressure:valve1:vessel,0.9279279279279287,33550.24298219272
9928,pressure:valve1:vessel,0.9289289289289293,33547.61439270659
9929,pressure:valve1:vessel,0.9299299299299301,33544.98609617158
9930,pressure:valve1:vessel,0.9309309309309306,33542.358092414834
9931,pressure:valve1:vessel,0.9319319319319312,33539.73038126545
9932,pressure:valve1:vessel,0.9329329329329336,33537.102962554454
9933,pressure:valve1:vessel,0.9339339339339344,33534.475836114776
9934,pressure:valve1:vessel,0.9349349349349348,33531.84900178122
9935,pressure:valve1:vessel,0.9359359359359357,33529.22245939045
9936,pressure:valve1:vessel,0.9369369369369364,33526.596208780924
9937,pressure:valve1:vessel,0.9379379379379387,33523.97024979294
9938,pressure:valve1:vessel,0.9389389389389392,33521.34458226854
9939,pressure:valve1:vessel,0.93993993993994,33518.71920605152
9940,pressure:valve1:vessel,0.9409409409409406,33516.09412098742
9941,pressure:valve1:vessel,0.9419419419419413,33513.46932692347
9942,pressure:valve1:vessel,0.9429429429429437,33510.84482370858
9943,pressure:valve1:vessel,0.9439439439439444,33508.22061119333
9944,pressure:valve1:vessel,0.9449449449449449,33505.5966892299
9945,pressure:valve1:vessel,0.9459459459459456,33502.97305767212
9946,pressure:valve1:vessel,0.9469469469469463,33500.34971637539
9947,pressure:valve1:vessel,0.9479479479479487,33497.726665196686
9948,pressure:valve1:vessel,0.9489489489489493,33495.103903994524
9949,pressure:valve1:vessel,0.9499499499499501,33492.48143262895
9950,pressure:valve1:vessel,0.9509509509509506,33489.85925096151
9951,pressure:valve1:vessel,0.9519519519519511,33487.237358855244
9952,pressure:valve1:vessel,0.9529529529529536,33484.61575617464
9953,pressure:valve1:vessel,0.9539539539539544,33481.99444278564
9954,pressure:valve1:vessel,0.9549549549549549,33479.37341855561
9955,pressure:valve1:vessel,0.9559559559559557,33476.75268335332
9956,pressure:valve1:vessel,0.9569569569569564,33474.13223704893
9957,pressure:valve1:vessel,0.9579579579579587,33471.51207951395
9958,pressure:valve1:vessel,0.9589589589589592,33468.892210621256
9959,pressure:valve1:vessel,0.95995995995996,33466.27263024505
9960,pressure:valve1:vessel,0.9609609609609606,33463.653338260825
9961,pressure:valve1:vessel,0.9619619619619613,33461.0343345454
9962,pressure:valve1:vessel,0.9629629629629637,33458.41561897685
9963,pressure:valve1:vessel,0.9639639639639644,33455.7971914345
9964,pressure:valve1:vessel,0.9649649649649648,33453.17905179894
9965,pressure:valve1:vessel,0.9659659659659656,33450.561199951975
9966,pressure:valve1:vessel,0.9669669669669663,33447.9436357766
9967,pressure:valve1:vessel,0.9679679679679687,33445.32635915702
9968,pressure:valve1:vessel,0.9689689689689693,33442.70936997861
9969,pressure:valve1:vessel,0.9699699699699701,33440.09266812791
9970,pressure:valve1:vessel,0.9709709709709705,33437.47625349258
9971,pressure:valve1:vessel,0.9719719719719712,33434.86012596144
9972,pressure:valve1:vessel,0.9729729729729738,33432.244285424385
9973,pressure:valve1:vessel,0.9739739739739744,33429.62873177244
9974,pressure:valve1:vessel,0.9749749749749749,33427.0134648977
9975,pressure:valve1:vessel,0.9759759759759756,33424.39848469331
9976,pressure:valve1:vessel,0.9769769769769763,33421.78379105349
9977,pressure:valve1:vessel,0.9779779779779789,33419.16938387349
9978,pressure:valve1:vessel,0.9789789789789792,33416.55526304957
9979,pressure:valve1:vessel,0.9799799799799802,33413.94142847903
9980,pressure:valve1:vessel,0.9809809809809806,33411.32788006015
9981,pressure:valve1:vessel,0.9819819819819813,33408.714617692174
9982,pressure:valve1:vessel,0.9829829829829837,33406.101641275345
9983,pressure:valve1:vessel,0.9839839839839845,33403.48895071084
9984,pressure:valve1:vessel,0.984984984984985,33400.87654590079
9985,pressure:valve1:vessel,0.9859859859859856,33398.26442674826
9986,pressure:valve1:vessel,0.9869869869869863,33395.65259315722
9987,pressure:valve1:vessel,0.9879879879879888,33393.04104503254
9988,pressure:valve1:vessel,0.9889889889889892,33390.42978228001
9989,pressure:valve1:vessel,0.9899899899899901,33387.818804806266
9990,pressure:valve1:vessel,0.9909909909909907,33385.208112518834
9991,pressure:valve1:vessel,0.9919919919919914,33382.597705326094
9992,pressure:valve1:vessel,0.9929929929929936,33379.98758313726
9993,pressure:valve1:vessel,0.9939939939939944,33377.37774586239
9994,pressure:valve1:vessel,0.994994994994995,33374.768193412354
9995,pressure:valve1:vessel,0.9959959959959956,33372.158925698845
9996,pressure:valve1:vessel,0.9969969969969963,33369.549942634345
9997,pressure:valve1:vessel,0.9979979979979989,33366.941244132126
9998,pressure:valve1:vessel,0.9989989989989992,33364.33283010624
9999,pressure:valve1:vessel,1.0,33361.72470047151
10000,pressure_c:OUTLET,0.0,31100.978764160485
10001,pressure_c:OUTLET,0.0010010010010006454,31098.62111383833
10002,pressure_c:OUTLET,0.0020020020020012907,31096.263674383634
10003,pressure_c:OUTLET,0.0030030030030037125,31093.906446357876
10004,pressure_c:OUTLET,0.004004004004004358,31091.54943031449
10005,pressure_c:OUTLET,0.005005005005005003,31089.19262679896
10006,pressure_c:OUTLET,0.006006006006005649,31086.83603634891
10007,pressure_c:OUTLET,0.007007007007006294,31084.47965949424
10008,pressure_c:OUTLET,0.008008008008008716,31082.123496757224
10009,pressure_c:OUTLET,0.00900900900900936,31079.767548652613
10010,pressure_c:OUTLET,0.010010010010010006,31077.411815687738
10011,pressure_c:OUTLET,0.011011011011010652,31075.056298362597
10012,pressure_c:OUTLET,0.012012012012011295,31072.700997169988
10013,pressure_c:OUTLET,0.01301301301301372,31070.34591259558
10014,pressure_c:OUTLET,0.014014014014014364,31067.991045118026
10015,pressure_c:OUTLET,0.01501501501501501,31065.636395209032
10016,pressure_c:OUTLET,0.016016016016015655,31063.281963333506
10017,pressure_c:OUTLET,0.0170170170170163,31060.92774994959
10018,pressure_c:OUTLET,0.01801801801801872,31058.5737555088
10019,pressure_c:OUTLET,0.019019019019019368,31056.219980456088
10020,pressure_c:OUTLET,0.020020020020020013,31053.86642522994
10021,pressure_c:OUTLET,0.021021021021020655,31051.513090262473
10022,pressure_c:OUTLET,0.022022022022021304,31049.159975979503
10023,pressure_c:OUTLET,0.023023023023023725,31046.807082800664
10024,pressure_c:OUTLET,0.02402402402402437,31044.454411139457
10025,pressure_c:OUTLET,0.025025025025025016,31042.10196140335
10026,pressure_c:OUTLET,0.026026026026025665,31039.74973399388
10027,pressure_c:OUTLET,0.027027027027026307,31037.39772930668
10028,pressure_c:OUTLET,0.02802802802802873,31035.045947731614
10029,pressure_c:OUTLET,0.029029029029029377,31032.694389652857
10030,pressure_c:OUTLET,0.03003003003003002,31030.343055448902
10031,pressure_c:OUTLET,0.031031031031030665,31027.991945492744
10032,pressure_c:OUTLET,0.03203203203203131,31025.641060151855
10033,pressure_c:OUTLET,0.03303303303303373,31023.29039978833
10034,pressure_c:OUTLET,0.03403403403403438,31020.939964758923
10035,pressure_c:OUTLET,0.03503503503503502,31018.589755415145
10036,pressure_c:OUTLET,0.03603603603603566,31016.2397721033
10037,pressure_c:OUTLET,0.03703703703703631,31013.89001516461
10038,pressure_c:OUTLET,0.038038038038038735,31011.540484935224
10039,pressure_c:OUTLET,0.039039039039039374,31009.19118174634
10040,pressure_c:OUTLET,0.040040040040040026,31006.84210592424
10041,pressure_c:OUTLET,0.04104104104104067,31004.493257790367
10042,pressure_c:OUTLET,0.04204204204204132,31002.144637661397
10043,pressure_c:OUTLET,0.04304304304304374,30999.796245849295
10044,pressure_c:OUTLET,0.044044044044044384,30997.448082661387
10045,pressure_c:OUTLET,0.04504504504504503,30995.10014840042
10046,pressure_c:OUTLET,0.046046046046045674,30992.75244336462
10047,pressure_c:OUTLET,0.04704704704704632,30990.40496784777
10048,pressure_c:OUTLET,0.04804804804804874,30988.057722139252
10049,pressure_c:OUTLET,0.04904904904904939,30985.71070652411
10050,pressure_c:OUTLET,0.05005005005005003,30983.36392128314
10051,pressure_c:OUTLET,0.05105105105105068,30981.01736669289
10052,pressure_c:OUTLET,0.05205205205205132,30978.671043025766
10053,pressure_c:OUTLET,0.053053053053053745,30976.324950550086
10054,pressure_c:OUTLET,0.05405405405405439,30973.979089530105
10055,pressure_c:OUTLET,0.05505505505505503,30971.633460226098
10056,pressure_c:OUTLET,0.05605605605605568,30969.288062894408
10057,pressure_c:OUTLET,0.057057057057056326,30966.942897787492
10058,pressure_c:OUTLET,0.058058058058058755,30964.59796515399
10059,pressure_c:OUTLET,0.05905905905905939,30962.25326523876
10060,pressure_c:OUTLET,0.06006006006006004,30959.90879828294
10061,pressure_c:OUTLET,0.06106106106106069,30957.564564523997
10062,pressure_c:OUTLET,0.06206206206206133,30955.220564195777
10063,pressure_c:OUTLET,0.06306306306306375,30952.876797528555
10064,pressure_c:OUTLET,0.0640640640640644,30950.533264749083
10065,pressure_c:OUTLET,0.06506506506506504,30948.18996608064
10066,pressure_c:OUTLET,0.06606606606606569,30945.84690174307
10067,pressure_c:OUTLET,0.06706706706706633,30943.50407195285
10068,pressure_c:OUTLET,0.06806806806806875,30941.16147692312
10069,pressure_c:OUTLET,0.0690690690690694,30938.819116863728
10070,pressure_c:OUTLET,0.07007007007007005,30936.47699198128
10071,pressure_c:OUTLET,0.07107107107107069,30934.135102479195
10072,pressure_c:OUTLET,0.07207207207207132,30931.793448557717
10073,pressure_c:OUTLET,0.07307307307307376,30929.452030414
10074,pressure_c:OUTLET,0.0740740740740744,30927.110848242115
10075,pressure_c:OUTLET,0.07507507507507503,30924.76990223311
10076,pressure_c:OUTLET,0.0760760760760757,30922.429192575062
10077,pressure_c:OUTLET,0.07707707707707634,30920.088719453088
10078,pressure_c:OUTLET,0.07807807807807877,30917.7484830494
10079,pressure_c:OUTLET,0.0790790790790794,30915.408483543353
10080,pressure_c:OUTLET,0.08008008008008005,30913.06872111148
10081,pressure_c:OUTLET,0.08108108108108071,30910.72919592753
10082,pressure_c:OUTLET,0.08208208208208134,30908.389908162495
10083,pressure_c:OUTLET,0.08308308308308376,30906.05085798466
10084,pressure_c:OUTLET,0.08408408408408441,30903.71204555964
10085,pressure_c:OUTLET,0.08508508508508505,30901.373471050418
10086,pressure_c:OUTLET,0.0860860860860857,30899.035134617367
10087,pressure_c:OUTLET,0.08708708708708635,30896.6970364183
10088,pressure_c:OUTLET,0.08808808808808877,30894.359176608505
10089,pressure_c:OUTLET,0.08908908908908941,30892.021555340772
10090,pressure_c:OUTLET,0.09009009009009004,30889.684172765432
10091,pressure_c:OUTLET,0.0910910910910907,30887.347029030385
10092,pressure_c:OUTLET,0.09209209209209135,30885.010124281143
10093,pressure_c:OUTLET,0.09309309309309376,30882.673458660855
10094,pressure_c:OUTLET,0.0940940940940944,30880.33703231035
10095,pressure_c:OUTLET,0.09509509509509506,30878.000845368148
10096,pressure_c:OUTLET,0.0960960960960957,30875.664897970502
10097,pressure_c:OUTLET,0.09709709709709637,30873.329190251457
10098,pressure_c:OUTLET,0.09809809809809877,30870.993722342824
10099,pressure_c:OUTLET,0.0990990990990994,30868.65849437426
10100,pressure_c:OUTLET,0.10010010010010006,30866.323506473273
10101,pressure_c:OUTLET,0.10110110110110072,30863.98875877355
10102,pressure_c:OUTLET,0.10210210210210136,30861.654251457425
10103,pressure_c:OUTLET,0.10310310310310378,30859.319984841768
10104,pressure_c:OUTLET,0.10410410410410442,30856.985959483056
10105,pressure_c:OUTLET,0.10510510510510508,30854.652176278087
10106,pressure_c:OUTLET,0.10610610610610571,30852.31863655445
10107,pressure_c:OUTLET,0.10710710710710636,30849.985342151584
10108,pressure_c:OUTLET,0.10810810810810878,30847.652295493383
10109,pressure_c:OUTLET,0.10910910910910944,30845.319499652865
10110,pressure_c:OUTLET,0.11011011011011008,30842.986958409707
10111,pressure_c:OUTLET,0.11111111111111072,30840.65467630119
10112,pressure_c:OUTLET,0.11211211211211136,30838.322658667064
10113,pressure_c:OUTLET,0.11311311311311378,30835.99091168888
10114,pressure_c:OUTLET,0.11411411411411444,30833.659442424225
10115,pressure_c:OUTLET,0.11511511511511507,30831.32825883632
10116,pressure_c:OUTLET,0.11611611611611572,30828.997369819263
10117,pressure_c:OUTLET,0.11711711711711636,30826.66678521941
10118,pressure_c:OUTLET,0.1181181181181188,30824.33651585311
10119,pressure_c:OUTLET,0.11911911911911945,30822.006573521114
10120,pressure_c:OUTLET,0.12012012012012008,30819.67697101998
10121,pressure_c:OUTLET,0.12112112112112072,30817.34772215068
10122,pressure_c:OUTLET,0.12212212212212135,30815.018841724606
10123,pressure_c:OUTLET,0.1231231231231238,30812.690345567276
10124,pressure_c:OUTLET,0.12412412412412444,30810.362250519825
10125,pressure_c:OUTLET,0.12512512512512508,30808.03457443856
10126,pressure_c:OUTLET,0.12612612612612573,30805.70733619268
10127,pressure_c:OUTLET,0.12712712712712637,30803.38055566029
10128,pressure_c:OUTLET,0.1281281281281288,30801.054253722912
10129,pressure_c:OUTLET,0.12912912912912944,30798.72845225859
10130,pressure_c:OUTLET,0.13013013013013008,30796.40317413367
10131,pressure_c:OUTLET,0.13113113113113073,30794.078443193364
10132,pressure_c:OUTLET,0.13213213213213135,30791.75428425131
10133,pressure_c:OUTLET,0.1331331331331338,30789.430723078043
10134,pressure_c:OUTLET,0.13413413413413444,30787.10778638855
10135,pressure_c:OUTLET,0.1351351351351351,30784.785501829025
10136,pressure_c:OUTLET,0.13613613613613573,30782.463897962785
10137,pressure_c:OUTLET,0.13713713713713638,30780.143004255515
10138,pressure_c:OUTLET,0.1381381381381388,30777.82285105982
10139,pressure_c:OUTLET,0.13913913913913944,30775.5034695992
10140,pressure_c:OUTLET,0.1401401401401401,30773.184891951456
10141,pressure_c:OUTLET,0.14114114114114074,30770.867151031583
10142,pressure_c:OUTLET,0.14214214214214138,30768.550280574214
10143,pressure_c:OUTLET,0.1431431431431438,30766.234315115624
10144,pressure_c:OUTLET,0.14414414414414445,30763.919289975336
10145,pressure_c:OUTLET,0.1451451451451451,30761.605241237394
10146,pressure_c:OUTLET,0.14614614614614574,30759.29220573126
10147,pressure_c:OUTLET,0.14714714714714638,30756.98022101249
10148,pressure_c:OUTLET,0.1481481481481488,30754.669325343053
10149,pressure_c:OUTLET,0.14914914914914945,30752.359557671454
10150,pressure_c:OUTLET,0.1501501501501501,30750.050957612613
10151,pressure_c:OUTLET,0.15115115115115074,30747.74356542755
10152,pressure_c:OUTLET,0.1521521521521514,30745.43742200288
10153,pressure_c:OUTLET,0.1531531531531538,30743.13256883013
10154,pressure_c:OUTLET,0.15415415415415443,30740.829047984927
10155,pressure_c:OUTLET,0.1551551551551551,30738.52690210605
10156,pressure_c:OUTLET,0.15615615615615577,30736.22617437434
10157,pressure_c:OUTLET,0.1571571571571564,30733.926908491543
10158,pressure_c:OUTLET,0.1581581581581588,30731.62914865903
10159,pressure_c:OUTLET,0.15915915915915946,30729.33293955646
10160,pressure_c:OUTLET,0.1601601601601601,30727.03832632036
10161,pressure_c:OUTLET,0.16116116116116075,30724.74535452267
10162,pressure_c:OUTLET,0.1621621621621614,30722.45407014921
10163,pressure_c:OUTLET,0.16316316316316382,30720.16451957816
10164,pressure_c:OUTLET,0.16416416416416446,30717.876749558454
10165,pressure_c:OUTLET,0.1651651651651651,30715.590807188233
10166,pressure_c:OUTLET,0.16616616616616575,30713.306739893193
10167,pressure_c:OUTLET,0.1671671671671664,30711.024595405037
10168,pressure_c:OUTLET,0.16816816816816882,30708.74442173985
10169,pressure_c:OUTLET,0.16916916916916946,30706.46626717655
10170,pressure_c:OUTLET,0.1701701701701701,30704.190180235313
10171,pressure_c:OUTLET,0.17117117117117076,30701.91620965606
10172,pressure_c:OUTLET,0.1721721721721714,30699.644404376984
10173,pressure_c:OUTLET,0.17317317317317382,30697.374813513085
10174,pressure_c:OUTLET,0.17417417417417447,30695.10748633479
10175,pressure_c:OUTLET,0.1751751751751751,30692.842472246608
10176,pressure_c:OUTLET,0.17617617617617576,30690.57982076586
10177,pressure_c:OUTLET,0.1771771771771764,30688.31958150146
10178,pressure_c:OUTLET,0.17817817817817885,30686.061804132787
10179,pressure_c:OUTLET,0.17917917917917947,30683.80653838862
10180,pressure_c:OUTLET,0.18018018018018012,30681.553834026166
10181,pressure_c:OUTLET,0.18118118118118076,30679.303740810166
10182,pressure_c:OUTLET,0.1821821821821814,30677.056308492127
10183,pressure_c:OUTLET,0.18318318318318383,30674.81158678959
10184,pressure_c:OUTLET,0.18418418418418447,30672.569625365584
10185,pressure_c:OUTLET,0.18518518518518512,30670.330473808102
10186,pressure_c:OUTLET,0.18618618618618576,30668.094276168795
10187,pressure_c:OUTLET,0.1871871871871864,30665.86146165968
10188,pressure_c:OUTLET,0.18818818818818883,30663.6328722807
10189,pressure_c:OUTLET,0.18918918918918948,30661.409772125597
10190,pressure_c:OUTLET,0.19019019019019012,30659.193808420052
10191,pressure_c:OUTLET,0.19119119119119077,30656.98697085118
10192,pressure_c:OUTLET,0.1921921921921914,30654.79155481487
10193,pressure_c:OUTLET,0.19319319319319384,30652.61012757594
10194,pressure_c:OUTLET,0.19419419419419448,30650.4454971579
10195,pressure_c:OUTLET,0.19519519519519513,30648.30068373935
10196,pressure_c:OUTLET,0.19619619619619577,30646.17889334664
10197,pressure_c:OUTLET,0.1971971971971964,30644.083493654627
10198,pressure_c:OUTLET,0.19819819819819884,30642.017991721812
10199,pressure_c:OUTLET,0.19919919919919948,30639.986013501064
10200,pressure_c:OUTLET,0.20020020020020013,30637.99128498061
10201,pressure_c:OUTLET,0.20120120120120075,30636.03761482217
10202,pressure_c:OUTLET,0.20220220220220145,30634.128878374384
10203,pressure_c:OUTLET,0.20320320320320384,30632.269002950063
10204,pressure_c:OUTLET,0.2042042042042045,30630.46195426505
10205,pressure_c:OUTLET,0.20520520520520513,30628.71172394537
10206,pressure_c:OUTLET,0.20620620620620575,30627.022318017
10207,pressure_c:OUTLET,0.2072072072072064,30625.397746300157
10208,pressure_c:OUTLET,0.20820820820820884,30623.842012636207
10209,pressure_c:OUTLET,0.2092092092092095,30622.359105881857
10210,pressure_c:OUTLET,0.21021021021021016,30620.952991610473
10211,pressure_c:OUTLET,0.2112112112112108,30619.62760446566
10212,pressure_c:OUTLET,0.21221221221221143,30618.386841116822
10213,pressure_c:OUTLET,0.21321321321321385,30617.234553770773
10214,pressure_c:OUTLET,0.2142142142142145,30616.17454419715
10215,pressure_c:OUTLET,0.2152152152152151,30615.210558229344
10216,pressure_c:OUTLET,0.21621621621621576,30614.346280705427
10217,pressure_c:OUTLET,0.21721721721721643,30613.58533081704
10218,pressure_c:OUTLET,0.21821821821821885,30612.93125783654
10219,pressure_c:OUTLET,0.21921921921921952,30612.38753719543
10220,pressure_c:OUTLET,0.22022022022022017,30611.957566889327
10221,pressure_c:OUTLET,0.2212212212212208,30611.64466418672
10222,pressure_c:OUTLET,0.22222222222222143,30611.452062620858
10223,pressure_c:OUTLET,0.22322322322322383,30611.382909245574
10224,pressure_c:OUTLET,0.22422422422422447,30611.440262137858
10225,pressure_c:OUTLET,0.22522522522522517,30611.6270881308
10226,pressure_c:OUTLET,0.2262262262262258,30611.946260762707
10227,pressure_c:OUTLET,0.22722722722722644,30612.40055842848
10228,pressure_c:OUTLET,0.22822822822822889,30612.99266272121
10229,pressure_c:OUTLET,0.22922922922922953,30613.72515695247
10230,pressure_c:OUTLET,0.23023023023023015,30614.600524840906
10231,pressure_c:OUTLET,0.2312312312312308,30615.62114935947
10232,pressure_c:OUTLET,0.23223223223223144,30616.789311732555
10233,pressure_c:OUTLET,0.23323323323323383,30618.10719057468
10234,pressure_c:OUTLET,0.2342342342342345,30619.57686116335
10235,pressure_c:OUTLET,0.23523523523523515,30621.200294839036
10236,pressure_c:OUTLET,0.2362362362362358,30622.97935852579
10237,pressure_c:OUTLET,0.23723723723723644,30624.915814366635
10238,pressure_c:OUTLET,0.2382382382382389,30627.01131946798
10239,pressure_c:OUTLET,0.2392392392392395,30629.26742574808
10240,pressure_c:OUTLET,0.24024024024024015,30631.685579884575
10241,pressure_c:OUTLET,0.2412412412412408,30634.267123356665
10242,pressure_c:OUTLET,0.24224224224224145,30637.013292577652
10243,pressure_c:OUTLET,0.24324324324324387,30639.925219113993
10244,pressure_c:OUTLET,0.2442442442442445,30643.003929986953
10245,pressure_c:OUTLET,0.24524524524524516,30646.250348053505
10246,pressure_c:OUTLET,0.2462462462462458,30649.665292463116
10247,pressure_c:OUTLET,0.24724724724724645,30653.24947918714
10248,pressure_c:OUTLET,0.24824824824824887,30657.003521617997
10249,pressure_c:OUTLET,0.24924924924924952,30660.927931235154
10250,pressure_c:OUTLET,0.25025025025025016,30665.023118335208
10251,pressure_c:OUTLET,0.2512512512512508,30669.289392823463
10252,pressure_c:OUTLET,0.25225225225225145,30673.726965064445
10253,pressure_c:OUTLET,0.2532532532532539,30678.33594678896
10254,pressure_c:OUTLET,0.2542542542542545,30683.116352055335
10255,pressure_c:OUTLET,0.25525525525525516,30688.068098262553
10256,pressure_c:OUTLET,0.2562562562562558,30693.1910072131
10257,pressure_c:OUTLET,0.25725725725725646,30698.484806223372
10258,pressure_c:OUTLET,0.2582582582582589,30703.949129279536
10259,pressure_c:OUTLET,0.2592592592592595,30709.58351823682
10260,pressure_c:OUTLET,0.26026026026026017,30715.387424060245
10261,pressure_c:OUTLET,0.2612612612612608,30721.36020810481
10262,pressure_c:OUTLET,0.26226226226226146,30727.501143433234
10263,pressure_c:OUTLET,0.2632632632632639,30733.809416169395
10264,pressure_c:OUTLET,0.2642642642642645,30740.28412688556
10265,pressure_c:OUTLET,0.26526526526526517,30746.924292021635
10266,pressure_c:OUTLET,0.2662662662662658,30753.728845334623
10267,pressure_c:OUTLET,0.26726726726726646,30760.69663937652
10268,pressure_c:OUTLET,0.2682682682682689,30767.826446998926
10269,pressure_c:OUTLET,0.26926926926926953,30775.116962882617
10270,pressure_c:OUTLET,0.2702702702702702,30782.56680509044
10271,pressure_c:OUTLET,0.2712712712712708,30790.174516641833
10272,pressure_c:OUTLET,0.27227227227227146,30797.93856710728
10273,pressure_c:OUTLET,0.2732732732732739,30805.857354221185
10274,pressure_c:OUTLET,0.27427427427427453,30813.929205511424
10275,pressure_c:OUTLET,0.2752752752752752,30822.15237994416
10276,pressure_c:OUTLET,0.2762762762762758,30830.525069582174
10277,pressure_c:OUTLET,0.27727727727727647,30839.045401255345
10278,pressure_c:OUTLET,0.2782782782782789,30847.711438241666
10279,pressure_c:OUTLET,0.27927927927927954,30856.521181957374
10280,pressure_c:OUTLET,0.2802802802802802,30865.47257365465
10281,pressure_c:OUTLET,0.2812812812812808,30874.563496125524
10282,pressure_c:OUTLET,0.28228228228228147,30883.791775410573
10283,pressure_c:OUTLET,0.2832832832832839,30893.155182510927
10284,pressure_c:OUTLET,0.28428428428428454,30902.651435102347
10285,pressure_c:OUTLET,0.2852852852852852,30912.27819924995
10286,pressure_c:OUTLET,0.28628628628628583,30922.033091122317
10287,pressure_c:OUTLET,0.2872872872872865,30931.913678703662
10288,pressure_c:OUTLET,0.2882882882882889,30941.917483502893
10289,pressure_c:OUTLET,0.28928928928928954,30952.0419822582
10290,pressure_c:OUTLET,0.2902902902902902,30962.284608636153
10291,pressure_c:OUTLET,0.29129129129129083,30972.642754923985
10292,pressure_c:OUTLET,0.2922922922922915,30983.11377371406
10293,pressure_c:OUTLET,0.2932932932932939,30993.694979579297
10294,pressure_c:OUTLET,0.29429429429429455,31004.383650738597
10295,pressure_c:OUTLET,0.2952952952952952,31015.177030711176
10296,pressure_c:OUTLET,0.29629629629629584,31026.07232995879
10297,pressure_c:OUTLET,0.2972972972972965,31037.066727514924
10298,pressure_c:OUTLET,0.2982982982982989,31048.157372599955
10299,pressure_c:OUTLET,0.29929929929929955,31059.341386221433
10300,pressure_c:OUTLET,0.3003003003003002,31070.615862758576
10301,pressure_c:OUTLET,0.30130130130130084,31081.97787188996
10302,pressure_c:OUTLET,0.3023023023023015,31093.42446155529
10303,pressure_c:OUTLET,0.3033033033033039,31104.952661959087
10304,pressure_c:OUTLET,0.30430430430430455,31116.5594898679
10305,pressure_c:OUTLET,0.3053053053053052,31128.241952653523
10306,pressure_c:OUTLET,0.30630630630630584,31139.997051985232
10307,pressure_c:OUTLET,0.3073073073073065,31151.821787205612
10308,pressure_c:OUTLET,0.3083083083083089,31163.71315841721
10309,pressure_c:OUTLET,0.30930930930930955,31175.668169303233
10310,pressure_c:OUTLET,0.3103103103103102,31187.68382970416
10311,pressure_c:OUTLET,0.31131131131131085,31199.75715797018
10312,pressure_c:OUTLET,0.3123123123123115,31211.885183107817
10313,pressure_c:OUTLET,0.3133133133133139,31224.06494673739
10314,pressure_c:OUTLET,0.31431431431431456,31236.2935048768
10315,pressure_c:OUTLET,0.3153153153153152,31248.567929565612
10316,pressure_c:OUTLET,0.31631631631631585,31260.885310342474
10317,pressure_c:OUTLET,0.3173173173173165,31273.24275558757
10318,pressure_c:OUTLET,0.3183183183183189,31285.637393741137
10319,pressure_c:OUTLET,0.31931931931931956,31298.066374407805
10320,pressure_c:OUTLET,0.3203203203203202,31310.52686935611
10321,pressure_c:OUTLET,0.32132132132132085,31323.016073421342
10322,pressure_c:OUTLET,0.3223223223223215,31335.531205319618
10323,pressure_c:OUTLET,0.3233233233233239,31348.06950838001
10324,pressure_c:OUTLET,0.32432432432432456,31360.628251201433
10325,pressure_c:OUTLET,0.3253253253253252,31373.204728240005
10326,pressure_c:OUTLET,0.32632632632632586,31385.7962603325
10327,pressure_c:OUTLET,0.3273273273273265,31398.400195160753
10328,pressure_c:OUTLET,0.3283283283283289,31411.013907661745
10329,pressure_c:OUTLET,0.32932932932932957,31423.63480038744
10330,pressure_c:OUTLET,0.3303303303303302,31436.26030381838
10331,pressure_c:OUTLET,0.33133133133133086,31448.88787663448
10332,pressure_c:OUTLET,0.3323323323323315,31461.515005946363
10333,pressure_c:OUTLET,0.3333333333333339,31474.139207490225
10334,pressure_c:OUTLET,0.33433433433433457,31486.758025788946
10335,pressure_c:OUTLET,0.3353353353353352,31499.369034282052
10336,pressure_c:OUTLET,0.33633633633633586,31511.969835426826
10337,pressure_c:OUTLET,0.3373373373373365,31524.558060772695
10338,pressure_c:OUTLET,0.33833833833833893,31537.13137101096
10339,pressure_c:OUTLET,0.3393393393393396,31549.687456001553
10340,pressure_c:OUTLET,0.3403403403403402,31562.224034778632
10341,pressure_c:OUTLET,0.34134134134134086,31574.73885553649
10342,pressure_c:OUTLET,0.3423423423423415,31587.229695597223
10343,pressure_c:OUTLET,0.34334334334334393,31599.69436136147
10344,pressure_c:OUTLET,0.3443443443443446,31612.130688243444
10345,pressure_c:OUTLET,0.3453453453453452,31624.536540591373
10346,pressure_c:OUTLET,0.34634634634634587,31636.9098115944
10347,pressure_c:OUTLET,0.3473473473473465,31649.248423176887
10348,pressure_c:OUTLET,0.34834834834834894,31661.55032588103
10349,pressure_c:OUTLET,0.3493493493493496,31673.813498738575
10350,pressure_c:OUTLET,0.3503503503503502,31686.03594913244
10351,pressure_c:OUTLET,0.35135135135135087,31698.21571264893
10352,pressure_c:OUTLET,0.3523523523523515,31710.35085292119
10353,pressure_c:OUTLET,0.35335335335335394,31722.439461464557
10354,pressure_c:OUTLET,0.3543543543543546,31734.479657504293
10355,pressure_c:OUTLET,0.35535535535535523,31746.469587796302
10356,pressure_c:OUTLET,0.3563563563563559,31758.407426441343
10357,pressure_c:OUTLET,0.3573573573573565,31770.291374693068
10358,pressure_c:OUTLET,0.35835835835835894,31782.119660760505
10359,pressure_c:OUTLET,0.3593593593593596,31793.89053960521
10360,pressure_c:OUTLET,0.36036036036036023,31805.602292733613
10361,pressure_c:OUTLET,0.3613613613613609,31817.253227984773
10362,pressure_c:OUTLET,0.3623623623623615,31828.84167931401
10363,pressure_c:OUTLET,0.36336336336336394,31840.3660065726
10364,pressure_c:OUTLET,0.36436436436436453,31851.824595283953
10365,pressure_c:OUTLET,0.3653653653653653,31863.2158564164
10366,pressure_c:OUTLET,0.36636636636636594,31874.53822615303
10367,pressure_c:OUTLET,0.3673673673673666,31885.790165658615
10368,pressure_c:OUTLET,0.36836836836836895,31896.970160844085
10369,pressure_c:OUTLET,0.3693693693693696,31908.076722128564
10370,pressure_c:OUTLET,0.37037037037037024,31919.10838419932
10371,pressure_c:OUTLET,0.3713713713713709,31930.063705769753
10372,pressure_c:OUTLET,0.37237237237237153,31940.941269335643
10373,pressure_c:OUTLET,0.3733733733733739,31951.739680929833
10374,pressure_c:OUTLET,0.37437437437437454,31962.457569875496
10375,pressure_c:OUTLET,0.3753753753753752,31973.09358853821
10376,pressure_c:OUTLET,0.37637637637637594,31983.646412076883
10377,pressure_c:OUTLET,0.37737737737737653,31994.114738193846
10378,pressure_c:OUTLET,0.37837837837837895,32004.497286884067
10379,pressure_c:OUTLET,0.3793793793793796,32014.792800183783
10380,pressure_c:OUTLET,0.38038038038038025,32025.00004191861
10381,pressure_c:OUTLET,0.3813813813813809,32035.11779745122
10382,pressure_c:OUTLET,0.38238238238238154,32045.144873428813
10383,pressure_c:OUTLET,0.383383383383384,32055.080097530405
10384,pressure_c:OUTLET,0.38438438438438466,32064.922318214085
10385,pressure_c:OUTLET,0.3853853853853853,32074.670404464363
10386,pressure_c:OUTLET,0.3863863863863859,32084.32324553968
10387,pressure_c:OUTLET,0.38738738738738654,32093.8797507202
10388,pressure_c:OUTLET,0.38838838838838896,32103.338849056003
10389,pressure_c:OUTLET,0.3893893893893896,32112.699489115723
10390,pressure_c:OUTLET,0.39039039039039025,32121.960638735785
10391,pressure_c:OUTLET,0.3913913913913909,32131.121284770255
10392,pressure_c:OUTLET,0.39239239239239154,32140.180432841506
10393,pressure_c:OUTLET,0.3933933933933939,32149.137107091607
10394,pressure_c:OUTLET,0.39439439439439467,32157.99034993473
10395,pressure_c:OUTLET,0.39539539539539525,32166.73922181046
10396,pressure_c:OUTLET,0.3963963963963959,32175.38280093821
10397,pressure_c:OUTLET,0.39739739739739655,32183.92018307275
10398,pressure_c:OUTLET,0.39839839839839897,32192.350481260983
10399,pressure_c:OUTLET,0.3993993993993996,32200.672825599955
10400,pressure_c:OUTLET,0.40040040040040026,32208.886362996243
10401,pressure_c:OUTLET,0.4014014014014009,32216.990256926743
10402,pressure_c:OUTLET,0.4024024024024015,32224.983687200947
10403,pressure_c:OUTLET,0.403403403403404,32232.865851059873
10404,pressure_c:OUTLET,0.4044044044044046,32240.636006193075
10405,pressure_c:OUTLET,0.40540540540540526,32248.293545500113
10406,pressure_c:OUTLET,0.4064064064064059,32255.83803619214
10407,pressure_c:OUTLET,0.40740740740740655,32263.269214683736
10408,pressure_c:OUTLET,0.408408408408409,32270.586970055203
10409,pressure_c:OUTLET,0.4094094094094096,32277.79132934793
10410,pressure_c:OUTLET,0.41041041041041026,32284.882444293307
10411,pressure_c:OUTLET,0.41141141141141085,32291.860579113993
10412,pressure_c:OUTLET,0.4124124124124115,32298.72609938362
10413,pressure_c:OUTLET,0.413413413413414,32305.479461841085
10414,pressure_c:OUTLET,0.4144144144144146,32312.121205080963
10415,pressure_c:OUTLET,0.41541541541541527,32318.65194104652
10416,pressure_c:OUTLET,0.4164164164164159,32325.072347257672
10417,pressure_c:OUTLET,0.41741741741741656,32331.383159712143
10418,pressure_c:OUTLET,0.418418418418419,32337.585166403103
10419,pressure_c:OUTLET,0.4194194194194196,32343.67920140146
10420,pressure_c:OUTLET,0.4204204204204202,32349.666139455185
10421,pressure_c:OUTLET,0.42142142142142097,32355.546891062124
10422,pressure_c:OUTLET,0.4224224224224216,32361.322397976393
10423,pressure_c:OUTLET,0.423423423423424,32366.99362911172
10424,pressure_c:OUTLET,0.42442442442442463,32372.561576808323
10425,pressure_c:OUTLET,0.4254254254254253,32378.027253432498
10426,pressure_c:OUTLET,0.4264264264264259,32383.391688280895
10427,pressure_c:OUTLET,0.42742742742742657,32388.655924763654
10428,pressure_c:OUTLET,0.428428428428429,32393.821017842805
10429,pressure_c:OUTLET,0.4294294294294296,32398.888031704297
10430,pressure_c:OUTLET,0.4304304304304302,32403.85803764385
10431,pressure_c:OUTLET,0.43143143143143087,32408.732112148464
10432,pressure_c:OUTLET,0.4324324324324316,32413.51133515696
10433,pressure_c:OUTLET,0.433433433433434,32418.19678848431
10434,pressure_c:OUTLET,0.43443443443443464,32422.789554395815
10435,pressure_c:OUTLET,0.4354354354354353,32427.29071431831
10436,pressure_c:OUTLET,0.4364364364364359,32431.701347676742
10437,pressure_c:OUTLET,0.43743743743743657,32436.022530845326
10438,pressure_c:OUTLET,0.43843843843843894,32440.255336203492
10439,pressure_c:OUTLET,0.4394394394394397,32444.400831287596
10440,pressure_c:OUTLET,0.44044044044044034,32448.460078030206
10441,pressure_c:OUTLET,0.441441441441441,32452.43413207934
10442,pressure_c:OUTLET,0.4424424424424416,32456.324042190736
10443,pressure_c:OUTLET,0.443443443443444,32460.13084968693
10444,pressure_c:OUTLET,0.44444444444444464,32463.855587977185
10445,pressure_c:OUTLET,0.4454454454454453,32467.499282133067
10446,pressure_c:OUTLET,0.44644644644644593,32471.062948514784
10447,pressure_c:OUTLET,0.4474474474474466,32474.54759444377
10448,pressure_c:OUTLET,0.44844844844844894,32477.954217917533
10449,pressure_c:OUTLET,0.4494494494494497,32481.28380736294
10450,pressure_c:OUTLET,0.45045045045045035,32484.537341424577
10451,pressure_c:OUTLET,0.45145145145145094,32487.715788785023
10452,pressure_c:OUTLET,0.4524524524524516,32490.820108014206
10453,pressure_c:OUTLET,0.453453453453454,32493.851247445135
10454,pressure_c:OUTLET,0.45445445445445465,32496.810145073756
10455,pressure_c:OUTLET,0.4554554554554553,32499.697728480533
10456,pressure_c:OUTLET,0.45645645645645594,32502.51491477195
10457,pressure_c:OUTLET,0.4574574574574566,32505.262610539925
10458,pressure_c:OUTLET,0.45845845845845906,32507.941711837553
10459,pressure_c:OUTLET,0.4594594594594597,32510.5531041696
10460,pressure_c:OUTLET,0.4604604604604603,32513.09766249634
10461,pressure_c:OUTLET,0.46146146146146094,32515.576251249444
10462,pressure_c:OUTLET,0.4624624624624616,32517.98972435875
10463,pressure_c:OUTLET,0.463463463463464,32520.338925288852
10464,pressure_c:OUTLET,0.46446446446446465,32522.624687084462
10465,pressure_c:OUTLET,0.4654654654654653,32524.84783242373
10466,pressure_c:OUTLET,0.46646646646646595,32527.009173678613
10467,pressure_c:OUTLET,0.46746746746746654,32529.10951298163
10468,pressure_c:OUTLET,0.468468468468469,32531.14964229822
10469,pressure_c:OUTLET,0.46946946946946966,32533.130343504137
10470,pressure_c:OUTLET,0.4704704704704703,32535.052388467328
10471,pressure_c:OUTLET,0.47147147147147095,32536.916539133686
10472,pressure_c:OUTLET,0.4724724724724716,32538.72354761631
10473,pressure_c:OUTLET,0.473473473473474,32540.474156287717
10474,pressure_c:OUTLET,0.47447447447447466,32542.169097874732
10475,pressure_c:OUTLET,0.4754754754754753,32543.8090955556
10476,pressure_c:OUTLET,0.4764764764764759,32545.39486305904
10477,pressure_c:OUTLET,0.47747747747747665,32546.927104764924
10478,pressure_c:OUTLET,0.478478478478479,32548.40651580629
10479,pressure_c:OUTLET,0.47947947947947966,32549.83378217251
10480,pressure_c:OUTLET,0.4804804804804803,32551.209580813305
10481,pressure_c:OUTLET,0.48148148148148096,32552.5345797434
10482,pressure_c:OUTLET,0.4824824824824816,32553.80943814777
10483,pressure_c:OUTLET,0.483483483483484,32555.034806487103
10484,pressure_c:OUTLET,0.48448448448448467,32556.211326603483
10485,pressure_c:OUTLET,0.48548548548548526,32557.339631826108
10486,pressure_c:OUTLET,0.4864864864864859,32558.420347076877
10487,pressure_c:OUTLET,0.48748748748748655,32559.454088975806
10488,pressure_c:OUTLET,0.488488488488489,32560.44146594612
10489,pressure_c:OUTLET,0.48948948948948967,32561.383078318897
10490,pressure_c:OUTLET,0.4904904904904903,32562.279518437335
10491,pressure_c:OUTLET,0.49149149149149096,32563.131370760344
10492,pressure_c:OUTLET,0.4924924924924916,32563.93921196558
10493,pressure_c:OUTLET,0.493493493493494,32564.703611051777
10494,pressure_c:OUTLET,0.4944944944944946,32565.42512944034
10495,pressure_c:OUTLET,0.4954954954954954,32566.104321076156
10496,pressure_c:OUTLET,0.496496496496496,32566.741732527575
10497,pressure_c:OUTLET,0.49749749749749667,32567.33790308553
10498,pressure_c:OUTLET,0.49849849849849903,32567.893364861768
10499,pressure_c:OUTLET,0.4994994994994997,32568.40864288616
10500,pressure_c:OUTLET,0.5005005005005003,32568.88425520304
10501,pressure_c:OUTLET,0.501501501501501,32569.320712966608
10502,pressure_c:OUTLET,0.5025025025025016,32569.718520535327
10503,pressure_c:OUTLET,0.503503503503504,32570.07817556533
10504,pressure_c:OUTLET,0.5045045045045047,32570.4001691028
10505,pressure_c:OUTLET,0.5055055055055053,32570.68498567535
10506,pressure_c:OUTLET,0.506506506506506,32570.933103382333
10507,pressure_c:OUTLET,0.5075075075075066,32571.14499398416
10508,pressure_c:OUTLET,0.508508508508509,32571.321122990543
10509,pressure_c:OUTLET,0.5095095095095097,32571.46194974772
10510,pressure_c:OUTLET,0.5105105105105103,32571.56792752459
10511,pressure_c:OUTLET,0.511511511511511,32571.63950359786
10512,pressure_c:OUTLET,0.5125125125125116,32571.677119336106
10513,pressure_c:OUTLET,0.513513513513514,32571.681210282793
10514,pressure_c:OUTLET,0.5145145145145147,32571.652206238286
10515,pressure_c:OUTLET,0.5155155155155153,32571.5905313408
10516,pressure_c:OUTLET,0.516516516516516,32571.496604146305
10517,pressure_c:OUTLET,0.5175175175175166,32571.370837707454
10518,pressure_c:OUTLET,0.518518518518519,32571.213639651447
10519,pressure_c:OUTLET,0.5195195195195197,32571.025412256902
10520,pressure_c:OUTLET,0.5205205205205203,32570.80655252973
10521,pressure_c:OUTLET,0.521521521521521,32570.557452277975
10522,pressure_c:OUTLET,0.5225225225225216,32570.27849818571
10523,pressure_c:OUTLET,0.523523523523524,32569.97007188593
10524,pressure_c:OUTLET,0.5245245245245247,32569.632550032467
10525,pressure_c:OUTLET,0.5255255255255253,32569.266304370944
10526,pressure_c:OUTLET,0.526526526526526,32568.871701808792
10527,pressure_c:OUTLET,0.5275275275275266,32568.449104484294
10528,pressure_c:OUTLET,0.528528528528529,32567.998869834715
10529,pressure_c:OUTLET,0.5295295295295297,32567.521350663486
10530,pressure_c:OUTLET,0.5305305305305303,32567.016895206492
10531,pressure_c:OUTLET,0.531531531531531,32566.485847197437
10532,pressure_c:OUTLET,0.5325325325325316,32565.92854593232
10533,pressure_c:OUTLET,0.533533533533534,32565.345326333027
10534,pressure_c:OUTLET,0.5345345345345347,32564.73651901002
10535,pressure_c:OUTLET,0.5355355355355353,32564.102450324204
10536,pressure_c:OUTLET,0.536536536536536,32563.443442447893
10537,pressure_c:OUTLET,0.5375375375375366,32562.759813424957
10538,pressure_c:OUTLET,0.5385385385385391,32562.05187723011
10539,pressure_c:OUTLET,0.5395395395395397,32561.3199438274
10540,pressure_c:OUTLET,0.5405405405405403,32560.56431922785
10541,pressure_c:OUTLET,0.541541541541541,32559.785305546306
10542,pressure_c:OUTLET,0.5425425425425416,32558.983201057486
10543,pressure_c:OUTLET,0.5435435435435441,32558.158300251245
10544,pressure_c:OUTLET,0.5445445445445447,32557.310893887057
10545,pressure_c:OUTLET,0.5455455455455454,32556.44126904771
10546,pressure_c:OUTLET,0.546546546546546,32555.549709192303
10547,pressure_c:OUTLET,0.5475475475475466,32554.636494208404
10548,pressure_c:OUTLET,0.5485485485485491,32553.70190046354
10549,pressure_c:OUTLET,0.5495495495495497,32552.746200855927
10550,pressure_c:OUTLET,0.5505505505505504,32551.76966486447
10551,pressure_c:OUTLET,0.551551551551551,32550.772558598088
10552,pressure_c:OUTLET,0.5525525525525516,32549.75514484427
10553,pressure_c:OUTLET,0.5535535535535541,32548.71768311701
10554,pressure_c:OUTLET,0.5545545545545547,32547.660429704018
10555,pressure_c:OUTLET,0.5555555555555554,32546.583637713236
10556,pressure_c:OUTLET,0.556556556556556,32545.487557118733
10557,pressure_c:OUTLET,0.5575575575575566,32544.372434805908
10558,pressure_c:OUTLET,0.5585585585585591,32543.238514616045
10559,pressure_c:OUTLET,0.5595595595595597,32542.086037394707
10560,pressure_c:OUTLET,0.5605605605605604,32540.915241055056
10561,pressure_c:OUTLET,0.561561561561561,32539.726360660832
10562,pressure_c:OUTLET,0.5625625625625617,32538.519628518377
10563,pressure_c:OUTLET,0.5635635635635641,32537.295274263313
10564,pressure_c:OUTLET,0.5645645645645647,32536.05352493587
10565,pressure_c:OUTLET,0.5655655655655654,32534.794605045063
10566,pressure_c:OUTLET,0.566566566566566,32533.51873662374
10567,pressure_c:OUTLET,0.5675675675675667,32532.226139275794
10568,pressure_c:OUTLET,0.5685685685685691,32530.917030217035
10569,pressure_c:OUTLET,0.5695695695695697,32529.59162431078
10570,pressure_c:OUTLET,0.5705705705705704,32528.250134098995
10571,pressure_c:OUTLET,0.571571571571571,32526.89276983003
10572,pressure_c:OUTLET,0.5725725725725717,32525.519739483443
10573,pressure_c:OUTLET,0.5735735735735741,32524.131248792655
10574,pressure_c:OUTLET,0.5745745745745747,32522.72750126584
10575,pressure_c:OUTLET,0.5755755755755754,32521.308698205525
10576,pressure_c:OUTLET,0.576576576576576,32519.875038727256
10577,pressure_c:OUTLET,0.5775775775775767,32518.426719777606
10578,pressure_c:OUTLET,0.5785785785785791,32516.963936151773
10579,pressure_c:OUTLET,0.5795795795795797,32515.486880511
10580,pressure_c:OUTLET,0.5805805805805804,32513.995743399937
10581,pressure_c:OUTLET,0.581581581581581,32512.490713264106
10582,pressure_c:OUTLET,0.5825825825825817,32510.971976467536
10583,pressure_c:OUTLET,0.5835835835835841,32509.43971731073
10584,pressure_c:OUTLET,0.5845845845845847,32507.894118048873
10585,pressure_c:OUTLET,0.5855855855855854,32506.335358910434
10586,pressure_c:OUTLET,0.586586586586586,32504.76361811618
10587,pressure_c:OUTLET,0.5875875875875867,32503.17907189852
10588,pressure_c:OUTLET,0.5885885885885891,32501.581894521263
10589,pressure_c:OUTLET,0.5895895895895897,32499.97225829973
10590,pressure_c:OUTLET,0.5905905905905904,32498.350333621212
10591,pressure_c:OUTLET,0.591591591591591,32496.716288965727
10592,pressure_c:OUTLET,0.5925925925925917,32495.07029092707
10593,pressure_c:OUTLET,0.5935935935935941,32493.41250423405
10594,pressure_c:OUTLET,0.5945945945945947,32491.74309177195
10595,pressure_c:OUTLET,0.5955955955955954,32490.06221460412
10596,pressure_c:OUTLET,0.596596596596596,32488.370031993592
10597,pressure_c:OUTLET,0.5975975975975967,32486.66670142477
10598,pressure_c:OUTLET,0.5985985985985991,32484.952378625047
10599,pressure_c:OUTLET,0.5995995995995997,32483.22721758637
10600,pressure_c:OUTLET,0.6006006006006004,32481.491370586187
10601,pressure_c:OUTLET,0.601601601601601,32479.744988200444
10602,pressure_c:OUTLET,0.6026026026026017,32477.98821930019
10603,pressure_c:OUTLET,0.6036036036036041,32476.22121103632
10604,pressure_c:OUTLET,0.6046046046046047,32474.44410882269
10605,pressure_c:OUTLET,0.6056056056056054,32472.65705632267
10606,pressure_c:OUTLET,0.606606606606606,32470.860195439596
10607,pressure_c:OUTLET,0.6076076076076067,32469.053666310585
10608,pressure_c:OUTLET,0.6086086086086091,32467.237607303476
10609,pressure_c:OUTLET,0.6096096096096097,32465.412155016504
10610,pressure_c:OUTLET,0.6106106106106104,32463.577444280487
10611,pressure_c:OUTLET,0.611611611611611,32461.733608163235
10612,pressure_c:OUTLET,0.6126126126126117,32459.88077797595
10613,pressure_c:OUTLET,0.6136136136136141,32458.019083281422
10614,pressure_c:OUTLET,0.6146146146146148,32456.148651903804
10615,pressure_c:OUTLET,0.6156156156156154,32454.269609939773
10616,pressure_c:OUTLET,0.616616616616616,32452.38208177099
10617,pressure_c:OUTLET,0.6176176176176167,32450.486190077623
10618,pressure_c:OUTLET,0.6186186186186191,32448.582055852858
10619,pressure_c:OUTLET,0.6196196196196198,32446.669798418236
10620,pressure_c:OUTLET,0.6206206206206204,32444.74953543975
10621,pressure_c:OUTLET,0.621621621621621,32442.821382944567
10622,pressure_c:OUTLET,0.6226226226226217,32440.885455338303
10623,pressure_c:OUTLET,0.6236236236236241,32438.941865422727
10624,pressure_c:OUTLET,0.6246246246246248,32436.99072441394
10625,pressure_c:OUTLET,0.6256256256256254,32435.032141960754
10626,pressure_c:OUTLET,0.626626626626626,32433.06622616343
10627,pressure_c:OUTLET,0.6276276276276267,32431.093083592612
10628,pressure_c:OUTLET,0.6286286286286291,32429.11281930834
10629,pressure_c:OUTLET,0.6296296296296298,32427.125536879255
10630,pressure_c:OUTLET,0.6306306306306304,32425.131338401858
10631,pressure_c:OUTLET,0.631631631631631,32423.130324519756
10632,pressure_c:OUTLET,0.6326326326326317,32421.122594442983
10633,pressure_c:OUTLET,0.6336336336336341,32419.108245967236
10634,pressure_c:OUTLET,0.6346346346346348,32417.08737549307
10635,pressure_c:OUTLET,0.6356356356356354,32415.06007804504
10636,pressure_c:OUTLET,0.636636636636636,32413.02644729073
10637,pressure_c:OUTLET,0.6376376376376367,32410.98657555963
10638,pressure_c:OUTLET,0.6386386386386391,32408.940553861972
10639,pressure_c:OUTLET,0.6396396396396398,32406.88847190732
10640,pressure_c:OUTLET,0.6406406406406404,32404.830418123052
10641,pressure_c:OUTLET,0.6416416416416411,32402.76647967269
10642,pressure_c:OUTLET,0.6426426426426417,32400.69674247397
10643,pressure_c:OUTLET,0.6436436436436441,32398.621291216845
10644,pressure_c:OUTLET,0.6446446446446448,32396.54020938117
10645,pressure_c:OUTLET,0.6456456456456454,32394.45357925428
10646,pressure_c:OUTLET,0.6466466466466461,32392.361481948297
10647,pressure_c:OUTLET,0.6476476476476467,32390.263997417267
10648,pressure_c:OUTLET,0.6486486486486491,32388.161204474076
10649,pressure_c:OUTLET,0.6496496496496498,32386.05318080713
10650,pressure_c:OUTLET,0.6506506506506504,32383.94000299683
10651,pressure_c:OUTLET,0.6516516516516511,32381.82174653185
10652,pressure_c:OUTLET,0.6526526526526517,32379.698485825134
10653,pressure_c:OUTLET,0.6536536536536541,32377.57029422976
10654,pressure_c:OUTLET,0.6546546546546548,32375.43724405447
10655,pressure_c:OUTLET,0.6556556556556554,32373.299406579095
10656,pressure_c:OUTLET,0.6566566566566561,32371.15685206969
10657,pressure_c:OUTLET,0.6576576576576567,32369.009649793446
10658,pressure_c:OUTLET,0.6586586586586591,32366.857868033443
10659,pressure_c:OUTLET,0.6596596596596598,32364.7015741031
10660,pressure_c:OUTLET,0.6606606606606604,32362.540834360498
10661,pressure_c:OUTLET,0.6616616616616611,32360.375714222435
10662,pressure_c:OUTLET,0.6626626626626617,32358.206278178277
10663,pressure_c:OUTLET,0.6636636636636641,32356.032589803617
10664,pressure_c:OUTLET,0.6646646646646648,32353.85471177371
10665,pressure_c:OUTLET,0.6656656656656654,32351.672705876736
10666,pressure_c:OUTLET,0.6666666666666661,32349.486633026783
10667,pressure_c:OUTLET,0.6676676676676667,32347.296553276745
10668,pressure_c:OUTLET,0.6686686686686691,32345.102525830924
10669,pressure_c:OUTLET,0.6696696696696698,32342.90460905749
10670,pressure_c:OUTLET,0.6706706706706704,32340.70286050072
10671,pressure_c:OUTLET,0.6716716716716711,32338.497336893095
10672,pressure_c:OUTLET,0.6726726726726717,32336.288094167143
10673,pressure_c:OUTLET,0.6736736736736741,32334.075187467155
10674,pressure_c:OUTLET,0.6746746746746748,32331.8586711607
10675,pressure_c:OUTLET,0.6756756756756754,32329.638598849942
10676,pressure_c:OUTLET,0.6766766766766761,32327.415023382844
10677,pressure_c:OUTLET,0.6776776776776767,32325.187996864097
10678,pressure_c:OUTLET,0.6786786786786791,32322.95757066599
10679,pressure_c:OUTLET,0.6796796796796798,32320.723795439033
10680,pressure_c:OUTLET,0.6806806806806804,32318.48672112246
10681,pressure_c:OUTLET,0.6816816816816811,32316.24639695454
10682,pressure_c:OUTLET,0.6826826826826817,32314.002871482742
10683,pressure_c:OUTLET,0.6836836836836842,32311.756192573775
10684,pressure_c:OUTLET,0.6846846846846848,32309.506407423385
10685,pressure_c:OUTLET,0.6856856856856854,32307.253562566108
10686,pressure_c:OUTLET,0.6866866866866861,32304.997703884797
10687,pressure_c:OUTLET,0.6876876876876867,32302.73887662005
10688,pressure_c:OUTLET,0.6886886886886892,32300.477125379428
10689,pressure_c:OUTLET,0.6896896896896898,32298.212494146635
10690,pressure_c:OUTLET,0.6906906906906904,32295.945026290457
10691,pressure_c:OUTLET,0.6916916916916911,32293.674764573618
10692,pressure_c:OUTLET,0.6926926926926917,32291.40175116148
10693,pressure_c:OUTLET,0.6936936936936942,32289.12602763063
10694,pressure_c:OUTLET,0.6946946946946948,32286.847634977326
10695,pressure_c:OUTLET,0.6956956956956954,32284.566613625793
10696,pressure_c:OUTLET,0.6966966966966961,32282.28300343644
10697,pressure_c:OUTLET,0.6976976976976967,32279.9968437139
10698,pressure_c:OUTLET,0.6986986986986992,32277.708173215
10699,pressure_c:OUTLET,0.6996996996996998,32275.41703015657
10700,pressure_c:OUTLET,0.7007007007007005,32273.123452223135
10701,pressure_c:OUTLET,0.7017017017017011,32270.827476574537
10702,pressure_c:OUTLET,0.7027027027027017,32268.52913985339
10703,pressure_c:OUTLET,0.7037037037037042,32266.22847819243
10704,pressure_c:OUTLET,0.7047047047047048,32263.92552722181
10705,pressure_c:OUTLET,0.7057057057057055,32261.6203220762
10706,pressure_c:OUTLET,0.7067067067067061,32259.312897401847
10707,pressure_c:OUTLET,0.7077077077077067,32257.003287363503
10708,pressure_c:OUTLET,0.7087087087087092,32254.691525651248
10709,pressure_c:OUTLET,0.7097097097097098,32252.377645487228
10710,pressure_c:OUTLET,0.7107107107107105,32250.061679632272
10711,pressure_c:OUTLET,0.7117117117117111,32247.743660392425
10712,pressure_c:OUTLET,0.7127127127127117,32245.423619625384
10713,pressure_c:OUTLET,0.7137137137137142,32243.101588746824
10714,pressure_c:OUTLET,0.7147147147147148,32240.77759873665
10715,pressure_c:OUTLET,0.7157157157157155,32238.451680145154
10716,pressure_c:OUTLET,0.7167167167167161,32236.12386309904
10717,pressure_c:OUTLET,0.7177177177177168,32233.794177307453
10718,pressure_c:OUTLET,0.7187187187187192,32231.462652067818
10719,pressure_c:OUTLET,0.7197197197197198,32229.12931627164
10720,pressure_c:OUTLET,0.7207207207207205,32226.79419841024
10721,pressure_c:OUTLET,0.7217217217217211,32224.457326580366
10722,pressure_c:OUTLET,0.7227227227227218,32222.11872848974
10723,pressure_c:OUTLET,0.7237237237237242,32219.778431462524
10724,pressure_c:OUTLET,0.7247247247247248,32217.43646244471
10725,pressure_c:OUTLET,0.7257257257257255,32215.092848009423
10726,pressure_c:OUTLET,0.7267267267267261,32212.747614362142
10727,pressure_c:OUTLET,0.7277277277277268,32210.400787345887
10728,pressure_c:OUTLET,0.7287287287287291,32208.052392446247
10729,pressure_c:OUTLET,0.7297297297297297,32205.70245479643
10730,pressure_c:OUTLET,0.7307307307307304,32203.35099918218
10731,pressure_c:OUTLET,0.7317317317317312,32200.998050046728
10732,pressure_c:OUTLET,0.7327327327327319,32198.64363149564
10733,pressure_c:OUTLET,0.7337337337337343,32196.287767301677
10734,pressure_c:OUTLET,0.7347347347347348,32193.930480909527
10735,pressure_c:OUTLET,0.7357357357357355,32191.571795440475
10736,pressure_c:OUTLET,0.7367367367367361,32189.211733697
10737,pressure_c:OUTLET,0.7377377377377385,32186.85031816729
10738,pressure_c:OUTLET,0.7387387387387392,32184.487571029655
10739,pressure_c:OUTLET,0.7397397397397398,32182.12351415694
10740,pressure_c:OUTLET,0.7407407407407405,32179.75816912079
10741,pressure_c:OUTLET,0.7417417417417411,32177.39155719588
10742,pressure_c:OUTLET,0.7427427427427435,32175.023699364086
10743,pressure_c:OUTLET,0.7437437437437442,32172.654616318585
10744,pressure_c:OUTLET,0.7447447447447448,32170.28432846788
10745,pressure_c:OUTLET,0.7457457457457455,32167.912855939772
10746,pressure_c:OUTLET,0.7467467467467461,32165.540218585287
10747,pressure_c:OUTLET,0.7477477477477484,32163.166435982508
10748,pressure_c:OUTLET,0.7487487487487491,32160.791527440375
10749,pressure_c:OUTLET,0.7497497497497497,32158.415512002433
10750,pressure_c:OUTLET,0.7507507507507504,32156.038408450506
10751,pressure_c:OUTLET,0.7517517517517512,32153.66023530832
10752,pressure_c:OUTLET,0.7527527527527536,32151.281010845083
10753,pressure_c:OUTLET,0.7537537537537542,32148.900753079015
10754,pressure_c:OUTLET,0.7547547547547548,32146.519479780807
10755,pressure_c:OUTLET,0.7557557557557555,32144.13720847704
10756,pressure_c:OUTLET,0.7567567567567561,32141.753956453573
10757,pressure_c:OUTLET,0.7577577577577586,32139.369740758844
10758,pressure_c:OUTLET,0.7587587587587592,32136.984578207164
10759,pressure_c:OUTLET,0.7597597597597598,32134.598485381932
10760,pressure_c:OUTLET,0.7607607607607605,32132.21147863882
10761,pressure_c:OUTLET,0.7617617617617611,32129.823574108916
10762,pressure_c:OUTLET,0.7627627627627636,32127.43478770181
10763,pressure_c:OUTLET,0.7637637637637642,32125.045135108652
10764,pressure_c:OUTLET,0.7647647647647648,32122.65463180514
10765,pressure_c:OUTLET,0.7657657657657655,32120.263293054504
10766,pressure_c:OUTLET,0.766766766766766,32117.87113391041
10767,pressure_c:OUTLET,0.7677677677677687,32115.478169219852
10768,pressure_c:OUTLET,0.7687687687687693,32113.08441362599
10769,pressure_c:OUTLET,0.76976976976977,32110.689881570954
10770,pressure_c:OUTLET,0.7707707707707706,32108.294587298584
10771,pressure_c:OUTLET,0.7717717717717713,32105.898544857195
10772,pressure_c:OUTLET,0.7727727727727736,32103.501768102225
10773,pressure_c:OUTLET,0.7737737737737742,32101.104270698885
10774,pressure_c:OUTLET,0.7747747747747749,32098.7060661248
10775,pressure_c:OUTLET,0.7757757757757755,32096.307167672552
10776,pressure_c:OUTLET,0.7767767767767761,32093.90758845224
10777,pressure_c:OUTLET,0.7777777777777786,32091.50734139396
10778,pressure_c:OUTLET,0.7787787787787792,32089.106439250307
10779,pressure_c:OUTLET,0.7797797797797799,32086.704894598777
10780,pressure_c:OUTLET,0.7807807807807805,32084.302719844192
10781,pressure_c:OUTLET,0.7817817817817811,32081.899927221057
10782,pressure_c:OUTLET,0.7827827827827836,32079.496528795895
10783,pressure_c:OUTLET,0.7837837837837841,32077.09253646957
10784,pressure_c:OUTLET,0.7847847847847848,32074.687961979515
10785,pressure_c:OUTLET,0.7857857857857854,32072.28281690202
10786,pressure_c:OUTLET,0.786786786786786,32069.877112654416
10787,pressure_c:OUTLET,0.7877877877877887,32067.47086049725
10788,pressure_c:OUTLET,0.7887887887887893,32065.064071536453
10789,pressure_c:OUTLET,0.78978978978979,32062.65675672544
10790,pressure_c:OUTLET,0.7907907907907905,32060.248926867214
10791,pressure_c:OUTLET,0.7917917917917912,32057.840592616427
10792,pressure_c:OUTLET,0.7927927927927936,32055.431764481393
10793,pressure_c:OUTLET,0.7937937937937942,32053.022452826117
10794,pressure_c:OUTLET,0.7947947947947949,32050.61266787227
10795,pressure_c:OUTLET,0.7957957957957955,32048.20241970112
10796,pressure_c:OUTLET,0.7967967967967962,32045.79171825548
10797,pressure_c:OUTLET,0.7977977977977986,32043.38057334159
10798,pressure_c:OUTLET,0.7987987987987992,32040.968994631003
10799,pressure_c:OUTLET,0.7997997997997999,32038.556991662394
10800,pressure_c:OUTLET,0.8008008008008005,32036.144573843427
10801,pressure_c:OUTLET,0.8018018018018012,32033.731750452524
10802,pressure_c:OUTLET,0.8028028028028035,32031.31853064064
10803,pressure_c:OUTLET,0.8038038038038041,32028.904923433012
10804,pressure_c:OUTLET,0.8048048048048048,32026.490937730872
10805,pressure_c:OUTLET,0.8058058058058054,32024.07658231316
10806,pressure_c:OUTLET,0.806806806806806,32021.66186583819
10807,pressure_c:OUTLET,0.8078078078078086,32019.246796845306
10808,pressure_c:OUTLET,0.8088088088088092,32016.8313837565
10809,pressure_c:OUTLET,0.8098098098098099,32014.41563487805
10810,pressure_c:OUTLET,0.8108108108108105,32011.999558402065
10811,pressure_c:OUTLET,0.8118118118118112,32009.583162408075
10812,pressure_c:OUTLET,0.8128128128128136,32007.166454864575
10813,pressure_c:OUTLET,0.8138138138138142,32004.749443630528
10814,pressure_c:OUTLET,0.8148148148148149,32002.33213645688
10815,pressure_c:OUTLET,0.8158158158158155,31999.91454098803
10816,pressure_c:OUTLET,0.8168168168168162,31997.496664763297
10817,pressure_c:OUTLET,0.8178178178178186,31995.07851521836
10818,pressure_c:OUTLET,0.8188188188188192,31992.660099686665
10819,pressure_c:OUTLET,0.8198198198198199,31990.241425400844
10820,pressure_c:OUTLET,0.8208208208208205,31987.822499494076
10821,pressure_c:OUTLET,0.8218218218218212,31985.403329001467
10822,pressure_c:OUTLET,0.8228228228228237,31982.983920861385
10823,pressure_c:OUTLET,0.8238238238238244,31980.564281916784
10824,pressure_c:OUTLET,0.824824824824825,31978.144418916512
10825,pressure_c:OUTLET,0.8258258258258256,31975.7243385166
10826,pressure_c:OUTLET,0.8268268268268263,31973.304047281537
10827,pressure_c:OUTLET,0.8278278278278286,31970.883551685507
10828,pressure_c:OUTLET,0.8288288288288292,31968.462858113664
10829,pressure_c:OUTLET,0.8298298298298299,31966.041972863313
10830,pressure_c:OUTLET,0.8308308308308305,31963.62090214511
10831,pressure_c:OUTLET,0.8318318318318312,31961.19965208431
10832,pressure_c:OUTLET,0.8328328328328336,31958.778228721847
10833,pressure_c:OUTLET,0.8338338338338342,31956.35663801556
10834,pressure_c:OUTLET,0.8348348348348349,31953.934885841296
10835,pressure_c:OUTLET,0.8358358358358355,31951.512977994047
10836,pressure_c:OUTLET,0.8368368368368362,31949.090920189057
10837,pressure_c:OUTLET,0.8378378378378386,31946.66871806289
10838,pressure_c:OUTLET,0.8388388388388393,31944.246377174557
10839,pressure_c:OUTLET,0.8398398398398398,31941.82390300653
10840,pressure_c:OUTLET,0.8408408408408404,31939.401300965816
10841,pressure_c:OUTLET,0.8418418418418411,31936.97857638498
10842,pressure_c:OUTLET,0.8428428428428437,31934.555734523172
10843,pressure_c:OUTLET,0.8438438438438444,31932.132780567128
10844,pressure_c:OUTLET,0.844844844844845,31929.709719632163
10845,pressure_c:OUTLET,0.8458458458458455,31927.286556763152
10846,pressure_c:OUTLET,0.8468468468468462,31924.863296935488
10847,pressure_c:OUTLET,0.8478478478478486,31922.43994505603
10848,pressure_c:OUTLET,0.8488488488488493,31920.016505964075
10849,pressure_c:OUTLET,0.8498498498498499,31917.592984432227
10850,pressure_c:OUTLET,0.8508508508508505,31915.169385167363
10851,pressure_c:OUTLET,0.8518518518518512,31912.745712811495
10852,pressure_c:OUTLET,0.8528528528528536,31910.321971942692
10853,pressure_c:OUTLET,0.8538538538538543,31907.898167075924
10854,pressure_c:OUTLET,0.8548548548548549,31905.474302663944
10855,pressure_c:OUTLET,0.8558558558558556,31903.050383098143
10856,pressure_c:OUTLET,0.8568568568568562,31900.626412709375
10857,pressure_c:OUTLET,0.8578578578578585,31898.20239576881
10858,pressure_c:OUTLET,0.8588588588588592,31895.77833648872
10859,pressure_c:OUTLET,0.8598598598598598,31893.35423902331
10860,pressure_c:OUTLET,0.8608608608608604,31890.930107469507
10861,pressure_c:OUTLET,0.8618618618618611,31888.505945867742
10862,pressure_c:OUTLET,0.8628628628628637,31886.081758202727
10863,pressure_c:OUTLET,0.8638638638638643,31883.657548404215
10864,pressure_c:OUTLET,0.8648648648648649,31881.233320347754
10865,pressure_c:OUTLET,0.8658658658658656,31878.80907785543
10866,pressure_c:OUTLET,0.8668668668668662,31876.384824696597
10867,pressure_c:OUTLET,0.8678678678678686,31873.960564588604
10868,pressure_c:OUTLET,0.8688688688688693,31871.536301197502
10869,pressure_c:OUTLET,0.8698698698698699,31869.112038138748
10870,pressure_c:OUTLET,0.8708708708708706,31866.687778977903
10871,pressure_c:OUTLET,0.8718718718718712,31864.26352723131
10872,pressure_c:OUTLET,0.8728728728728736,31861.83928636676
10873,pressure_c:OUTLET,0.8738738738738743,31859.415059804185
10874,pressure_c:OUTLET,0.8748748748748749,31856.99085091628
10875,pressure_c:OUTLET,0.8758758758758756,31854.566663029163
10876,pressure_c:OUTLET,0.8768768768768762,31852.14249942303
10877,pressure_c:OUTLET,0.8778778778778785,31849.71836333275
10878,pressure_c:OUTLET,0.8788788788788794,31847.294257948524
10879,pressure_c:OUTLET,0.87987987987988,31844.87018641646
10880,pressure_c:OUTLET,0.8808808808808807,31842.446151839205
10881,pressure_c:OUTLET,0.8818818818818813,31840.02215727653
10882,pressure_c:OUTLET,0.8828828828828836,31837.5982057459
10883,pressure_c:OUTLET,0.8838838838838843,31835.174300223098
10884,pressure_c:OUTLET,0.8848848848848849,31832.750443642748
10885,pressure_c:OUTLET,0.8858858858858856,31830.326638898907
10886,pressure_c:OUTLET,0.8868868868868862,31827.902888845605
10887,pressure_c:OUTLET,0.8878878878878886,31825.479196297412
10888,pressure_c:OUTLET,0.8888888888888893,31823.055564029957
10889,pressure_c:OUTLET,0.8898898898898899,31820.631994780477
10890,pressure_c:OUTLET,0.8908908908908906,31818.208491248337
10891,pressure_c:OUTLET,0.8918918918918912,31815.78505609555
10892,pressure_c:OUTLET,0.8928928928928936,31813.36169194728
10893,pressure_c:OUTLET,0.8938938938938943,31810.938401392366
10894,pressure_c:OUTLET,0.8948948948948949,31808.51518698381
10895,pressure_c:OUTLET,0.8958958958958955,31806.092051239244
10896,pressure_c:OUTLET,0.8968968968968961,31803.66899664146
10897,pressure_c:OUTLET,0.8978978978978985,31801.24602563885
10898,pressure_c:OUTLET,0.8988988988988994,31798.823140645905
10899,pressure_c:OUTLET,0.8998998998999,31796.40034404364
10900,pressure_c:OUTLET,0.9009009009009005,31793.977638180106
10901,pressure_c:OUTLET,0.9019019019019012,31791.55502537079
10902,pressure_c:OUTLET,0.9029029029029036,31789.132507899107
10903,pressure_c:OUTLET,0.9039039039039043,31786.710088016793
10904,pressure_c:OUTLET,0.9049049049049048,31784.287767944377
10905,pressure_c:OUTLET,0.9059059059059056,31781.86554987159
10906,pressure_c:OUTLET,0.9069069069069062,31779.443435957783
10907,pressure_c:OUTLET,0.9079079079079087,31777.021428332373
10908,pressure_c:OUTLET,0.9089089089089091,31774.599529095205
10909,pressure_c:OUTLET,0.90990990990991,31772.17774031699
10910,pressure_c:OUTLET,0.9109109109109106,31769.756064039717
10911,pressure_c:OUTLET,0.9119119119119112,31767.334502276994
10912,pressure_c:OUTLET,0.9129129129129137,31764.913057014488
10913,pressure_c:OUTLET,0.9139139139139144,31762.491730210284
10914,pressure_c:OUTLET,0.9149149149149148,31760.07052379527
10915,pressure_c:OUTLET,0.9159159159159157,31757.649439673507
10916,pressure_c:OUTLET,0.9169169169169161,31755.22847972259
10917,pressure_c:OUTLET,0.9179179179179188,31752.807645794033
10918,pressure_c:OUTLET,0.9189189189189192,31750.386939713582
10919,pressure_c:OUTLET,0.91991991991992,31747.966363281623
10920,pressure_c:OUTLET,0.9209209209209205,31745.5459182735
10921,pressure_c:OUTLET,0.9219219219219212,31743.12560643984
10922,pressure_c:OUTLET,0.9229229229229237,31740.705429506932
10923,pressure_c:OUTLET,0.9239239239239245,31738.285389177036
10924,pressure_c:OUTLET,0.9249249249249248,31735.865487128707
10925,pressure_c:OUTLET,0.9259259259259256,31733.445725017144
10926,pressure_c:OUTLET,0.9269269269269262,31731.02610447448
10927,pressure_c:OUTLET,0.9279279279279287,31728.606627110126
10928,pressure_c:OUTLET,0.9289289289289293,31726.187294511063
10929,pressure_c:OUTLET,0.9299299299299301,31723.768108242155
10930,pressure_c:OUTLET,0.9309309309309306,31721.349069846456
10931,pressure_c:OUTLET,0.9319319319319312,31718.930180845506
10932,pressure_c:OUTLET,0.9329329329329336,31716.511442739615
10933,pressure_c:OUTLET,0.9339339339339344,31714.092857008178
10934,pressure_c:OUTLET,0.9349349349349348,31711.674425109937
10935,pressure_c:OUTLET,0.9359359359359357,31709.25614848328
10936,pressure_c:OUTLET,0.9369369369369364,31706.838028546514
10937,pressure_c:OUTLET,0.9379379379379387,31704.420066698127
10938,pressure_c:OUTLET,0.9389389389389392,31702.002264317092
10939,pressure_c:OUTLET,0.93993993993994,31699.584622763105
10940,pressure_c:OUTLET,0.9409409409409406,31697.167143376857
10941,pressure_c:OUTLET,0.9419419419419413,31694.749827480304
10942,pressure_c:OUTLET,0.9429429429429437,31692.332676376904
10943,pressure_c:OUTLET,0.9439439439439444,31689.915691351893
10944,pressure_c:OUTLET,0.9449449449449449,31687.498873672517
10945,pressure_c:OUTLET,0.9459459459459456,31685.082224588292
10946,pressure_c:OUTLET,0.9469469469469463,31682.665745331233
10947,pressure_c:OUTLET,0.9479479479479487,31680.249437116105
10948,pressure_c:OUTLET,0.9489489489489493,31677.833301140658
10949,pressure_c:OUTLET,0.9499499499499501,31675.41733858584
10950,pressure_c:OUTLET,0.9509509509509506,31673.001550616067
10951,pressure_c:OUTLET,0.9519519519519511,31670.58593837942
10952,pressure_c:OUTLET,0.9529529529529536,31668.170503007867
10953,pressure_c:OUTLET,0.9539539539539544,31665.7552456175
10954,pressure_c:OUTLET,0.9549549549549549,31663.340167308743
10955,pressure_c:OUTLET,0.9559559559559557,31660.925269166564
10956,pressure_c:OUTLET,0.9569569569569564,31658.5105522607
10957,pressure_c:OUTLET,0.9579579579579587,31656.096017645847
10958,pressure_c:OUTLET,0.9589589589589592,31653.681666361892
10959,pressure_c:OUTLET,0.95995995995996,31651.26749943408
10960,pressure_c:OUTLET,0.9609609609609606,31648.85351787324
10961,pressure_c:OUTLET,0.9619619619619613,31646.43972267598
10962,pressure_c:OUTLET,0.9629629629629637,31644.02611482488
10963,pressure_c:OUTLET,0.9639639639639644,31641.61269528868
10964,pressure_c:OUTLET,0.9649649649649648,31639.199465022473
10965,pressure_c:OUTLET,0.9659659659659656,31636.78642496789
10966,pressure_c:OUTLET,0.9669669669669663,31634.373576053287
10967,pressure_c:OUTLET,0.9679679679679687,31631.960919193923
10968,pressure_c:OUTLET,0.9689689689689693,31629.548455292148
10969,pressure_c:OUTLET,0.9699699699699701,31627.136185237563
10970,pressure_c:OUTLET,0.9709709709709705,31624.724109907216
10971,pressure_c:OUTLET,0.9719719719719712,31622.312230165757
10972,pressure_c:OUTLET,0.9729729729729738,31619.900546865618
10973,pressure_c:OUTLET,0.9739739739739744,31617.489060847165
10974,pressure_c:OUTLET,0.9749749749749749,31615.077772938897
10975,pressure_c:OUTLET,0.9759759759759756,31612.666683957566
10976,pressure_c:OUTLET,0.9769769769769763,31610.255794708377
10977,pressure_c:OUTLET,0.9779779779779789,31607.845105985103
10978,pressure_c:OUTLET,0.9789789789789792,31605.434618570285
10979,pressure_c:OUTLET,0.9799799799799802,31603.024333235364
10980,pressure_c:OUTLET,0.9809809809809806,31600.61425074083
10981,pressure_c:OUTLET,0.9819819819819813,31598.204371836386
10982,pressure_c:OUTLET,0.9829829829829837,31595.794697261073
10983,pressure_c:OUTLET,0.9839839839839845,31593.385227743445
10984,pressure_c:OUTLET,0.984984984984985,31590.975964001704
10985,pressure_c:OUTLET,0.9859859859859856,31588.56690674382
10986,pressure_c:OUTLET,0.9869869869869863,31586.158056667697
10987,pressure_c:OUTLET,0.9879879879879888,31583.749414461297
10988,pressure_c:OUTLET,0.9889889889889892,31581.340980802783
10989,pressure_c:OUTLET,0.9899899899899901,31578.932756360657
10990,pressure_c:OUTLET,0.9909909909909907,31576.524741793874
10991,pressure_c:OUTLET,0.9919919919919914,31574.116937751984
10992,pressure_c:OUTLET,0.9929929929929936,31571.70934487528
10993,pressure_c:OUTLET,0.9939939939939944,31569.301963794893
10994,pressure_c:OUTLET,0.994994994994995,31566.894795132932
10995,pressure_c:OUTLET,0.9959959959959956,31564.487839502606
10996,pressure_c:OUTLET,0.9969969969969963,31562.08109750836
10997,pressure_c:OUTLET,0.9979979979979989,31559.674569745963
10998,pressure_c:OUTLET,0.9989989989989992,31557.268256802658
10999,pressure_c:OUTLET,1.0,31554.862159257253
11000,Vc:ventricle,0.0,160.81456592070273
11001,Vc:ventricle,0.0010010010010006454,160.81868076464934
11002,Vc:ventricle,0.0020020020020012907,160.8227951495734
11003,Vc:ventricle,0.0030030030030037125,160.82690907552518
11004,Vc:ventricle,0.004004004004004358,160.83102254255485
11005,Vc:ventricle,0.005005005005005003,160.83513555071266
11006,Vc:ventricle,0.006006006006005649,160.8392481000488
11007,Vc:ventricle,0.007007007007006294,160.84336019061345
11008,Vc:ventricle,0.008008008008008716,160.84747182245678
11009,Vc:ventricle,0.00900900900900936,160.85158299562897
11010,Vc:ventricle,0.010010010010010006,160.85569371018013
11011,Vc:ventricle,0.011011011011010652,160.85980396616037
11012,Vc:ventricle,0.012012012012011295,160.86391376361988
11013,Vc:ventricle,0.01301301301301372,160.86802310260873
11014,Vc:ventricle,0.014014014014014364,160.872131983177
11015,Vc:ventricle,0.01501501501501501,160.87624040537483
11016,Vc:ventricle,0.016016016016015655,160.88034836925223
11017,Vc:ventricle,0.0170170170170163,160.8844558748593
11018,Vc:ventricle,0.01801801801801872,160.88856292224608
11019,Vc:ventricle,0.019019019019019368,160.8926695114626
11020,Vc:ventricle,0.020020020020020013,160.89677564255888
11021,Vc:ventricle,0.021021021021020655,160.9008813155849
11022,Vc:ventricle,0.022022022022021304,160.90498653059072
11023,Vc:ventricle,0.023023023023023725,160.9090912876263
11024,Vc:ventricle,0.02402402402402437,160.9131955867416
11025,Vc:ventricle,0.025025025025025016,160.91729942798665
11026,Vc:ventricle,0.026026026026025665,160.92140281141135
11027,Vc:ventricle,0.027027027027026307,160.92550573706566
11028,Vc:ventricle,0.02802802802802873,160.9296082049995
11029,Vc:ventricle,0.029029029029029377,160.9337102152628
11030,Vc:ventricle,0.03003003003003002,160.9378117679055
11031,Vc:ventricle,0.031031031031030665,160.94191286297743
11032,Vc:ventricle,0.03203203203203131,160.94601350052855
11033,Vc:ventricle,0.03303303303303373,160.95011368060867
11034,Vc:ventricle,0.03403403403403438,160.95421340326777
11035,Vc:ventricle,0.03503503503503502,160.9583126685556
11036,Vc:ventricle,0.03603603603603566,160.96241147652205
11037,Vc:ventricle,0.03703703703703631,160.96650982721695
11038,Vc:ventricle,0.038038038038038735,160.97060772069014
11039,Vc:ventricle,0.039039039039039374,160.9747051569914
11040,Vc:ventricle,0.040040040040040026,160.97880213617057
11041,Vc:ventricle,0.04104104104104067,160.98289865827743
11042,Vc:ventricle,0.04204204204204132,160.9869947233618
11043,Vc:ventricle,0.04304304304304374,160.9910903314734
11044,Vc:ventricle,0.044044044044044384,160.99518548266204
11045,Vc:ventricle,0.04504504504504503,160.99928017697746
11046,Vc:ventricle,0.046046046046045674,161.00337441446942
11047,Vc:ventricle,0.04704704704704632,161.00746819518764
11048,Vc:ventricle,0.04804804804804874,161.01156151918184
11049,Vc:ventricle,0.04904904904904939,161.01565438650175
11050,Vc:ventricle,0.05005005005005003,161.0197467971971
11051,Vc:ventricle,0.05105105105105068,161.02383875131753
11052,Vc:ventricle,0.05205205205205132,161.02793024891278
11053,Vc:ventricle,0.053053053053053745,161.0320212900325
11054,Vc:ventricle,0.05405405405405439,161.0361118747264
11055,Vc:ventricle,0.05505505505505503,161.0402020030441
11056,Vc:ventricle,0.05605605605605568,161.04429167503528
11057,Vc:ventricle,0.057057057057056326,161.04838089074957
11058,Vc:ventricle,0.058058058058058755,161.0524696502366
11059,Vc:ventricle,0.05905905905905939,161.056557953546
11060,Vc:ventricle,0.06006006006006004,161.06064580072737
11061,Vc:ventricle,0.06106106106106069,161.06473319183033
11062,Vc:ventricle,0.06206206206206133,161.06882012690448
11063,Vc:ventricle,0.06306306306306375,161.0729066059994
11064,Vc:ventricle,0.0640640640640644,161.0769926291647
11065,Vc:ventricle,0.06506506506506504,161.0810781964499
11066,Vc:ventricle,0.06606606606606569,161.08516330790462
11067,Vc:ventricle,0.06706706706706633,161.08924796357837
11068,Vc:ventricle,0.06806806806806875,161.0933321635207
11069,Vc:ventricle,0.0690690690690694,161.09741590778117
11070,Vc:ventricle,0.07007007007007005,161.1014991964093
11071,Vc:ventricle,0.07107107107107069,161.10558202945458
11072,Vc:ventricle,0.07207207207207132,161.10966440696657
11073,Vc:ventricle,0.07307307307307376,161.11374632899475
11074,Vc:ventricle,0.0740740740740744,161.1178277955886
11075,Vc:ventricle,0.07507507507507503,161.12190880679762
11076,Vc:ventricle,0.0760760760760757,161.12598936267128
11077,Vc:ventricle,0.07707707707707634,161.13006946325905
11078,Vc:ventricle,0.07807807807807877,161.13414910861042
11079,Vc:ventricle,0.0790790790790794,161.1382282987748
11080,Vc:ventricle,0.08008008008008005,161.14230703380167
11081,Vc:ventricle,0.08108108108108071,161.14638531374047
11082,Vc:ventricle,0.08208208208208134,161.1504631386406
11083,Vc:ventricle,0.08308308308308376,161.1545405085515
11084,Vc:ventricle,0.08408408408408441,161.15861742352257
11085,Vc:ventricle,0.08508508508508505,161.16269388360325
11086,Vc:ventricle,0.0860860860860857,161.16676988884288
11087,Vc:ventricle,0.08708708708708635,161.1708454392909
11088,Vc:ventricle,0.08808808808808877,161.17492053499666
11089,Vc:ventricle,0.08908908908908941,161.17899517600955
11090,Vc:ventricle,0.09009009009009004,161.18306936237894
11091,Vc:ventricle,0.0910910910910907,161.18714309415418
11092,Vc:ventricle,0.09209209209209135,161.19121637138463
11093,Vc:ventricle,0.09309309309309376,161.19528919411962
11094,Vc:ventricle,0.0940940940940944,161.1993615624085
11095,Vc:ventricle,0.09509509509509506,161.2034334763006
11096,Vc:ventricle,0.0960960960960957,161.20750493584524
11097,Vc:ventricle,0.09709709709709637,161.2115759410917
11098,Vc:ventricle,0.09809809809809877,161.21564649208932
11099,Vc:ventricle,0.0990990990990994,161.2197165888874
11100,Vc:ventricle,0.10010010010010006,161.2237862315352
11101,Vc:ventricle,0.10110110110110072,161.22785480190868
11102,Vc:ventricle,0.10210210210210136,161.2319200684763
11103,Vc:ventricle,0.10310310310310378,161.23597935157474
11104,Vc:ventricle,0.10410410410410442,161.24003003369555
11105,Vc:ventricle,0.10510510510510508,161.2440694868403
11106,Vc:ventricle,0.10610610610610571,161.24809508783207
11107,Vc:ventricle,0.10710710710710636,161.25210421603634
11108,Vc:ventricle,0.10810810810810878,161.25609425459976
11109,Vc:ventricle,0.10910910910910944,161.2600625909855
11110,Vc:ventricle,0.11011011011011008,161.26400661764902
11111,Vc:ventricle,0.11111111111111072,161.26792373268503
11112,Vc:ventricle,0.11211211211211136,161.27181134047993
11113,Vc:ventricle,0.11311311311311378,161.2756668523619
11114,Vc:ventricle,0.11411411411411444,161.27948768725042
11115,Vc:ventricle,0.11511511511511507,161.28327127230497
11116,Vc:ventricle,0.11611611611611572,161.2870150435719
11117,Vc:ventricle,0.11711711711711636,161.29071644663023
11118,Vc:ventricle,0.1181181181181188,161.29437293723572
11119,Vc:ventricle,0.11911911911911945,161.29798198196318
11120,Vc:ventricle,0.12012012012012008,161.30154105884674
11121,Vc:ventricle,0.12112112112112072,161.30504765801803
11122,Vc:ventricle,0.12212212212212135,161.30849928234215
11123,Vc:ventricle,0.1231231231231238,161.3118934480508
11124,Vc:ventricle,0.12412412412412444,161.3152276853732
11125,Vc:ventricle,0.12512512512512508,161.31849953916387
11126,Vc:ventricle,0.12612612612612573,161.32170656952755
11127,Vc:ventricle,0.12712712712712637,161.32484635244077
11128,Vc:ventricle,0.1281281281281288,161.32791648037028
11129,Vc:ventricle,0.12912912912912944,161.33091456288776
11130,Vc:ventricle,0.13013013013013008,161.33383822728098
11131,Vc:ventricle,0.13113113113113073,161.33668511916096
11132,Vc:ventricle,0.13213213213213135,161.33945290306514
11133,Vc:ventricle,0.1331331331331338,161.3421392630563
11134,Vc:ventricle,0.13413413413413444,161.34474190331716
11135,Vc:ventricle,0.1351351351351351,161.34725854874026
11136,Vc:ventricle,0.13613613613613573,161.3496869455133
11137,Vc:ventricle,0.13713713713713638,161.35202486169942
11138,Vc:ventricle,0.1381381381381388,161.35427008781255
11139,Vc:ventricle,0.13913913913913944,161.35642043738733
11140,Vc:ventricle,0.1401401401401401,161.3584737475438
11141,Vc:ventricle,0.14114114114114074,161.36042787954642
11142,Vc:ventricle,0.14214214214214138,161.36228071935736
11143,Vc:ventricle,0.1431431431431438,161.36403017818395
11144,Vc:ventricle,0.14414414414414445,161.36567419301997
11145,Vc:ventricle,0.1451451451451451,161.36721072718075
11146,Vc:ventricle,0.14614614614614574,161.36863777083195
11147,Vc:ventricle,0.14714714714714638,161.36995334151166
11148,Vc:ventricle,0.1481481481481488,161.37115548464593
11149,Vc:ventricle,0.14914914914914945,161.37224227405733
11150,Vc:ventricle,0.1501501501501501,161.3732118124666
11151,Vc:ventricle,0.15115115115115074,161.374062231987
11152,Vc:ventricle,0.1521521521521514,161.37479169461153
11153,Vc:ventricle,0.1531531531531538,161.37539839269243
11154,Vc:ventricle,0.15415415415415443,161.37588054941335
11155,Vc:ventricle,0.1551551551551551,161.3762364192536
11156,Vc:ventricle,0.15615615615615577,161.3764642884444
11157,Vc:ventricle,0.1571571571571564,161.37656247541736
11158,Vc:ventricle,0.1581581581581588,161.37652933124457
11159,Vc:ventricle,0.15915915915915946,161.37636324007042
11160,Vc:ventricle,0.1601601601601601,161.3760626195349
11161,Vc:ventricle,0.16116116116116075,161.37562592118863
11162,Vc:ventricle,0.1621621621621614,161.37505163089855
11163,Vc:ventricle,0.16316316316316382,161.37433826924556
11164,Vc:ventricle,0.16416416416416446,161.37348439191246
11165,Vc:ventricle,0.1651651651651651,161.37248859006334
11166,Vc:ventricle,0.16616616616616575,161.3713494907134
11167,Vc:ventricle,0.1671671671671664,161.3700657570897
11168,Vc:ventricle,0.16816816816816882,161.3686360889822
11169,Vc:ventricle,0.16916916916916946,161.36705922308553
11170,Vc:ventricle,0.1701701701701701,161.365333933331
11171,Vc:ventricle,0.17117117117117076,161.36345903120863
11172,Vc:ventricle,0.1721721721721714,161.36143336607967
11173,Vc:ventricle,0.17317317317317382,161.35925582547895
11174,Vc:ventricle,0.17417417417417447,161.356925335407
11175,Vc:ventricle,0.1751751751751751,161.35444086061244
11176,Vc:ventricle,0.17617617617617576,161.35180140486372
11177,Vc:ventricle,0.1771771771771764,161.34900601121072
11178,Vc:ventricle,0.17817817817817885,161.34605376223584
11179,Vc:ventricle,0.17917917917917947,161.3429437802947
11180,Vc:ventricle,0.18018018018018012,161.33967522774608
11181,Vc:ventricle,0.18118118118118076,161.3362473071714
11182,Vc:ventricle,0.1821821821821814,161.3326592615833
11183,Vc:ventricle,0.18318318318318383,161.32891037462358
11184,Vc:ventricle,0.18418418418418447,161.32499997075013
11185,Vc:ventricle,0.18518518518518512,161.32092741541308
11186,Vc:ventricle,0.18618618618618576,161.31319429081063
11187,Vc:ventricle,0.1871871871871864,161.3000154880147
11188,Vc:ventricle,0.18818818818818883,161.2813878513659
11189,Vc:ventricle,0.18918918918918948,161.2573253484773
11190,Vc:ventricle,0.19019019019019012,161.22784130927974
11191,Vc:ventricle,0.19119119119119077,161.19295196684843
11192,Vc:ventricle,0.1921921921921914,161.15267573969385
11193,Vc:ventricle,0.19319319319319384,161.10703336274375
11194,Vc:ventricle,0.19419419419419448,161.05604784656
11195,Vc:ventricle,0.19519519519519513,160.99974446869612
11196,Vc:ventricle,0.19619619619619577,160.9381507564701
11197,Vc:ventricle,0.1971971971971964,160.87129646930853
11198,Vc:ventricle,0.19819819819819884,160.79921357905548
11199,Vc:ventricle,0.19919919919919948,160.72193624859128
11200,Vc:ventricle,0.20020020020020013,160.63950080872212
11201,Vc:ventricle,0.20120120120120075,160.55194573337894
11202,Vc:ventricle,0.20220220220220145,160.4593116131525
11203,Vc:ventricle,0.20320320320320384,160.36164112719675
11204,Vc:ventricle,0.2042042042042045,160.25897901353378
11205,Vc:ventricle,0.20520520520520513,160.15137203779662
11206,Vc:ventricle,0.20620620620620575,160.0388689604478
11207,Vc:ventricle,0.2072072072072064,159.92152050251374
11208,Vc:ventricle,0.20820820820820884,159.79937930987737
11209,Vc:ventricle,0.2092092092092095,159.67249991617243
11210,Vc:ventricle,0.21021021021021016,159.54093870432595
11211,Vc:ventricle,0.2112112112112108,159.40475386679574
11212,Vc:ventricle,0.21221221221221143,159.26400536455236
11213,Vc:ventricle,0.21321321321321385,159.11875488485612
11214,Vc:ventricle,0.2142142142142145,158.9690657978811
11215,Vc:ventricle,0.2152152152152151,158.81500311223968
11216,Vc:ventricle,0.21621621621621576,158.65663342946195
11217,Vc:ventricle,0.21721721721721643,158.4940248974858
11218,Vc:ventricle,0.21821821821821885,158.32724716321448
11219,Vc:ventricle,0.21921921921921952,158.15637132419914
11220,Vc:ventricle,0.22022022022022017,157.98146987950471
11221,Vc:ventricle,0.2212212212212208,157.80261667981833
11222,Vc:ventricle,0.22222222222222143,157.6198868768599
11223,Vc:ventricle,0.22322322322322383,157.43335687215514
11224,Vc:ventricle,0.22422422422422447,157.2431042652313
11225,Vc:ventricle,0.22522522522522517,157.0492078012967
11226,Vc:ventricle,0.2262262262262258,156.85174731846493
11227,Vc:ventricle,0.22722722722722644,156.65080369458474
11228,Vc:ventricle,0.22822822822822889,156.44645879373644
11229,Vc:ventricle,0.22922922922922953,156.2387954124559
11230,Vc:ventricle,0.23023023023023015,156.02789722574647
11231,Vc:ventricle,0.2312312312312308,155.81384873293948
11232,Vc:ventricle,0.23223223223223144,155.59673520346226
11233,Vc:ventricle,0.23323323323323383,155.3766426225739
11234,Vc:ventricle,0.2342342342342345,155.15365763712677
11235,Vc:ventricle,0.23523523523523515,154.92786750141155
11236,Vc:ventricle,0.2362362362362358,154.69936002314353
11237,Vc:ventricle,0.23723723723723644,154.46822350964553
11238,Vc:ventricle,0.2382382382382389,154.23454671428323
11239,Vc:ventricle,0.2392392392392395,153.99841878320672
11240,Vc:ventricle,0.24024024024024015,153.7599292024515
11241,Vc:ventricle,0.2412412412412408,153.51916774545052
11242,Vc:ventricle,0.24224224224224145,153.27622442100792
11243,Vc:ventricle,0.24324324324324387,153.03118942178372
11244,Vc:ventricle,0.2442442442442445,152.78415307333702
11245,Vc:ventricle,0.24524524524524516,152.53520578377447
11246,Vc:ventricle,0.2462462462462458,152.28443799404832
11247,Vc:ventricle,0.24724724724724645,152.03194012894778
11248,Vc:ventricle,0.24824824824824887,151.77780254882515
11249,Vc:ventricle,0.24924924924924952,151.52211550209674
11250,Vc:ventricle,0.25025025025025016,151.264969078557
11251,Vc:ventricle,0.2512512512512508,151.00645316354246
11252,Vc:ventricle,0.25225225225225145,150.74665739298044
11253,Vc:ventricle,0.2532532532532539,150.48567110935545
11254,Vc:ventricle,0.2542542542542545,150.22358331862472
11255,Vc:ventricle,0.25525525525525516,149.96048264811242
11256,Vc:ventricle,0.2562562562562558,149.6964573054101
11257,Vc:ventricle,0.25725725725725646,149.43159503830927
11258,Vc:ventricle,0.2582582582582589,149.16598309579018
11259,Vc:ventricle,0.2592592592592595,148.89970819008866
11260,Vc:ventricle,0.26026026026026017,148.63285645986173
11261,Vc:ventricle,0.2612612612612608,148.36551343447007
11262,Vc:ventricle,0.26226226226226146,148.09776399939415
11263,Vc:ventricle,0.2632632632632639,147.82969236279877
11264,Vc:ventricle,0.2642642642642645,147.561382023259
11265,Vc:ventricle,0.26526526526526517,147.29291573865876
11266,Vc:ventricle,0.2662662662662658,147.02437549627132
11267,Vc:ventricle,0.26726726726726646,146.75584248402944
11268,Vc:ventricle,0.2682682682682689,146.48739706299125
11269,Vc:ventricle,0.26926926926926953,146.21911874100587
11270,Vc:ventricle,0.2702702702702702,145.95108614758155
11271,Vc:ventricle,0.2712712712712708,145.6833770099572
11272,Vc:ventricle,0.27227227227227146,145.4160681303767
11273,Vc:ventricle,0.2732732732732739,145.14923536456357
11274,Vc:ventricle,0.27427427427427453,144.88295360139296
11275,Vc:ventricle,0.2752752752752752,144.61729674375476
11276,Vc:ventricle,0.2762762762762758,144.3523376906022
11277,Vc:ventricle,0.27727727727727647,144.0881483201772
11278,Vc:ventricle,0.2782782782782789,143.82479947440348
11279,Vc:ventricle,0.27927927927927954,143.56236094443688
11280,Vc:ventricle,0.2802802802802802,143.30090145736062
11281,Vc:ventricle,0.2812812812812808,143.04048866401277
11282,Vc:ventricle,0.28228228228228147,142.78118912793155
11283,Vc:ventricle,0.2832832832832839,142.52306831540312
11284,Vc:ventricle,0.28428428428428454,142.26619058659563
11285,Vc:ventricle,0.2852852852852852,142.01061918776196
11286,Vc:ventricle,0.28628628628628583,141.75641624449312
11287,Vc:ventricle,0.2872872872872865,141.50364275600288
11288,Vc:ventricle,0.2882882882882889,141.2523585904238
11289,Vc:ventricle,0.28928928928928954,141.00262248109377
11290,Vc:ventricle,0.2902902902902902,140.7544920238116
11291,Vc:ventricle,0.29129129129129083,140.5080236750394
11292,Vc:ventricle,0.2922922922922915,140.26327275102898
11293,Vc:ventricle,0.2932932932932939,140.02029342784886
11294,Vc:ventricle,0.29429429429429455,139.77913874228796
11295,Vc:ventricle,0.2952952952952952,139.53986059361156
11296,Vc:ventricle,0.29629629629629584,139.3025097461449
11297,Vc:ventricle,0.2972972972972965,139.06713583265878
11298,Vc:ventricle,0.2982982982982989,138.83378735853222
11299,Vc:ventricle,0.29929929929929955,138.60251170666595
11300,Vc:ventricle,0.3003003003003002,138.37335514312085
11301,Vc:ventricle,0.30130130130130084,138.14634930968958
11302,Vc:ventricle,0.3023023023023015,137.92150561581133
11303,Vc:ventricle,0.3033033033033039,137.69883122128545
11304,Vc:ventricle,0.30430430430430455,137.4783336862336
11305,Vc:ventricle,0.3053053053053052,137.2600200584603
11306,Vc:ventricle,0.30630630630630584,137.04389706307856
11307,Vc:ventricle,0.3073073073073065,136.8299710721233
11308,Vc:ventricle,0.3083083083083089,136.6182481180958
11309,Vc:ventricle,0.30930930930930955,136.40873389874818
11310,Vc:ventricle,0.3103103103103102,136.20143378362175
11311,Vc:ventricle,0.31131131131131085,135.9963528202368
11312,Vc:ventricle,0.3123123123123115,135.79349574034987
11313,Vc:ventricle,0.3133133133133139,135.59286696619137
11314,Vc:ventricle,0.31431431431431456,135.39447061669776
11315,Vc:ventricle,0.3153153153153152,135.19831051373163
11316,Vc:ventricle,0.31631631631631585,135.00439018828757
11317,Vc:ventricle,0.3173173173173165,134.81271288668103
11318,Vc:ventricle,0.3183183183183189,134.62328157671726
11319,Vc:ventricle,0.31931931931931956,134.43609895383776
11320,Vc:ventricle,0.3203203203203202,134.25116744724156
11321,Vc:ventricle,0.32132132132132085,134.06848922597888
11322,Vc:ventricle,0.3223223223223215,133.88806620501475
11323,Vc:ventricle,0.3233233233233239,133.70990005125986
11324,Vc:ventricle,0.32432432432432456,133.53399218956693
11325,Vc:ventricle,0.3253253253253252,133.3603438086896
11326,Vc:ventricle,0.32632632632632586,133.1889558672024
11327,Vc:ventricle,0.3273273273273265,133.01982909937914
11328,Vc:ventricle,0.3283283283283289,132.85296402102796
11329,Vc:ventricle,0.32932932932932957,132.68836093528097
11330,Vc:ventricle,0.3303303303303302,132.52601993833662
11331,Vc:ventricle,0.33133133133133086,132.36594092515307
11332,Vc:ventricle,0.3323323323323315,132.2081235950905
11333,Vc:ventricle,0.3333333333333339,132.05256745750108
11334,Vc:ventricle,0.33433433433433457,131.89927183726468
11335,Vc:ventricle,0.3353353353353352,131.7482358802688
11336,Vc:ventricle,0.33633633633633586,131.59945855883151
11337,Vc:ventricle,0.3373373373373365,131.45293867706553
11338,Vc:ventricle,0.33833833833833893,131.30867487618244
11339,Vc:ventricle,0.3393393393393396,131.16666563973567
11340,Vc:ventricle,0.3403403403403402,131.02690929880092
11341,Vc:ventricle,0.34134134134134086,130.88940403709287
11342,Vc:ventricle,0.3423423423423415,130.7541478960173
11343,Vc:ventricle,0.34334334334334393,130.62113877965717
11344,Vc:ventricle,0.3443443443443446,130.49037445969208
11345,Vc:ventricle,0.3453453453453452,130.36185258024983
11346,Vc:ventricle,0.34634634634634587,130.23557066268955
11347,Vc:ventricle,0.3473473473473465,130.11152611031522
11348,Vc:ventricle,0.34834834834834894,129.9897162130191
11349,Vc:ventricle,0.3493493493493496,129.87013815185432
11350,Vc:ventricle,0.3503503503503502,129.75278900353567
11351,Vc:ventricle,0.35135135135135087,129.63766574486843
11352,Vc:ventricle,0.3523523523523515,129.52476525710438
11353,Vc:ventricle,0.35335335335335394,129.41408433022454
11354,Vc:ventricle,0.3543543543543546,129.30561966714816
11355,Vc:ventricle,0.35535535535535523,129.19936788786765
11356,Vc:ventricle,0.3563563563563559,129.09532553350883
11357,Vc:ventricle,0.3573573573573565,128.99348907031649
11358,Vc:ventricle,0.35835835835835894,128.89385489356468
11359,Vc:ventricle,0.3593593593593596,128.79641933139155
11360,Vc:ventricle,0.36036036036036023,128.7011786485586
11361,Vc:ventricle,0.3613613613613609,128.60812905013415
11362,Vc:ventricle,0.3623623623623615,128.51726668510076
11363,Vc:ventricle,0.36336336336336394,128.42858764988662
11364,Vc:ventricle,0.36436436436436453,128.34208799182082
11365,Vc:ventricle,0.3653653653653653,128.2577637125123
11366,Vc:ventricle,0.36636636636636594,128.17561077115275
11367,Vc:ventricle,0.3673673673673666,128.09562508774326
11368,Vc:ventricle,0.36836836836836895,128.01780254624478
11369,Vc:ventricle,0.3693693693693696,127.94213899765252
11370,Vc:ventricle,0.37037037037037024,127.86863026299449
11371,Vc:ventricle,0.3713713713713709,127.79727213625388
11372,Vc:ventricle,0.37237237237237153,127.7280603872163
11373,Vc:ventricle,0.3733733733733739,127.66099076424084
11374,Vc:ventricle,0.37437437437437454,127.59605899695627
11375,Vc:ventricle,0.3753753753753752,127.53326079888193
11376,Vc:ventricle,0.37637637637637594,127.4725918699736
11377,Vc:ventricle,0.37737737737737653,127.41404789909517
11378,Vc:ventricle,0.37837837837837895,127.3576245664154
11379,Vc:ventricle,0.3793793793793796,127.30331754573103
11380,Vc:ventricle,0.38038038038038025,127.2511225067158
11381,Vc:ventricle,0.3813813813813809,127.2010351170962
11382,Vc:ventricle,0.38238238238238154,127.15305104475414
11383,Vc:ventricle,0.383383383383384,127.10716595975646
11384,Vc:ventricle,0.38438438438438466,127.06337553631252
11385,Vc:ventricle,0.3853853853853853,127.02167545465927
11386,Vc:ventricle,0.3863863863863859,126.98206140287492
11387,Vc:ventricle,0.38738738738738654,126.94452907862116
11388,Vc:ventricle,0.38838838838838896,126.9090741908144
11389,Vc:ventricle,0.3893893893893896,126.87569246122666
11390,Vc:ventricle,0.39039039039039025,126.84437962601628
11391,Vc:ventricle,0.3913913913913909,126.8151314371888
11392,Vc:ventricle,0.39239239239239154,126.78794366398884
11393,Vc:ventricle,0.3933933933933939,126.76281209422272
11394,Vc:ventricle,0.39439439439439467,126.73973253551311
11395,Vc:ventricle,0.39539539539539525,126.7187008164854
11396,Vc:ventricle,0.3963963963963959,126.69971278788644
11397,Vc:ventricle,0.39739739739739655,126.68276432363642
11398,Vc:ventricle,0.39839839839839897,126.66785132181386
11399,Vc:ventricle,0.3993993993993996,126.6549697055744
11400,Vc:ventricle,0.40040040040040026,126.64411542400386
11401,Vc:ventricle,0.4014014014014009,126.63528445290572
11402,Vc:ventricle,0.4024024024024015,126.62847279552396
11403,Vc:ventricle,0.403403403403404,126.62362709682552
11404,Vc:ventricle,0.4044044044044046,126.61921794903036
11405,Vc:ventricle,0.40540540540540526,126.61479456941404
11406,Vc:ventricle,0.4064064064064059,126.61044747785289
11407,Vc:ventricle,0.40740740740740655,126.60615893028655
11408,Vc:ventricle,0.408408408408409,126.60193282657166
11409,Vc:ventricle,0.4094094094094096,126.59776872995282
11410,Vc:ventricle,0.41041041041041026,126.59366706291964
11411,Vc:ventricle,0.41141141141141085,126.5896280680444
11412,Vc:ventricle,0.4124124124124115,126.58565201577336
11413,Vc:ventricle,0.413413413413414,126.5817391628388
11414,Vc:ventricle,0.4144144144144146,126.57788976054547
11415,Vc:ventricle,0.41541541541541527,126.57410405308394
11416,Vc:ventricle,0.4164164164164159,126.57038227783907
11417,Vc:ventricle,0.41741741741741656,126.56672466530074
11418,Vc:ventricle,0.418418418418419,126.5631314390547
11419,Vc:ventricle,0.4194194194194196,126.55960281575864
11420,Vc:ventricle,0.4204204204204202,126.55613900512198
11421,Vc:ventricle,0.42142142142142097,126.55274020988573
11422,Vc:ventricle,0.4224224224224216,126.5494066258034
11423,Vc:ventricle,0.423423423423424,126.54613844162256
11424,Vc:ventricle,0.42442442442442463,126.54293583906696
11425,Vc:ventricle,0.4254254254254253,126.53979899281968
11426,Vc:ventricle,0.4264264264264259,126.5367280705068
11427,Vc:ventricle,0.42742742742742657,126.53372323268182
11428,Vc:ventricle,0.428428428428429,126.53078463281086
11429,Vc:ventricle,0.4294294294294296,126.52791241725852
11430,Vc:ventricle,0.4304304304304302,126.52510672527453
11431,Vc:ventricle,0.43143143143143087,126.52236768898088
11432,Vc:ventricle,0.4324324324324316,126.51969543336008
11433,Vc:ventricle,0.433433433433434,126.51709007624368
11434,Vc:ventricle,0.43443443443443464,126.5145517283018
11435,Vc:ventricle,0.4354354354354353,126.51208049303314
11436,Vc:ventricle,0.4364364364364359,126.50967646675596
11437,Vc:ventricle,0.43743743743743657,126.5073397385994
11438,Vc:ventricle,0.43843843843843894,126.50507039049594
11439,Vc:ventricle,0.4394394394394397,126.50286849717408
11440,Vc:ventricle,0.44044044044044034,126.50073412615208
11441,Vc:ventricle,0.441441441441441,126.49866733773224
11442,Vc:ventricle,0.4424424424424416,126.49666818499588
11443,Vc:ventricle,0.443443443443444,126.49473671379909
11444,Vc:ventricle,0.44444444444444464,126.49287296276891
11445,Vc:ventricle,0.4454454454454453,126.49107696330076
11446,Vc:ventricle,0.44644644644644593,126.48934873955582
11447,Vc:ventricle,0.4474474474474466,126.4876883084597
11448,Vc:ventricle,0.44844844844844894,126.48609567970152
11449,Vc:ventricle,0.4494494494494497,126.48457085573372
11450,Vc:ventricle,0.45045045045045035,126.48311383177258
11451,Vc:ventricle,0.45145145145145094,126.48172459579946
11452,Vc:ventricle,0.4524524524524516,126.4804031285626
11453,Vc:ventricle,0.453453453453454,126.47914940357974
11454,Vc:ventricle,0.45445445445445465,126.47796338714136
11455,Vc:ventricle,0.4554554554554553,126.47684503831466
11456,Vc:ventricle,0.45645645645645594,126.47579430894808
11457,Vc:ventricle,0.4574574574574566,126.47481114367665
11458,Vc:ventricle,0.45845845845845906,126.47389547992806
11459,Vc:ventricle,0.4594594594594597,126.4730472479292
11460,Vc:ventricle,0.4604604604604603,126.47226637071353
11461,Vc:ventricle,0.46146146146146094,126.4715527641292
11462,Vc:ventricle,0.4624624624624616,126.47090633684766
11463,Vc:ventricle,0.463463463463464,126.47032699037308
11464,Vc:ventricle,0.46446446446446465,126.46981461905236
11465,Vc:ventricle,0.4654654654654653,126.46936911008603
11466,Vc:ventricle,0.46646646646646595,126.46899034353952
11467,Vc:ventricle,0.46746746746746654,126.46867819235524
11468,Vc:ventricle,0.468468468468469,126.46843252236552
11469,Vc:ventricle,0.46946946946946966,126.46825319230588
11470,Vc:ventricle,0.4704704704704703,126.46814005382926
11471,Vc:ventricle,0.47147147147147095,126.46809295152076
11472,Vc:ventricle,0.4724724724724716,126.4681117229132
11473,Vc:ventricle,0.473473473473474,126.46819619850308
11474,Vc:ventricle,0.47447447447447466,126.4683462017676
11475,Vc:ventricle,0.4754754754754753,126.46856154918196
11476,Vc:ventricle,0.4764764764764759,126.46884205023773
11477,Vc:ventricle,0.47747747747747665,126.4691875074614
11478,Vc:ventricle,0.478478478478479,126.46959771643412
11479,Vc:ventricle,0.47947947947947966,126.47007246581168
11480,Vc:ventricle,0.4804804804804803,126.47061153734538
11481,Vc:ventricle,0.48148148148148096,126.4712147059036
11482,Vc:ventricle,0.4824824824824816,126.47188173949384
11483,Vc:ventricle,0.483483483483484,126.47261239928557
11484,Vc:ventricle,0.48448448448448467,126.47340643963366
11485,Vc:ventricle,0.48548548548548526,126.47426360810266
11486,Vc:ventricle,0.4864864864864859,126.4751836454914
11487,Vc:ventricle,0.48748748748748655,126.47616628585855
11488,Vc:ventricle,0.488488488488489,126.47721125654871
11489,Vc:ventricle,0.48948948948948967,126.47831827821918
11490,Vc:ventricle,0.4904904904904903,126.4794870648673
11491,Vc:ventricle,0.49149149149149096,126.48071732385864
11492,Vc:ventricle,0.4924924924924916,126.48200875595562
11493,Vc:ventricle,0.493493493493494,126.48336105534692
11494,Vc:ventricle,0.4944944944944946,126.48477390967749
11495,Vc:ventricle,0.4954954954954954,126.48624700007916
11496,Vc:ventricle,0.496496496496496,126.48778000120208
11497,Vc:ventricle,0.49749749749749667,126.48937258124654
11498,Vc:ventricle,0.49849849849849903,126.4910244019956
11499,Vc:ventricle,0.4994994994994997,126.49273511884834
11500,Vc:ventricle,0.5005005005005003,126.49450438085373
11501,Vc:ventricle,0.501501501501501,126.49633183074508
11502,Vc:ventricle,0.5025025025025016,126.49821710497532
11503,Vc:ventricle,0.503503503503504,126.5001598337526
11504,Vc:ventricle,0.5045045045045047,126.50215964107676
11505,Vc:ventricle,0.5055055055055053,126.50421614477648
11506,Vc:ventricle,0.506506506506506,126.50632895654677
11507,Vc:ventricle,0.5075075075075066,126.50849768198728
11508,Vc:ventricle,0.508508508508509,126.5107219206413
11509,Vc:ventricle,0.5095095095095097,126.51300126603527
11510,Vc:ventricle,0.5105105105105103,126.51533530571884
11511,Vc:ventricle,0.511511511511511,126.51772362130572
11512,Vc:ventricle,0.5125125125125116,126.52016578851496
11513,Vc:ventricle,0.513513513513514,126.52266137721308
11514,Vc:ventricle,0.5145145145145147,126.52520995145652
11515,Vc:ventricle,0.5155155155155153,126.52781106953492
11516,Vc:ventricle,0.516516516516516,126.53046428401488
11517,Vc:ventricle,0.5175175175175166,126.53316914178444
11518,Vc:ventricle,0.518518518518519,126.53592518409803
11519,Vc:ventricle,0.5195195195195197,126.53873194662206
11520,Vc:ventricle,0.5205205205205203,126.54158895948116
11521,Vc:ventricle,0.521521521521521,126.54449574730492
11522,Vc:ventricle,0.5225225225225216,126.54745182927525
11523,Vc:ventricle,0.523523523523524,126.55045671917443
11524,Vc:ventricle,0.5245245245245247,126.55350992543356
11525,Vc:ventricle,0.5255255255255253,126.55661095118168
11526,Vc:ventricle,0.526526526526526,126.55975929429547
11527,Vc:ventricle,0.5275275275275266,126.5629544474496
11528,Vc:ventricle,0.528528528528529,126.56619589816742
11529,Vc:ventricle,0.5295295295295297,126.56948312887243
11530,Vc:ventricle,0.5305305305305303,126.57281561694032
11531,Vc:ventricle,0.531531531531531,126.57619283475128
11532,Vc:ventricle,0.5325325325325316,126.5796142497433
11533,Vc:ventricle,0.533533533533534,126.58307932446569
11534,Vc:ventricle,0.5345345345345347,126.58658751663316
11535,Vc:ventricle,0.5355355355355353,126.59013827918083
11536,Vc:ventricle,0.536536536536536,126.5937310603192
11537,Vc:ventricle,0.5375375375375366,126.59736530359002
11538,Vc:ventricle,0.5385385385385391,126.60104044792274
11539,Vc:ventricle,0.5395395395395397,126.60475592769124
11540,Vc:ventricle,0.5405405405405403,126.60851117277129
11541,Vc:ventricle,0.541541541541541,126.6123056085984
11542,Vc:ventricle,0.5425425425425416,126.61613865622628
11543,Vc:ventricle,0.5435435435435441,126.6200097323858
11544,Vc:ventricle,0.5445445445445447,126.6239182495444
11545,Vc:ventricle,0.5455455455455454,126.62786361596598
11546,Vc:ventricle,0.546546546546546,126.63184523577152
11547,Vc:ventricle,0.5475475475475466,126.6358625089998
11548,Vc:ventricle,0.5485485485485491,126.63991483166907
11549,Vc:ventricle,0.5495495495495497,126.6440015958388
11550,Vc:ventricle,0.5505505505505504,126.64812218967212
11551,Vc:ventricle,0.551551551551551,126.65227599749868
11552,Vc:ventricle,0.5525525525525516,126.65646239987817
11553,Vc:ventricle,0.5535535535535541,126.66068077366384
11554,Vc:ventricle,0.5545545545545547,126.66493049206704
11555,Vc:ventricle,0.5555555555555554,126.6692109247218
11556,Vc:ventricle,0.556556556556556,126.67352143775013
11557,Vc:ventricle,0.5575575575575566,126.67786139382746
11558,Vc:ventricle,0.5585585585585591,126.682230152249
11559,Vc:ventricle,0.5595595595595597,126.70828773293282
11560,Vc:ventricle,0.5605605605605604,126.7832878942166
11561,Vc:ventricle,0.561561561561561,126.90894575163298
11562,Vc:ventricle,0.5625625625625617,127.08033016159578
11563,Vc:ventricle,0.5635635635635641,127.2942166299214
11564,Vc:ventricle,0.5645645645645647,127.54739165071352
11565,Vc:ventricle,0.5655655655655654,127.83694798523106
11566,Vc:ventricle,0.566566566566566,128.16019073647973
11567,Vc:ventricle,0.5675675675675667,128.51462422604294
11568,Vc:ventricle,0.5685685685685691,128.89792628798665
11569,Vc:ventricle,0.5695695695695697,129.30792805516944
11570,Vc:ventricle,0.5705705705705704,129.74259531943167
11571,Vc:ventricle,0.571571571571571,130.2000119416042
11572,Vc:ventricle,0.5725725725725717,130.67836495590302
11573,Vc:ventricle,0.5735735735735741,131.17593121099011
11574,Vc:ventricle,0.5745745745745747,131.69106537980878
11575,Vc:ventricle,0.5755755755755754,132.22218919761008
11576,Vc:ventricle,0.576576576576576,132.76778180429804
11577,Vc:ventricle,0.5775775775775767,133.32637108326497
11578,Vc:ventricle,0.5785785785785791,133.8965259026604
11579,Vc:ventricle,0.5795795795795797,134.47684917716094
11580,Vc:ventricle,0.5805805805805804,135.06597167892352
11581,Vc:ventricle,0.581581581581581,135.66254653571266
11582,Vc:ventricle,0.5825825825825817,136.2652443623444
11583,Vc:ventricle,0.5835835835835841,136.8727489787269
11584,Vc:ventricle,0.5845845845845847,137.48375367401457
11585,Vc:ventricle,0.5855855855855854,138.0969579818289
11586,Vc:ventricle,0.586586586586586,138.71106493622466
11587,Vc:ventricle,0.5875875875875867,139.32477878216488
11588,Vc:ventricle,0.5885885885885891,139.93680311777962
11589,Vc:ventricle,0.5895895895895897,140.54583944867525
11590,Vc:ventricle,0.5905905905905904,141.15058613708123
11591,Vc:ventricle,0.591591591591591,141.7497377307109
11592,Vc:ventricle,0.5925925925925917,142.34198465790772
11593,Vc:ventricle,0.5935935935935941,142.92601327698034
11594,Vc:ventricle,0.5945945945945947,143.5005062686263
11595,Vc:ventricle,0.5955955955955954,144.06414336102966
11596,Vc:ventricle,0.596596596596596,144.6156023776148
11597,Vc:ventricle,0.5975975975975967,145.15356059756812
11598,Vc:ventricle,0.5985985985985991,145.6766964191193
11599,Vc:ventricle,0.5995995995995997,146.18369131522408
11600,Vc:ventricle,0.6006006006006004,146.67328697692318
11601,Vc:ventricle,0.601601601601601,147.14532951599347
11602,Vc:ventricle,0.6026026026026017,147.60039823492346
11603,Vc:ventricle,0.6036036036036041,148.03911339339552
11604,Vc:ventricle,0.6046046046046047,148.46206069545724
11605,Vc:ventricle,0.6056056056056054,148.86980723000755
11606,Vc:ventricle,0.606606606606606,149.2628992218514
11607,Vc:ventricle,0.6076076076076067,149.6418633608134
11608,Vc:ventricle,0.6086086086086091,150.00720738881392
11609,Vc:ventricle,0.6096096096096097,150.35942080367235
11610,Vc:ventricle,0.6106106106106104,150.698975510255
11611,Vc:ventricle,0.611611611611611,151.02632645365296
11612,Vc:ventricle,0.6126126126126117,151.34191222852562
11613,Vc:ventricle,0.6136136136136141,151.64615566675897
11614,Vc:ventricle,0.6146146146146148,151.93946440396144
11615,Vc:ventricle,0.6156156156156154,152.22223142560847
11616,Vc:ventricle,0.616616616616616,152.49483559355764
11617,Vc:ventricle,0.6176176176176167,152.75764215364146
11618,Vc:ventricle,0.6186186186186191,153.01100322501748
11619,Vc:ventricle,0.6196196196196198,153.25525827193167
11620,Vc:ventricle,0.6206206206206204,153.4907345585268
11621,Vc:ventricle,0.621621621621621,153.71774758730558
11622,Vc:ventricle,0.6226226226226217,153.9366015218354
11623,Vc:ventricle,0.6236236236236241,154.1475895942617
11624,Vc:ventricle,0.6246246246246248,154.35099449817534
11625,Vc:ventricle,0.6256256256256254,154.54708876736083
11626,Vc:ventricle,0.626626626626626,154.73613514093245
11627,Vc:ventricle,0.6276276276276267,154.91838691534767
11628,Vc:ventricle,0.6286286286286291,155.0940882837695
11629,Vc:ventricle,0.6296296296296298,155.26347466323247
11630,Vc:ventricle,0.6306306306306304,155.42677301005023
11631,Vc:ventricle,0.631631631631631,155.58420212388805
11632,Vc:ventricle,0.6326326326326317,155.73597294090663
11633,Vc:ventricle,0.6336336336336341,155.88228881637116
11634,Vc:ventricle,0.6346346346346348,156.02334579710305
11635,Vc:ventricle,0.6356356356356354,156.1593328841403
11636,Vc:ventricle,0.636636636636636,156.29043228595785
11637,Vc:ventricle,0.6376376376376367,156.41681966258747
11638,Vc:ventricle,0.6386386386386391,156.53866436096416
11639,Vc:ventricle,0.6396396396396398,156.6561296418143
11640,Vc:ventricle,0.6406406406406404,156.7693728983896
11641,Vc:ventricle,0.6416416416416411,156.87854586734008
11642,Vc:ventricle,0.6426426426426417,156.98379483200816
11643,Vc:ventricle,0.6436436436436441,157.0852608184167
11644,Vc:ventricle,0.6446446446446448,157.18307978421336
11645,Vc:ventricle,0.6456456456456454,157.27738280082426
11646,Vc:ventricle,0.6466466466466461,157.3682962290614
11647,Vc:ventricle,0.6476476476476467,157.45594188841872
11648,Vc:ventricle,0.6486486486486491,157.54043722028385
11649,Vc:ventricle,0.6496496496496498,157.6218954452841
11650,Vc:ventricle,0.6506506506506504,157.70042571497763
11651,Vc:ventricle,0.6516516516516511,157.7761332580929
11652,Vc:ventricle,0.6526526526526517,157.8491195215122
11653,Vc:ventricle,0.6536536536536541,157.9194823061887
11654,Vc:ventricle,0.6546546546546548,157.9873158981785
11655,Vc:ventricle,0.6556556556556554,158.05271119496345
11656,Vc:ventricle,0.6566566566566561,158.11575582723415
11657,Vc:ventricle,0.6576576576576567,158.17653427629608
11658,Vc:ventricle,0.6586586586586591,158.23512798725628
11659,Vc:ventricle,0.6596596596596598,158.29161547814212
11660,Vc:ventricle,0.6606606606606604,158.3460724450985
11661,Vc:ventricle,0.6616616616616611,158.39857186380428
11662,Vc:ventricle,0.6626626626626617,158.44918408724382
11663,Vc:ventricle,0.6636636636636641,158.49797693996487
11664,Vc:ventricle,0.6646646646646648,158.5450158089487
11665,Vc:ventricle,0.6656656656656654,158.59036373121455
11666,Vc:ventricle,0.6666666666666661,158.63408147827556
11667,Vc:ventricle,0.6676676676676667,158.67622763755944
11668,Vc:ventricle,0.6686686686686691,158.716858690903
11669,Vc:ventricle,0.6696696696696698,158.7560290902255
11670,Vc:ventricle,0.6706706706706704,158.79379133048252
11671,Vc:ventricle,0.6716716716716711,158.83019601999783
11672,Vc:ventricle,0.6726726726726717,158.86529194826755
11673,Vc:ventricle,0.6736736736736741,158.89912615132755
11674,Vc:ventricle,0.6746746746746748,158.9317439747716
11675,Vc:ventricle,0.6756756756756754,158.96318913450455
11676,Vc:ventricle,0.6766766766766761,158.9935037753124
11677,Vc:ventricle,0.6776776776776767,159.0227285273269
11678,Vc:ventricle,0.6786786786786791,159.0509025604614
11679,Vc:ventricle,0.6796796796796798,159.07806363688994
11680,Vc:ventricle,0.6806806806806804,159.10424816164044
11681,Vc:ventricle,0.6816816816816811,159.12949123136954
11682,Vc:ventricle,0.6826826826826817,159.15382668138457
11683,Vc:ventricle,0.6836836836836842,159.17728713097551
11684,Vc:ventricle,0.6846846846846848,159.19990402711784
11685,Vc:ventricle,0.6856856856856854,159.22170768660462
11686,Vc:ventricle,0.6866866866866861,159.24272733666453
11687,Vc:ventricle,0.6876876876876867,159.26299115411996
11688,Vc:ventricle,0.6886886886886892,159.28252630313793
11689,Vc:ventricle,0.6896896896896898,159.30135897162418
11690,Vc:ventricle,0.6906906906906904,159.31951440630928
11691,Vc:ventricle,0.6916916916916911,159.33701694657387
11692,Vc:ventricle,0.6926926926926917,159.35389005705807
11693,Vc:ventricle,0.6936936936936942,159.3701563590992
11694,Vc:ventricle,0.6946946946946948,159.3858376610393
11695,Vc:ventricle,0.6956956956956954,159.40095498744364
11696,Vc:ventricle,0.6966966966966961,159.41552860726927
11697,Vc:ventricle,0.6976976976976967,159.42957806102092
11698,Vc:ventricle,0.6986986986986992,159.44312218693096
11699,Vc:ventricle,0.6996996996996998,159.45617914619874
11700,Vc:ventricle,0.7007007007007005,159.46876644732262
11701,Vc:ventricle,0.7017017017017011,159.4809009695576
11702,Vc:ventricle,0.7027027027027017,159.4925989855298
11703,Vc:ventricle,0.7037037037037042,159.5038761830384
11704,Vc:ventricle,0.7047047047047048,159.51474768607383
11705,Vc:ventricle,0.7057057057057055,159.52522807508063
11706,Vc:ventricle,0.7067067067067061,159.5353314064922
11707,Vc:ventricle,0.7077077077077067,159.54507123156327
11708,Vc:ventricle,0.7087087087087092,159.5544606145258
11709,Vc:ventricle,0.7097097097097098,159.56351215009215
11710,Vc:ventricle,0.7107107107107105,159.57223798032933
11711,Vc:ventricle,0.7117117117117111,159.58064981092667
11712,Vc:ventricle,0.7127127127127117,159.58875892687905
11713,Vc:ventricle,0.7137137137137142,159.59657620760623
11714,Vc:ventricle,0.7147147147147148,159.60411214152907
11715,Vc:ventricle,0.7157157157157155,159.61137684012166
11716,Vc:ventricle,0.7167167167167161,159.61838005145856
11717,Vc:ventricle,0.7177177177177168,159.6251311732751
11718,Vc:ventricle,0.7187187187187192,159.6316392655583
11719,Vc:ventricle,0.7197197197197198,159.63791306268553
11720,Vc:ventricle,0.7207207207207205,159.64396098512626
11721,Vc:ventricle,0.7217217217217211,159.64979115072413
11722,Vc:ventricle,0.7227227227227218,159.65541138557285
11723,Vc:ventricle,0.7237237237237242,159.66082923450156
11724,Vc:ventricle,0.7247247247247248,159.66605197118332
11725,Vc:ventricle,0.7257257257257255,159.6710866078802
11726,Vc:ventricle,0.7267267267267261,159.67593990483823
11727,Vc:ventricle,0.7277277277277268,159.68061837934474
11728,Vc:ventricle,0.7287287287287291,159.68512831446003
11729,Vc:ventricle,0.7297297297297297,159.68947576743545
11730,Vc:ventricle,0.7307307307307304,159.69378787183936
11731,Vc:ventricle,0.7317317317317312,159.69810503345522
11732,Vc:ventricle,0.7327327327327319,159.70242060317267
11733,Vc:ventricle,0.7337337337337343,159.7067359108998
11734,Vc:ventricle,0.7347347347347348,159.71105069074645
11735,Vc:ventricle,0.7357357357357355,159.7153649959805
11736,Vc:ventricle,0.7367367367367361,159.71967881603817
11737,Vc:ventricle,0.7377377377377385,159.7239921531215
11738,Vc:ventricle,0.7387387387387392,159.72830500687897
11739,Vc:ventricle,0.7397397397397398,159.73261737746952
11740,Vc:ventricle,0.7407407407407405,159.73692926494957
11741,Vc:ventricle,0.7417417417417411,159.7412406693957
11742,Vc:ventricle,0.7427427427427435,159.74555159088
11743,Vc:ventricle,0.7437437437437442,159.7498620294753
11744,Vc:ventricle,0.7447447447447448,159.7541719852538
11745,Vc:ventricle,0.7457457457457455,159.75848145828755
11746,Vc:ventricle,0.7467467467467461,159.76279044864825
11747,Vc:ventricle,0.7477477477477484,159.76709895640735
11748,Vc:ventricle,0.7487487487487491,159.77140698163603
11749,Vc:ventricle,0.7497497497497497,159.77571452440523
11750,Vc:ventricle,0.7507507507507504,159.7800215847856
11751,Vc:ventricle,0.7517517517517512,159.78432816284752
11752,Vc:ventricle,0.7527527527527536,159.78863425866112
11753,Vc:ventricle,0.7537537537537542,159.79293987229627
11754,Vc:ventricle,0.7547547547547548,159.79724500382264
11755,Vc:ventricle,0.7557557557557555,159.80154965330956
11756,Vc:ventricle,0.7567567567567561,159.80585382082623
11757,Vc:ventricle,0.7577577577577586,159.8101575064415
11758,Vc:ventricle,0.7587587587587592,159.81446071022407
11759,Vc:ventricle,0.7597597597597598,159.81876343224235
11760,Vc:ventricle,0.7607607607607605,159.82306567256455
11761,Vc:ventricle,0.7617617617617611,159.82736743125864
11762,Vc:ventricle,0.7627627627627636,159.83166870839236
11763,Vc:ventricle,0.7637637637637642,159.83596950403324
11764,Vc:ventricle,0.7647647647647648,159.8402698182486
11765,Vc:ventricle,0.7657657657657655,159.8445696511055
11766,Vc:ventricle,0.766766766766766,159.84886900267085
11767,Vc:ventricle,0.7677677677677687,159.85316787301133
11768,Vc:ventricle,0.7687687687687693,159.85746626219336
11769,Vc:ventricle,0.76976976976977,159.86176417028324
11770,Vc:ventricle,0.7707707707707706,159.866061597347
11771,Vc:ventricle,0.7717717717717713,159.8703585434505
11772,Vc:ventricle,0.7727727727727736,159.8746550086594
11773,Vc:ventricle,0.7737737737737742,159.87895099303918
11774,Vc:ventricle,0.7747747747747749,159.88324649665512
11775,Vc:ventricle,0.7757757757757755,159.8875415195723
11776,Vc:ventricle,0.7767767767767761,159.89183606185563
11777,Vc:ventricle,0.7777777777777786,159.8961301235698
11778,Vc:ventricle,0.7787787787787792,159.9004237047794
11779,Vc:ventricle,0.7797797797797799,159.90471680554873
11780,Vc:ventricle,0.7807807807807805,159.909009425942
11781,Vc:ventricle,0.7817817817817811,159.91330156602325
11782,Vc:ventricle,0.7827827827827836,159.91759322585628
11783,Vc:ventricle,0.7837837837837841,159.92188440550476
11784,Vc:ventricle,0.7847847847847848,159.9261751050322
11785,Vc:ventricle,0.7857857857857854,159.93046532450194
11786,Vc:ventricle,0.786786786786786,159.93475506397712
11787,Vc:ventricle,0.7877877877877887,159.9390443235208
11788,Vc:ventricle,0.7887887887887893,159.94333310319578
11789,Vc:ventricle,0.78978978978979,159.94762140306483
11790,Vc:ventricle,0.7907907907907905,159.95190922319043
11791,Vc:ventricle,0.7917917917917912,159.956196563635
11792,Vc:ventricle,0.7927927927927936,159.96048342446076
11793,Vc:ventricle,0.7937937937937942,159.96476980572984
11794,Vc:ventricle,0.7947947947947949,159.96905570750417
11795,Vc:ventricle,0.7957957957957955,159.97334112984552
11796,Vc:ventricle,0.7967967967967962,159.97762607281558
11797,Vc:ventricle,0.7977977977977986,159.98191053647588
11798,Vc:ventricle,0.7987987987987992,159.98619452088778
11799,Vc:ventricle,0.7997997997997999,159.99047802611253
11800,Vc:ventricle,0.8008008008008005,159.9947610522112
11801,Vc:ventricle,0.8018018018018012,159.99904359924483
11802,Vc:ventricle,0.8028028028028035,160.00332566727425
11803,Vc:ventricle,0.8038038038038041,160.0076072563601
11804,Vc:ventricle,0.8048048048048048,160.01188836656306
11805,Vc:ventricle,0.8058058058058054,160.0161689979435
11806,Vc:ventricle,0.806806806806806,160.02044915056183
11807,Vc:ventricle,0.8078078078078086,160.02472882447822
11808,Vc:ventricle,0.8088088088088092,160.02900801975278
11809,Vc:ventricle,0.8098098098098099,160.03328673644546
11810,Vc:ventricle,0.8108108108108105,160.03756497461612
11811,Vc:ventricle,0.8118118118118112,160.0418427343245
11812,Vc:ventricle,0.8128128128128136,160.04612001563018
11813,Vc:ventricle,0.8138138138138142,160.0503968185927
11814,Vc:ventricle,0.8148148148148149,160.05467314327146
11815,Vc:ventricle,0.8158158158158155,160.05894898972574
11816,Vc:ventricle,0.8168168168168162,160.06322435801468
11817,Vc:ventricle,0.8178178178178186,160.06749924819735
11818,Vc:ventricle,0.8188188188188192,160.07177366033272
11819,Vc:ventricle,0.8198198198198199,160.07604759447963
11820,Vc:ventricle,0.8208208208208205,160.08032105069685
11821,Vc:ventricle,0.8218218218218212,160.08459402904302
11822,Vc:ventricle,0.8228228228228237,160.08886652957665
11823,Vc:ventricle,0.8238238238238244,160.0931385523562
11824,Vc:ventricle,0.824824824824825,160.09741009744005
11825,Vc:ventricle,0.8258258258258256,160.1016811648864
11826,Vc:ventricle,0.8268268268268263,160.10595175475342
11827,Vc:ventricle,0.8278278278278286,160.11022186709917
11828,Vc:ventricle,0.8288288288288292,160.1144915019816
11829,Vc:ventricle,0.8298298298298299,160.11876065945862
11830,Vc:ventricle,0.8308308308308305,160.12302933958796
11831,Vc:ventricle,0.8318318318318312,160.12729754242733
11832,Vc:ventricle,0.8328328328328336,160.13156526803434
11833,Vc:ventricle,0.8338338338338342,160.13583251646648
11834,Vc:ventricle,0.8348348348348349,160.1400992877812
11835,Vc:ventricle,0.8358358358358355,160.14436558203585
11836,Vc:ventricle,0.8368368368368362,160.14863139928764
11837,Vc:ventricle,0.8378378378378386,160.1528967395938
11838,Vc:ventricle,0.8388388388388393,160.15716160301136
11839,Vc:ventricle,0.8398398398398398,160.16142598959738
11840,Vc:ventricle,0.8408408408408404,160.16568989940876
11841,Vc:ventricle,0.8418418418418411,160.16995333250236
11842,Vc:ventricle,0.8428428428428437,160.17421628893496
11843,Vc:ventricle,0.8438438438438444,160.17847876876323
11844,Vc:ventricle,0.844844844844845,160.1827407720438
11845,Vc:ventricle,0.8458458458458455,160.18700229883325
11846,Vc:ventricle,0.8468468468468462,160.191263349188
11847,Vc:ventricle,0.8478478478478486,160.19552392316447
11848,Vc:ventricle,0.8488488488488493,160.19978402081898
11849,Vc:ventricle,0.8498498498498499,160.20404364220778
11850,Vc:ventricle,0.8508508508508505,160.20830278738703
11851,Vc:ventricle,0.8518518518518512,160.2125614564129
11852,Vc:ventricle,0.8528528528528536,160.21681964934135
11853,Vc:ventricle,0.8538538538538543,160.22107736622846
11854,Vc:ventricle,0.8548548548548549,160.22533460713004
11855,Vc:ventricle,0.8558558558558556,160.22959137210196
11856,Vc:ventricle,0.8568568568568562,160.23384766120003
11857,Vc:ventricle,0.8578578578578585,160.2381034744799
11858,Vc:ventricle,0.8588588588588592,160.2423588119973
11859,Vc:ventricle,0.8598598598598598,160.24661367380773
11860,Vc:ventricle,0.8608608608608604,160.25086805996676
11861,Vc:ventricle,0.8618618618618611,160.25512197052987
11862,Vc:ventricle,0.8628628628628637,160.25937540555242
11863,Vc:ventricle,0.8638638638638643,160.26362836508977
11864,Vc:ventricle,0.8648648648648649,160.2678808491972
11865,Vc:ventricle,0.8658658658658656,160.27213285792993
11866,Vc:ventricle,0.8668668668668662,160.27638439134313
11867,Vc:ventricle,0.8678678678678686,160.2806354494919
11868,Vc:ventricle,0.8688688688688693,160.28488603243133
11869,Vc:ventricle,0.8698698698698699,160.28913614021636
11870,Vc:ventricle,0.8708708708708706,160.29338577290196
11871,Vc:ventricle,0.8718718718718712,160.297634930543
11872,Vc:ventricle,0.8728728728728736,160.30188361319435
11873,Vc:ventricle,0.8738738738738743,160.30613182091076
11874,Vc:ventricle,0.8748748748748749,160.31037955374697
11875,Vc:ventricle,0.8758758758758756,160.31462681175768
11876,Vc:ventricle,0.8768768768768762,160.31887359499748
11877,Vc:ventricle,0.8778778778778785,160.32311990352096
11878,Vc:ventricle,0.8788788788788794,160.32736573738265
11879,Vc:ventricle,0.87987987987988,160.33161109663703
11880,Vc:ventricle,0.8808808808808807,160.3358559813385
11881,Vc:ventricle,0.8818818818818813,160.34010039154148
11882,Vc:ventricle,0.8828828828828836,160.3443443273003
11883,Vc:ventricle,0.8838838838838843,160.34858778866922
11884,Vc:ventricle,0.8848848848848849,160.3528307757025
11885,Vc:ventricle,0.8858858858858856,160.35707328845433
11886,Vc:ventricle,0.8868868868868862,160.36131532697885
11887,Vc:ventricle,0.8878878878878886,160.3655568913302
11888,Vc:ventricle,0.8888888888888893,160.3697979815624
11889,Vc:ventricle,0.8898898898898899,160.37403859772948
11890,Vc:ventricle,0.8908908908908906,160.37827873988545
11891,Vc:ventricle,0.8918918918918912,160.3825184080842
11892,Vc:ventricle,0.8928928928928936,160.38675760237962
11893,Vc:ventricle,0.8938938938938943,160.39099632282557
11894,Vc:ventricle,0.8948948948948949,160.3952345694759
11895,Vc:ventricle,0.8958958958958955,160.3994723423843
11896,Vc:ventricle,0.8968968968968961,160.40370964160456
11897,Vc:ventricle,0.8978978978978985,160.40794646719033
11898,Vc:ventricle,0.8988988988988994,160.41218281919527
11899,Vc:ventricle,0.8998998998999,160.41641869767298
11900,Vc:ventricle,0.9009009009009005,160.42065410267708
11901,Vc:ventricle,0.9019019019019012,160.42488903426104
11902,Vc:ventricle,0.9029029029029036,160.4291234924784
11903,Vc:ventricle,0.9039039039039043,160.4333574773826
11904,Vc:ventricle,0.9049049049049048,160.4375909890271
11905,Vc:ventricle,0.9059059059059056,160.44182402746523
11906,Vc:ventricle,0.9069069069069062,160.44605659275038
11907,Vc:ventricle,0.9079079079079087,160.45028868493586
11908,Vc:ventricle,0.9089089089089091,160.45452030407495
11909,Vc:ventricle,0.90990990990991,160.4587514502209
11910,Vc:ventricle,0.9109109109109106,160.4629821234269
11911,Vc:ventricle,0.9119119119119112,160.4672123237462
11912,Vc:ventricle,0.9129129129129137,160.4714420512319
11913,Vc:ventricle,0.9139139139139144,160.47567130593708
11914,Vc:ventricle,0.9149149149149148,160.4799000879149
11915,Vc:ventricle,0.9159159159159157,160.48412839721837
11916,Vc:ventricle,0.9169169169169161,160.4883562339005
11917,Vc:ventricle,0.9179179179179188,160.4925835980143
11918,Vc:ventricle,0.9189189189189192,160.4968104896127
11919,Vc:ventricle,0.91991991991992,160.50103690874863
11920,Vc:ventricle,0.9209209209209205,160.50526285547502
11921,Vc:ventricle,0.9219219219219212,160.50948832984471
11922,Vc:ventricle,0.9229229229229237,160.51371333191054
11923,Vc:ventricle,0.9239239239239245,160.5179378617253
11924,Vc:ventricle,0.9249249249249248,160.52216191934178
11925,Vc:ventricle,0.9259259259259256,160.52638550481274
11926,Vc:ventricle,0.9269269269269262,160.53060861819088
11927,Vc:ventricle,0.9279279279279287,160.53483125952891
11928,Vc:ventricle,0.9289289289289293,160.5390534288795
11929,Vc:ventricle,0.9299299299299301,160.5432751262953
11930,Vc:ventricle,0.9309309309309306,160.5474963518289
11931,Vc:ventricle,0.9319319319319312,160.55171710553287
11932,Vc:ventricle,0.9329329329329336,160.55593738745978
11933,Vc:ventricle,0.9339339339339344,160.56015719766216
11934,Vc:ventricle,0.9349349349349348,160.56437653619253
11935,Vc:ventricle,0.9359359359359357,160.56859540310336
11936,Vc:ventricle,0.9369369369369364,160.5728137984471
11937,Vc:ventricle,0.9379379379379387,160.5770317222762
11938,Vc:ventricle,0.9389389389389392,160.58124917464303
11939,Vc:ventricle,0.93993993993994,160.58546615560002
11940,Vc:ventricle,0.9409409409409406,160.58968266519946
11941,Vc:ventricle,0.9419419419419413,160.59389870349372
11942,Vc:ventricle,0.9429429429429437,160.59811427053512
11943,Vc:ventricle,0.9439439439439444,160.60232936637593
11944,Vc:ventricle,0.9449449449449449,160.6065439910684
11945,Vc:ventricle,0.9459459459459456,160.6107581446648
11946,Vc:ventricle,0.9469469469469463,160.61497182721732
11947,Vc:ventricle,0.9479479479479487,160.61918503877814
11948,Vc:ventricle,0.9489489489489493,160.62339777939945
11949,Vc:ventricle,0.9499499499499501,160.6276100491334
11950,Vc:ventricle,0.9509509509509506,160.63182184803213
11951,Vc:ventricle,0.9519519519519511,160.63603317614772
11952,Vc:ventricle,0.9529529529529536,160.64024403353224
11953,Vc:ventricle,0.9539539539539544,160.6444544202378
11954,Vc:ventricle,0.9549549549549549,160.6486643363164
11955,Vc:ventricle,0.9559559559559557,160.65287378182006
11956,Vc:ventricle,0.9569569569569564,160.6570827568008
11957,Vc:ventricle,0.9579579579579587,160.66129126131062
11958,Vc:ventricle,0.9589589589589592,160.66549929540145
11959,Vc:ventricle,0.95995995995996,160.66970685912523
11960,Vc:ventricle,0.9609609609609606,160.6739139525339
11961,Vc:ventricle,0.9619619619619613,160.67812057567932
11962,Vc:ventricle,0.9629629629629637,160.6823267286134
11963,Vc:ventricle,0.9639639639639644,160.686532411388
11964,Vc:ventricle,0.9649649649649648,160.69073762405495
11965,Vc:ventricle,0.9659659659659656,160.6949423666661
11966,Vc:ventricle,0.9669669669669663,160.69914663927327
11967,Vc:ventricle,0.9679679679679687,160.7033504419282
11968,Vc:ventricle,0.9689689689689693,160.70755377468265
11969,Vc:ventricle,0.9699699699699701,160.71175663758842
11970,Vc:ventricle,0.9709709709709705,160.7159590306972
11971,Vc:ventricle,0.9719719719719712,160.72016095406073
11972,Vc:ventricle,0.9729729729729738,160.72436240773072
11973,Vc:ventricle,0.9739739739739744,160.72856339175885
11974,Vc:ventricle,0.9749749749749749,160.7327639061967
11975,Vc:ventricle,0.9759759759759756,160.73696395109602
11976,Vc:ventricle,0.9769769769769763,160.7411635265084
11977,Vc:ventricle,0.9779779779779789,160.74536263248544
11978,Vc:ventricle,0.9789789789789792,160.74956126907875
11979,Vc:ventricle,0.9799799799799802,160.75375943633992
11980,Vc:ventricle,0.9809809809809806,160.7579571343205
11981,Vc:ventricle,0.9819819819819813,160.76215436307203
11982,Vc:ventricle,0.9829829829829837,160.76635112264606
11983,Vc:ventricle,0.9839839839839845,160.77054741309408
11984,Vc:ventricle,0.984984984984985,160.7747432344676
11985,Vc:ventricle,0.9859859859859856,160.7789385868181
11986,Vc:ventricle,0.9869869869869863,160.78313347019707
11987,Vc:ventricle,0.9879879879879888,160.78732788465592
11988,Vc:ventricle,0.9889889889889892,160.79152183024613
11989,Vc:ventricle,0.9899899899899901,160.7957153070191
11990,Vc:ventricle,0.9909909909909907,160.79990831502624
11991,Vc:ventricle,0.9919919919919914,160.80410085431896
11992,Vc:ventricle,0.9929929929929936,160.80829292494863
11993,Vc:ventricle,0.9939939939939944,160.8124845269666
11994,Vc:ventricle,0.994994994994995,160.8166756604242
11995,Vc:ventricle,0.9959959959959956,160.82086632537283
11996,Vc:ventricle,0.9969969969969963,160.82505652186376
11997,Vc:ventricle,0.9979979979979989,160.8292462499483
11998,Vc:ventricle,0.9989989989989992,160.83343550967777
11999,Vc:ventricle,1.0,160.83762430110343
