parameter,branch,compliance_model,parameter_value,baseline_parameter_value,delta_parameter,relative_parameter_change,metric,metric_value,baseline_metric_value,delta_metric,relative_metric_change,sensitivity
alpha,lpa,constant,0.1,0.8,-0.7000000000000001,-0.875,mpa_systolic,4006.8302860061076,3930.6512619063146,76.17902409979297,0.019380763904973633,-0.02214944446282701
alpha,lpa,constant,0.1,0.8,-0.7000000000000001,-0.875,mpa_diastolic,-16.495015166377232,4.679746225352589,-21.17476139172982,-4.5247670219840685,5.171162310838936
alpha,lpa,constant,0.1,0.8,-0.7000000000000001,-0.875,mpa_mean,831.1485273335132,812.7413177002337,18.407209633279535,0.02264830055074022,-0.025883772057988825
alpha,lpa,constant,0.1,0.8,-0.7000000000000001,-0.875,rpa_split,0.46376402113368026,0.5,-0.03623597886631974,-0.07247195773263948,0.08282509455158797
alpha,lpa,constant,0.1,0.8,-0.7000000000000001,-0.875,lpa_split,0.5362359788663198,0.5,0.036235978866319796,0.07247195773263959,-0.08282509455158811
alpha,lpa,constant,0.12,0.8,-0.68,-0.85,mpa_systolic,3988.0780408049886,3930.6512619063146,57.426778898674,0.01460999083160147,-0.017188224507766435
alpha,lpa,constant,0.12,0.8,-0.68,-0.85,mpa_diastolic,-6.59162677387112,4.679746225352589,-11.271372999223708,-2.408543638148772,2.8335807507632613
alpha,lpa,constant,0.12,0.8,-0.68,-0.85,mpa_mean,825.534545574727,812.7413177002337,12.793227874493255,0.015740836101077644,-0.01851863070715017
alpha,lpa,constant,0.12,0.8,-0.68,-0.85,rpa_split,0.4773177147133951,0.5,-0.022682285286604875,-0.04536457057320975,0.05337008302730559
alpha,lpa,constant,0.12,0.8,-0.68,-0.85,lpa_split,0.5226822852866049,0.5,0.022682285286604875,0.04536457057320975,-0.05337008302730559
alpha,lpa,constant,0.14,0.8,-0.66,-0.825,mpa_systolic,3971.1048568114397,3930.6512619063146,40.4535949051251,0.010291830083523013,-0.012474945555785471
alpha,lpa,constant,0.14,0.8,-0.66,-0.825,mpa_diastolic,-1.6031607232848777,4.679746225352589,-6.282906948637466,-1.3425742863148715,1.6273627712907535
alpha,lpa,constant,0.14,0.8,-0.66,-0.825,mpa_mean,821.6814920365251,812.7413177002337,8.94017433629142,0.011000024413166179,-0.013333362925049915
alpha,lpa,constant,0.14,0.8,-0.66,-0.825,rpa_split,0.48693669604840545,0.5,-0.013063303951594551,-0.026126607903189103,0.031668615640229214
alpha,lpa,constant,0.14,0.8,-0.66,-0.825,lpa_split,0.5130633039515946,0.5,0.013063303951594607,0.026126607903189214,-0.03166861564022935
alpha,lpa,constant,0.16,0.8,-0.64,-0.7999999999999999,mpa_systolic,3958.62718039721,3930.6512619063146,27.97591849089531,0.007117374864064475,-0.008896718580080594
alpha,lpa,constant,0.16,0.8,-0.64,-0.7999999999999999,mpa_diastolic,1.021278316656946,4.679746225352589,-3.658467908695643,-0.7817663036674604,0.9772078795843255
alpha,lpa,constant,0.16,0.8,-0.64,-0.7999999999999999,mpa_mean,819.0967091274937,812.7413177002337,6.355391427259974,0.007819697717895592,-0.009774622147369492
alpha,lpa,constant,0.16,0.8,-0.64,-0.7999999999999999,rpa_split,0.49257675600627404,0.5,-0.007423243993725959,-0.014846487987451917,0.018558109984314897
alpha,lpa,constant,0.16,0.8,-0.64,-0.7999999999999999,lpa_split,0.507423243993726,0.5,0.007423243993725959,0.014846487987451917,-0.018558109984314897
alpha,lpa,constant,0.18,0.8,-0.6200000000000001,-0.7750000000000001,mpa_systolic,3977.345190349724,3930.6512619063146,46.69392844340928,0.011879438121601082,-0.015328307253678813
alpha,lpa,constant,0.18,0.8,-0.6200000000000001,-0.7750000000000001,mpa_diastolic,-3.1963093708447343,4.679746225352589,-7.8760555961973235,-1.6830091241975227,2.1716246763839
alpha,lpa,constant,0.18,0.8,-0.6200000000000001,-0.7750000000000001,mpa_mean,823.0820791406138,812.7413177002337,10.340761440380106,0.01272331209841866,-0.016417176901185365
alpha,lpa,constant,0.18,0.8,-0.6200000000000001,-0.7750000000000001,rpa_split,0.48373202000341925,0.5,-0.01626797999658075,-0.0325359599931615,0.04198188386214387
alpha,lpa,constant,0.18,0.8,-0.6200000000000001,-0.7750000000000001,lpa_split,0.5162679799965808,0.5,0.016267979996580806,0.03253595999316161,-0.04198188386214401
alpha,lpa,constant,0.2,0.8,-0.6000000000000001,-0.7500000000000001,mpa_systolic,3966.4148029553926,3930.6512619063146,35.76354104907796,0.009098629887540089,-0.012131506516720117
alpha,lpa,constant,0.2,0.8,-0.6000000000000001,-0.7500000000000001,mpa_diastolic,-0.5252258523563407,4.679746225352589,-5.20497207770893,-1.1122338321490433,1.4829784428653907
alpha,lpa,constant,0.2,0.8,-0.6000000000000001,-0.7500000000000001,mpa_mean,820.7450276765712,812.7413177002337,8.003709976337518,0.009847795112699752,-0.013130393483599668
alpha,lpa,constant,0.2,0.8,-0.6000000000000001,-0.7500000000000001,rpa_split,0.48927246004583913,0.5,-0.01072753995416087,-0.02145507990832174,0.028606773211095646
alpha,lpa,constant,0.2,0.8,-0.6000000000000001,-0.7500000000000001,lpa_split,0.5107275399541609,0.5,0.01072753995416087,0.02145507990832174,-0.028606773211095646
alpha,lpa,constant,0.22,0.8,-0.5800000000000001,-0.7250000000000001,mpa_systolic,3957.9387175436154,3930.6512619063146,27.28745563730081,0.00694222250184229,-0.009575479312885915
alpha,lpa,constant,0.22,0.8,-0.5800000000000001,-0.7250000000000001,mpa_diastolic,1.1679693137686886,4.679746225352589,-3.5117769115839,-0.7504203737712958,1.035062584512132
alpha,lpa,constant,0.22,0.8,-0.5800000000000001,-0.7250000000000001,mpa_mean,818.9871220962112,812.7413177002337,6.24580439597753,0.007684861418945594,-0.010599808853718059
alpha,lpa,constant,0.22,0.8,-0.5800000000000001,-0.7250000000000001,rpa_split,0.4929427979865807,0.5,-0.007057202013419306,-0.014114404026838612,0.019468143485294635
alpha,lpa,constant,0.22,0.8,-0.5800000000000001,-0.7250000000000001,lpa_split,0.5070572020134193,0.5,0.007057202013419306,0.014114404026838612,-0.019468143485294635
alpha,lpa,constant,0.24,0.8,-0.56,-0.7000000000000001,mpa_systolic,3951.505655059487,3930.6512619063146,20.85439315317217,0.005305582144944108,-0.007579403064205867
alpha,lpa,constant,0.24,0.8,-0.56,-0.7000000000000001,mpa_diastolic,2.2770249183847477,4.679746225352589,-2.402721306967841,-0.5134298295815841,0.7334711851165486
alpha,lpa,constant,0.24,0.8,-0.56,-0.7000000000000001,mpa_mean,817.6344628104874,812.7413177002337,4.893145110253727,0.006020544303197937,-0.008600777575997053
alpha,lpa,constant,0.24,0.8,-0.56,-0.7000000000000001,rpa_split,0.49533858441258116,0.5,-0.004661415587418838,-0.009322831174837676,0.013318330249768107
alpha,lpa,constant,0.24,0.8,-0.56,-0.7000000000000001,lpa_split,0.5046614155874188,0.5,0.004661415587418838,0.009322831174837676,-0.013318330249768107
alpha,lpa,constant,0.26,0.8,-0.54,-0.675,mpa_systolic,3946.65106075785,3930.6512619063146,15.99979885153516,0.0040705210880945634,-0.006030401611991945
alpha,lpa,constant,0.26,0.8,-0.54,-0.675,mpa_diastolic,3.0288319247854383,4.679746225352589,-1.6509143005671505,-0.35277859547667345,0.5226349562617384
alpha,lpa,constant,0.26,0.8,-0.54,-0.675,mpa_mean,816.5833629520088,812.7413177002337,3.842045251775062,0.00472726705053789,-0.007003358593389466
alpha,lpa,constant,0.26,0.8,-0.54,-0.675,rpa_split,0.49690551272425065,0.5,-0.003094487275749347,-0.006188974551498694,0.009168851187405472
alpha,lpa,constant,0.26,0.8,-0.54,-0.675,lpa_split,0.5030944872757493,0.5,0.003094487275749347,0.006188974551498694,-0.009168851187405472
alpha,lpa,constant,0.28,0.8,-0.52,-0.65,mpa_systolic,3972.2925769715707,3930.6512619063146,41.641315065256094,0.010593998879732872,-0.01629845981497365
alpha,lpa,constant,0.28,0.8,-0.52,-0.65,mpa_diastolic,-1.6631808166070916,4.679746225352589,-6.342927041959681,-1.3553997880476483,2.085230443150228
alpha,lpa,constant,0.28,0.8,-0.52,-0.65,mpa_mean,822.1096562185375,812.7413177002337,9.368338518303744,0.01152683924672709,-0.0177335988411186
alpha,lpa,constant,0.28,0.8,-0.52,-0.65,rpa_split,0.48706018058791095,0.5,-0.012939819412089049,-0.025879638824178097,0.039814828960273996
alpha,lpa,constant,0.28,0.8,-0.52,-0.65,lpa_split,0.5129398194120891,0.5,0.012939819412089104,0.02587963882417821,-0.03981482896027416
alpha,lpa,constant,0.3,0.8,-0.5,-0.625,mpa_systolic,3965.405654102958,3930.6512619063146,34.754392196643494,0.008841891554578684,-0.014147026487325895
alpha,lpa,constant,0.3,0.8,-0.5,-0.625,mpa_diastolic,-0.11495665626965504,4.679746225352589,-4.794702881622244,-1.0245647201224022,1.6393035521958434
alpha,lpa,constant,0.3,0.8,-0.5,-0.625,mpa_mean,820.6483029281086,812.7413177002337,7.906985227874884,0.009728784615317473,-0.015566055384507957
alpha,lpa,constant,0.3,0.8,-0.5,-0.625,rpa_split,0.49034098650301045,0.5,-0.009659013496989555,-0.01931802699397911,0.030908843190366575
alpha,lpa,constant,0.3,0.8,-0.5,-0.625,lpa_split,0.5096590134969896,0.5,0.00965901349698961,0.01931802699397922,-0.030908843190366752
alpha,lpa,constant,0.32,0.8,-0.48000000000000004,-0.6,mpa_systolic,3953.666436143711,3930.6512619063146,23.015174237396423,0.005855308116608229,-0.009758846861013715
alpha,lpa,constant,0.32,0.8,-0.48000000000000004,-0.6,mpa_diastolic,2.0189866167572563,4.679746225352589,-2.6607596085953324,-0.5685692087704737,0.9476153479507895
alpha,lpa,constant,0.32,0.8,-0.48000000000000004,-0.6,mpa_mean,818.1569798956017,812.7413177002337,5.415662195367986,0.006663451306612991,-0.011105752177688319
alpha,lpa,constant,0.32,0.8,-0.48000000000000004,-0.6,rpa_split,0.494897834014379,0.5,-0.005102165985621021,-0.010204331971242042,0.017007219952070073
alpha,lpa,constant,0.32,0.8,-0.48000000000000004,-0.6,lpa_split,0.505102165985621,0.5,0.005102165985620966,0.010204331971241931,-0.017007219952069885
alpha,lpa,constant,0.34,0.8,-0.46,-0.575,mpa_systolic,3948.8153042882864,3930.6512619063146,18.16404238197174,0.004621127943353188,-0.008036744249309892
alpha,lpa,constant,0.34,0.8,-0.46,-0.575,mpa_diastolic,2.7859320127541816,4.679746225352589,-1.8938142125984072,-0.4046831006217053,0.7037966967334006
alpha,lpa,constant,0.34,0.8,-0.46,-0.575,mpa_mean,817.1055768968797,812.7413177002337,4.364259196646003,0.005369801069047764,-0.009338784467909155
alpha,lpa,constant,0.34,0.8,-0.46,-0.575,rpa_split,0.49651013780872044,0.5,-0.003489862191279558,-0.006979724382559116,0.012138651100102812
alpha,lpa,constant,0.34,0.8,-0.46,-0.575,lpa_split,0.5034898621912796,0.5,0.003489862191279558,0.006979724382559116,-0.012138651100102812
alpha,lpa,constant,0.36,0.8,-0.44000000000000006,-0.55,mpa_systolic,3944.8951270228467,3930.6512619063146,14.243865116532106,0.003623792640821566,-0.006588713892402847
alpha,lpa,constant,0.36,0.8,-0.44000000000000006,-0.55,mpa_diastolic,3.353242226297026,4.679746225352589,-1.326503999055563,-0.28345639596207367,0.5153752653855884
alpha,lpa,constant,0.36,0.8,-0.44000000000000006,-0.55,mpa_mean,816.2301803813519,812.7413177002337,3.488862681118235,0.004292709875991618,-0.007804927047257487
alpha,lpa,constant,0.36,0.8,-0.44000000000000006,-0.55,rpa_split,0.49764055027270293,0.5,-0.0023594497272970694,-0.004718899454594139,0.00857981719017116
alpha,lpa,constant,0.36,0.8,-0.44000000000000006,-0.55,lpa_split,0.5023594497272971,0.5,0.0023594497272970694,0.004718899454594139,-0.00857981719017116
alpha,lpa,constant,0.38,0.8,-0.42000000000000004,-0.525,mpa_systolic,3941.728086654557,3930.6512619063146,11.076824748242416,0.0028180634734993764,-0.005367739949522622
alpha,lpa,constant,0.38,0.8,-0.42000000000000004,-0.525,mpa_diastolic,3.7811789563611407,4.679746225352589,-0.8985672689914481,-0.1920119651196998,0.3657370764184758
alpha,lpa,constant,0.38,0.8,-0.42000000000000004,-0.525,mpa_mean,815.500600752178,812.7413177002337,2.759283051944294,0.0033950323329839747,-0.006466728253302809
alpha,lpa,constant,0.38,0.8,-0.42000000000000004,-0.525,rpa_split,0.49841928978214683,0.5,-0.0015807102178531651,-0.0031614204357063302,0.0060217532108692
alpha,lpa,constant,0.38,0.8,-0.42000000000000004,-0.525,lpa_split,0.5015807102178531,0.5,0.0015807102178531096,0.0031614204357062192,-0.006021753210868988
alpha,lpa,constant,0.4,0.8,-0.4,-0.5,mpa_systolic,3939.169137091725,3930.6512619063146,8.517875185410503,0.00216703915403562,-0.00433407830807124
alpha,lpa,constant,0.4,0.8,-0.4,-0.5,mpa_diastolic,4.087568710968469,4.679746225352589,-0.5921775143841197,-0.1265405186238497,0.2530810372476994
alpha,lpa,constant,0.4,0.8,-0.4,-0.5,mpa_mean,814.8930973012259,812.7413177002337,2.1517796009921994,0.002647557782691501,-0.005295115565383002
alpha,lpa,constant,0.4,0.8,-0.4,-0.5,rpa_split,0.4989458208134117,0.5,-0.0010541791865882888,-0.0021083583731765776,0.004216716746353155
alpha,lpa,constant,0.4,0.8,-0.4,-0.5,lpa_split,0.5010541791865883,0.5,0.0010541791865883443,0.0021083583731766886,-0.004216716746353377
alpha,lpa,constant,0.42,0.8,-0.38000000000000006,-0.47500000000000003,mpa_systolic,3939.1947189497355,3930.6512619063146,8.543457043420858,0.002173547454138018,-0.004575889377132669
alpha,lpa,constant,0.42,0.8,-0.38000000000000006,-0.47500000000000003,mpa_diastolic,4.084098171865559,4.679746225352589,-0.5956480534870296,-0.12728212702220865,0.26796237267833395
alpha,lpa,constant,0.42,0.8,-0.38000000000000006,-0.47500000000000003,mpa_mean,814.9008214357785,812.7413177002337,2.159503735544831,0.0026570615871424523,-0.0055938138676683204
alpha,lpa,constant,0.42,0.8,-0.38000000000000006,-0.47500000000000003,rpa_split,0.4989433565716711,0.5,-0.0010566434283288961,-0.0021132868566577923,0.004449024961384825
alpha,lpa,constant,0.42,0.8,-0.38000000000000006,-0.47500000000000003,lpa_split,0.5010566434283289,0.5,0.0010566434283288961,0.0021132868566577923,-0.004449024961384825
alpha,lpa,constant,0.44,0.8,-0.36000000000000004,-0.45,mpa_systolic,3937.3252446139204,3930.6512619063146,6.673982707605774,0.0016979330555947055,-0.0037731845679882343
alpha,lpa,constant,0.44,0.8,-0.36000000000000004,-0.45,mpa_diastolic,4.2641119915118475,4.679746225352589,-0.4156342338407413,-0.08881554978110505,0.19736788840245567
alpha,lpa,constant,0.44,0.8,-0.36000000000000004,-0.45,mpa_mean,814.4457465200747,812.7413177002337,1.7044288198410413,0.0020971356847760162,-0.004660301521724481
alpha,lpa,constant,0.44,0.8,-0.36000000000000004,-0.45,rpa_split,0.49926511519517996,0.5,-0.0007348848048200352,-0.0014697696096400703,0.0032661546880890452
alpha,lpa,constant,0.44,0.8,-0.36000000000000004,-0.45,lpa_split,0.5007348848048201,0.5,0.0007348848048200907,0.0014697696096401813,-0.0032661546880892916
alpha,lpa,constant,0.46,0.8,-0.34,-0.425,mpa_systolic,3935.7799573778357,3930.6512619063146,5.128695471521041,0.001304795345551386,-0.003070106695415026
alpha,lpa,constant,0.46,0.8,-0.34,-0.425,mpa_diastolic,4.390772589082281,4.679746225352589,-0.2889736362703079,-0.061749851884016556,0.1452937691388625
alpha,lpa,constant,0.46,0.8,-0.34,-0.425,mpa_mean,814.0626838170036,812.7413177002337,1.3213661167699229,0.0016258138819728212,-0.003825444428171344
alpha,lpa,constant,0.46,0.8,-0.34,-0.425,rpa_split,0.49949534852144756,0.5,-0.0005046514785524425,-0.001009302957104885,0.0023748304873056117
alpha,lpa,constant,0.46,0.8,-0.34,-0.425,lpa_split,0.5005046514785525,0.5,0.000504651478552498,0.001009302957104996,-0.0023748304873058733
alpha,lpa,constant,0.48,0.8,-0.32000000000000006,-0.4000000000000001,mpa_systolic,3943.4104215753514,3930.6512619063146,12.759159669036762,0.003246067590043268,-0.008115168975108169
alpha,lpa,constant,0.48,0.8,-0.32000000000000006,-0.4000000000000001,mpa_diastolic,1.8509932798004163,4.679746225352589,-2.8287529455521723,-0.6044671675201884,1.5111679188004705
alpha,lpa,constant,0.48,0.8,-0.32000000000000006,-0.4000000000000001,mpa_mean,815.1247104479876,812.7413177002337,2.3833927477538737,0.0029325354769682683,-0.007331338692420669
alpha,lpa,constant,0.48,0.8,-0.32000000000000006,-0.4000000000000001,rpa_split,0.49251582208189,0.5,-0.007484177918110013,-0.014968355836220026,0.03742088959055006
alpha,lpa,constant,0.48,0.8,-0.32000000000000006,-0.4000000000000001,lpa_split,0.5074841779181101,0.5,0.007484177918110069,0.014968355836220137,-0.03742088959055034
alpha,lpa,constant,0.5,0.8,-0.30000000000000004,-0.37500000000000006,mpa_systolic,3939.952493978367,3930.6512619063146,9.301232072052244,0.0023663335799323157,-0.006310222879819508
alpha,lpa,constant,0.5,0.8,-0.30000000000000004,-0.37500000000000006,mpa_diastolic,2.6246396318521352,4.679746225352589,-2.0551065935004535,-0.43914915350898426,1.1710644093572913
alpha,lpa,constant,0.5,0.8,-0.30000000000000004,-0.37500000000000006,mpa_mean,814.4884119222249,812.7413177002337,1.747094221991233,0.002149631357410108,-0.005732350286426954
alpha,lpa,constant,0.5,0.8,-0.30000000000000004,-0.37500000000000006,rpa_split,0.49433805522800445,0.5,-0.005661944771995553,-0.011323889543991106,0.03019703878397628
alpha,lpa,constant,0.5,0.8,-0.30000000000000004,-0.37500000000000006,lpa_split,0.5056619447719956,0.5,0.005661944771995553,0.011323889543991106,-0.03019703878397628
alpha,lpa,constant,0.52,0.8,-0.28,-0.35000000000000003,mpa_systolic,3937.2766858107357,3930.6512619063146,6.625423904421041,0.0016855791732609208,-0.004815940495031202
alpha,lpa,constant,0.52,0.8,-0.28,-0.35000000000000003,mpa_diastolic,3.2073723568574413,4.679746225352589,-1.4723738684951475,-0.3146268617128301,0.8989338906080859
alpha,lpa,constant,0.52,0.8,-0.28,-0.35000000000000003,mpa_mean,813.9801011171282,812.7413177002337,1.2387834168945346,0.0015242038148126234,-0.004354868042321781
alpha,lpa,constant,0.52,0.8,-0.28,-0.35000000000000003,rpa_split,0.49569567371885626,0.5,-0.004304326281143744,-0.008608652562287489,0.02459615017796425
alpha,lpa,constant,0.52,0.8,-0.28,-0.35000000000000003,lpa_split,0.5043043262811437,0.5,0.004304326281143744,0.008608652562287489,-0.02459615017796425
alpha,lpa,constant,0.54,0.8,-0.26,-0.325,mpa_systolic,3956.1853756232777,3930.6512619063146,25.53411371696302,0.006496153440124655,-0.019988164431152783
alpha,lpa,constant,0.54,0.8,-0.26,-0.325,mpa_diastolic,-5.767050289737856,4.679746225352589,-10.446796515090444,-2.2323425271427717,6.868746237362374
alpha,lpa,constant,0.54,0.8,-0.26,-0.325,mpa_mean,815.7625425520131,812.7413177002337,3.0212248517793796,0.0037173265170378712,-0.01143792774473191
alpha,lpa,constant,0.54,0.8,-0.26,-0.325,rpa_split,0.4736465232602295,0.5,-0.02635347673977051,-0.05270695347954102,0.16217524147551082
alpha,lpa,constant,0.54,0.8,-0.26,-0.325,lpa_split,0.5263534767397705,0.5,0.02635347673977051,0.05270695347954102,-0.16217524147551082
alpha,lpa,constant,0.56,0.8,-0.24,-0.3,mpa_systolic,3943.9194244363534,3930.6512619063146,13.268162530038808,0.003375563398011535,-0.011251877993371785
alpha,lpa,constant,0.56,0.8,-0.24,-0.3,mpa_diastolic,-50.570778623018626,4.679746225352589,-55.250524848371214,-11.806307903845457,39.35435967948486
alpha,lpa,constant,0.56,0.8,-0.24,-0.3,mpa_mean,822.2951177366859,812.7413177002337,9.55380003645223,0.01175503180210655,-0.03918343934035517
alpha,lpa,constant,0.56,0.8,-0.24,-0.3,rpa_split,0.45814650922228783,0.5,-0.041853490777712166,-0.08370698155542433,0.27902327185141446
alpha,lpa,constant,0.56,0.8,-0.24,-0.3,lpa_split,0.5418534907777122,0.5,0.041853490777712166,0.08370698155542433,-0.27902327185141446
alpha,lpa,constant,0.58,0.8,-0.22000000000000008,-0.2750000000000001,mpa_systolic,3944.615862316036,3930.6512619063146,13.964600409721243,0.0035527446927328256,-0.012919071609937544
alpha,lpa,constant,0.58,0.8,-0.22000000000000008,-0.2750000000000001,mpa_diastolic,-43.975842171939696,4.679746225352589,-48.655588397292284,-10.39705703136208,37.80748011404391
alpha,lpa,constant,0.58,0.8,-0.22000000000000008,-0.2750000000000001,mpa_mean,820.6940410520779,812.7413177002337,7.952723351844156,0.009785060976532495,-0.03558203991466361
alpha,lpa,constant,0.58,0.8,-0.22000000000000008,-0.2750000000000001,rpa_split,0.45847194445631245,0.5,-0.04152805554368755,-0.0830561110873751,0.30202222213590935
alpha,lpa,constant,0.58,0.8,-0.22000000000000008,-0.2750000000000001,lpa_split,0.5415280555436875,0.5,0.04152805554368755,0.0830561110873751,-0.30202222213590935
alpha,lpa,constant,0.6,0.8,-0.20000000000000007,-0.25000000000000006,mpa_systolic,3944.708534288383,3930.6512619063146,14.057272382068277,0.0035763214402416057,-0.01430528576096642
alpha,lpa,constant,0.6,0.8,-0.20000000000000007,-0.25000000000000006,mpa_diastolic,-38.48207579388752,4.679746225352589,-43.161822019240105,-9.223111669049562,36.89244667619824
alpha,lpa,constant,0.6,0.8,-0.20000000000000007,-0.25000000000000006,mpa_mean,819.4676736924254,812.7413177002337,6.726355992191657,0.008276133925644177,-0.0331045357025767
alpha,lpa,constant,0.6,0.8,-0.20000000000000007,-0.25000000000000006,rpa_split,0.459214637478575,0.5,-0.040785362521425006,-0.08157072504285001,0.3262829001714
alpha,lpa,constant,0.6,0.8,-0.20000000000000007,-0.25000000000000006,lpa_split,0.540785362521425,0.5,0.04078536252142495,0.0815707250428499,-0.32628290017139955
alpha,lpa,constant,0.62,0.8,-0.18000000000000005,-0.22500000000000006,mpa_systolic,3944.462873653765,3930.6512619063146,13.81161174745057,0.0035138227299137494,-0.01561698991072777
alpha,lpa,constant,0.62,0.8,-0.18000000000000005,-0.22500000000000006,mpa_diastolic,-33.156659456101735,4.679746225352589,-37.83640568145432,-8.085140488275856,35.93395772567046
alpha,lpa,constant,0.62,0.8,-0.18000000000000005,-0.22500000000000006,mpa_mean,818.351988516976,812.7413177002337,5.610670816742299,0.006903390654013364,-0.030681736240059387
alpha,lpa,constant,0.62,0.8,-0.18000000000000005,-0.22500000000000006,rpa_split,0.4602925210434022,0.5,-0.03970747895659782,-0.07941495791319564,0.3529553685030916
alpha,lpa,constant,0.62,0.8,-0.18000000000000005,-0.22500000000000006,lpa_split,0.5397074789565979,0.5,0.039707478956597875,0.07941495791319575,-0.3529553685030921
alpha,lpa,constant,0.64,0.8,-0.16000000000000003,-0.20000000000000004,mpa_systolic,3933.2234174916034,3930.6512619063146,2.572155585288783,0.0006543840737581287,-0.0032719203687906428
alpha,lpa,constant,0.64,0.8,-0.16000000000000003,-0.20000000000000004,mpa_diastolic,4.335993587564224,4.679746225352589,-0.3437526377883646,-0.07345540147584928,0.36727700737924635
alpha,lpa,constant,0.64,0.8,-0.16000000000000003,-0.20000000000000004,mpa_mean,813.294432717217,812.7413177002337,0.5531150169832699,0.000680554814843654,-0.0034027740742182695
alpha,lpa,constant,0.64,0.8,-0.16000000000000003,-0.20000000000000004,rpa_split,0.49869113249646263,0.5,-0.0013088675035373698,-0.0026177350070747396,0.013088675035373696
alpha,lpa,constant,0.64,0.8,-0.16000000000000003,-0.20000000000000004,lpa_split,0.5013088675035373,0.5,0.0013088675035373143,0.0026177350070746286,-0.013088675035373141
alpha,lpa,constant,0.66,0.8,-0.14,-0.17500000000000002,mpa_systolic,3938.83464490059,3930.6512619063146,8.183382994275235,0.002081940739333461,-0.011896804224762634
alpha,lpa,constant,0.66,0.8,-0.14,-0.17500000000000002,mpa_diastolic,1.5082432532257841,4.679746225352589,-3.1715029721268047,-0.6777083242132115,3.872618995504065
alpha,lpa,constant,0.66,0.8,-0.14,-0.17500000000000002,mpa_mean,813.6952165549195,812.7413177002337,0.9538988546858036,0.001173680768913035,-0.006706747250931629
alpha,lpa,constant,0.66,0.8,-0.14,-0.17500000000000002,rpa_split,0.490667771853978,0.5,-0.009332228146022026,-0.01866445629204405,0.10665403595453743
alpha,lpa,constant,0.66,0.8,-0.14,-0.17500000000000002,lpa_split,0.509332228146022,0.5,0.00933222814602197,0.01866445629204394,-0.10665403595453679
alpha,lpa,constant,0.68,0.8,-0.12,-0.15,mpa_systolic,3937.664370686857,3930.6512619063146,7.013108780542552,0.0017842103797174023,-0.011894735864782683
alpha,lpa,constant,0.68,0.8,-0.12,-0.15,mpa_diastolic,1.4307273141607701,4.679746225352589,-3.2490189111918184,-0.6942724572521078,4.628483048347386
alpha,lpa,constant,0.68,0.8,-0.12,-0.15,mpa_mean,813.3363956184855,812.7413177002337,0.5950779182518318,0.000732186127728425,-0.004881240851522833
alpha,lpa,constant,0.68,0.8,-0.12,-0.15,rpa_split,0.49022428762852727,0.5,-0.009775712371472733,-0.019551424742945467,0.13034283161963645
alpha,lpa,constant,0.68,0.8,-0.12,-0.15,lpa_split,0.5097757123714728,0.5,0.009775712371472789,0.019551424742945578,-0.1303428316196372
alpha,lpa,constant,0.7,0.8,-0.10000000000000009,-0.1250000000000001,mpa_systolic,3933.695934853819,3930.6512619063146,3.0446729475042957,0.0007745975780175596,-0.006196780624140472
alpha,lpa,constant,0.7,0.8,-0.10000000000000009,-0.1250000000000001,mpa_diastolic,4.294072199206479,4.679746225352589,-0.38567402614611,-0.082413448844024,0.6593075907521915
alpha,lpa,constant,0.7,0.8,-0.10000000000000009,-0.1250000000000001,mpa_mean,813.4097566080521,812.7413177002337,0.6684389078184267,0.0008224497675470333,-0.00657959814037626
alpha,lpa,constant,0.7,0.8,-0.10000000000000009,-0.1250000000000001,rpa_split,0.4985975165649361,0.5,-0.0014024834350638837,-0.0028049668701277675,0.02243973496102212
alpha,lpa,constant,0.7,0.8,-0.10000000000000009,-0.1250000000000001,lpa_split,0.5014024834350639,0.5,0.0014024834350638837,0.0028049668701277675,-0.02243973496102212
alpha,lpa,constant,0.72,0.8,-0.08000000000000007,-0.10000000000000009,mpa_systolic,3931.817353771472,3930.6512619063146,1.166091865157341,0.0002966663251096465,-0.0029666632510964627
alpha,lpa,constant,0.72,0.8,-0.08000000000000007,-0.10000000000000009,mpa_diastolic,4.656400750292174,4.679746225352589,-0.023345475060414955,-0.004988619881552663,0.04988619881552658
alpha,lpa,constant,0.72,0.8,-0.08000000000000007,-0.10000000000000009,mpa_mean,813.0687934402282,812.7413177002337,0.3274757399944974,0.00040292739259416055,-0.004029273925941602
alpha,lpa,constant,0.72,0.8,-0.08000000000000007,-0.10000000000000009,rpa_split,0.5001142040141358,0.5,0.00011420401413575476,0.00022840802827150952,-0.002284080282715093
alpha,lpa,constant,0.72,0.8,-0.08000000000000007,-0.10000000000000009,lpa_split,0.49988579598586425,0.5,-0.00011420401413575476,-0.00022840802827150952,0.002284080282715093
alpha,lpa,constant,0.74,0.8,-0.06000000000000005,-0.07500000000000007,mpa_systolic,3931.832926710282,3930.6512619063146,1.1816648039675783,0.00030062824840748815,-0.0040083766454331714
alpha,lpa,constant,0.74,0.8,-0.06000000000000005,-0.07500000000000007,mpa_diastolic,4.647782366425294,4.679746225352589,-0.03196385892729481,-0.0068302547591427435,0.0910700634552365
alpha,lpa,constant,0.74,0.8,-0.06000000000000005,-0.07500000000000007,mpa_mean,813.0673149448872,812.7413177002337,0.32599724465353574,0.0004011082463187561,-0.005348109950916743
alpha,lpa,constant,0.74,0.8,-0.06000000000000005,-0.07500000000000007,rpa_split,0.5000610161702722,0.5,6.101617027221007e-05,0.00012203234054442014,-0.0016270978739256004
alpha,lpa,constant,0.74,0.8,-0.06000000000000005,-0.07500000000000007,lpa_split,0.4999389838297278,0.5,-6.101617027221007e-05,-0.00012203234054442014,0.0016270978739256004
alpha,lpa,constant,0.76,0.8,-0.040000000000000036,-0.050000000000000044,mpa_systolic,3931.1914661099117,3930.6512619063146,0.5402042035971135,0.00013743376545064483,-0.002748675309012894
alpha,lpa,constant,0.76,0.8,-0.040000000000000036,-0.050000000000000044,mpa_diastolic,4.666696586166111,4.679746225352589,-0.013049639186477613,-0.00278853565088231,0.05577071301764615
alpha,lpa,constant,0.76,0.8,-0.040000000000000036,-0.050000000000000044,mpa_mean,812.8906117234687,812.7413177002337,0.14929402323502927,0.00018369193245580006,-0.003673838649115998
alpha,lpa,constant,0.76,0.8,-0.040000000000000036,-0.050000000000000044,rpa_split,0.5000308170892221,0.5,3.081708922214599e-05,6.163417844429198e-05,-0.0012326835688858384
alpha,lpa,constant,0.76,0.8,-0.040000000000000036,-0.050000000000000044,lpa_split,0.49996918291077785,0.5,-3.081708922214599e-05,-6.163417844429198e-05,0.0012326835688858384
alpha,lpa,constant,0.78,0.8,-0.020000000000000018,-0.025000000000000022,mpa_systolic,3931.684437701526,3930.6512619063146,1.033175795211264,0.0002628510458875426,-0.010514041835501696
alpha,lpa,constant,0.78,0.8,-0.020000000000000018,-0.025000000000000022,mpa_diastolic,4.665356570670546,4.679746225352589,-0.014389654682042341,-0.0030748792753090308,0.12299517101236113
alpha,lpa,constant,0.78,0.8,-0.020000000000000018,-0.025000000000000022,mpa_mean,813.0346898339849,812.7413177002337,0.293372133751177,0.00036096618611849936,-0.01443864744473996
alpha,lpa,constant,0.78,0.8,-0.020000000000000018,-0.025000000000000022,rpa_split,0.5001452304072217,0.5,0.000145230407221697,0.000290460814443394,-0.01161843257773575
alpha,lpa,constant,0.78,0.8,-0.020000000000000018,-0.025000000000000022,lpa_split,0.4998547695927783,0.5,-0.000145230407221697,-0.000290460814443394,0.01161843257773575
alpha,rpa,constant,0.1,0.8,-0.7000000000000001,-0.875,mpa_systolic,4006.8302860061076,3930.6512619063146,76.17902409979297,0.019380763904973633,-0.02214944446282701
alpha,rpa,constant,0.1,0.8,-0.7000000000000001,-0.875,mpa_diastolic,-16.495015166377243,4.679746225352589,-21.17476139172983,-4.524767021984071,5.171162310838938
alpha,rpa,constant,0.1,0.8,-0.7000000000000001,-0.875,mpa_mean,831.1485273335132,812.7413177002337,18.407209633279535,0.02264830055074022,-0.025883772057988825
alpha,rpa,constant,0.1,0.8,-0.7000000000000001,-0.875,rpa_split,0.5362359788663197,0.5,0.036235978866319685,0.07247195773263937,-0.08282509455158785
alpha,rpa,constant,0.1,0.8,-0.7000000000000001,-0.875,lpa_split,0.4637640211336803,0.5,-0.036235978866319685,-0.07247195773263937,0.08282509455158785
alpha,rpa,constant,0.12,0.8,-0.68,-0.85,mpa_systolic,3988.0780408049886,3930.6512619063146,57.426778898674,0.01460999083160147,-0.017188224507766435
alpha,rpa,constant,0.12,0.8,-0.68,-0.85,mpa_diastolic,-6.591626773871118,4.679746225352589,-11.271372999223708,-2.408543638148772,2.8335807507632613
alpha,rpa,constant,0.12,0.8,-0.68,-0.85,mpa_mean,825.534545574727,812.7413177002337,12.793227874493255,0.015740836101077644,-0.01851863070715017
alpha,rpa,constant,0.12,0.8,-0.68,-0.85,rpa_split,0.5226822852866048,0.5,0.022682285286604764,0.04536457057320953,-0.05337008302730533
alpha,rpa,constant,0.12,0.8,-0.68,-0.85,lpa_split,0.47731771471339524,0.5,-0.022682285286604764,-0.04536457057320953,0.05337008302730533
alpha,rpa,constant,0.14,0.8,-0.66,-0.825,mpa_systolic,3971.1048568114397,3930.6512619063146,40.4535949051251,0.010291830083523013,-0.012474945555785471
alpha,rpa,constant,0.14,0.8,-0.66,-0.825,mpa_diastolic,-1.6031607232848777,4.679746225352589,-6.282906948637466,-1.3425742863148715,1.6273627712907535
alpha,rpa,constant,0.14,0.8,-0.66,-0.825,mpa_mean,821.6814920365251,812.7413177002337,8.94017433629142,0.011000024413166179,-0.013333362925049915
alpha,rpa,constant,0.14,0.8,-0.66,-0.825,rpa_split,0.5130633039515945,0.5,0.013063303951594496,0.026126607903188992,-0.03166861564022908
alpha,rpa,constant,0.14,0.8,-0.66,-0.825,lpa_split,0.4869366960484055,0.5,-0.013063303951594496,-0.026126607903188992,0.03166861564022908
alpha,rpa,constant,0.16,0.8,-0.64,-0.7999999999999999,mpa_systolic,3958.62718039721,3930.6512619063146,27.97591849089531,0.007117374864064475,-0.008896718580080594
alpha,rpa,constant,0.16,0.8,-0.64,-0.7999999999999999,mpa_diastolic,1.0212783166569455,4.679746225352589,-3.658467908695643,-0.7817663036674604,0.9772078795843255
alpha,rpa,constant,0.16,0.8,-0.64,-0.7999999999999999,mpa_mean,819.0967091274937,812.7413177002337,6.355391427259974,0.007819697717895592,-0.009774622147369492
alpha,rpa,constant,0.16,0.8,-0.64,-0.7999999999999999,rpa_split,0.5074232439937261,0.5,0.00742324399372607,0.01484648798745214,-0.018558109984315174
alpha,rpa,constant,0.16,0.8,-0.64,-0.7999999999999999,lpa_split,0.49257675600627393,0.5,-0.00742324399372607,-0.01484648798745214,0.018558109984315174
alpha,rpa,constant,0.18,0.8,-0.6200000000000001,-0.7750000000000001,mpa_systolic,3977.345190349724,3930.6512619063146,46.69392844340928,0.011879438121601082,-0.015328307253678813
alpha,rpa,constant,0.18,0.8,-0.6200000000000001,-0.7750000000000001,mpa_diastolic,-3.1963093708447343,4.679746225352589,-7.8760555961973235,-1.6830091241975227,2.1716246763839
alpha,rpa,constant,0.18,0.8,-0.6200000000000001,-0.7750000000000001,mpa_mean,823.0820791406138,812.7413177002337,10.340761440380106,0.01272331209841866,-0.016417176901185365
alpha,rpa,constant,0.18,0.8,-0.6200000000000001,-0.7750000000000001,rpa_split,0.5162679799965807,0.5,0.016267979996580695,0.03253595999316139,-0.04198188386214372
alpha,rpa,constant,0.18,0.8,-0.6200000000000001,-0.7750000000000001,lpa_split,0.4837320200034193,0.5,-0.016267979996580695,-0.03253595999316139,0.04198188386214372
alpha,rpa,constant,0.2,0.8,-0.6000000000000001,-0.7500000000000001,mpa_systolic,3966.4148029553926,3930.6512619063146,35.76354104907796,0.009098629887540089,-0.012131506516720117
alpha,rpa,constant,0.2,0.8,-0.6000000000000001,-0.7500000000000001,mpa_diastolic,-0.5252258523563405,4.679746225352589,-5.204972077708929,-1.112233832149043,1.4829784428653905
alpha,rpa,constant,0.2,0.8,-0.6000000000000001,-0.7500000000000001,mpa_mean,820.7450276765712,812.7413177002337,8.003709976337518,0.009847795112699752,-0.013130393483599668
alpha,rpa,constant,0.2,0.8,-0.6000000000000001,-0.7500000000000001,rpa_split,0.510727539954161,0.5,0.01072753995416098,0.02145507990832196,-0.028606773211095945
alpha,rpa,constant,0.2,0.8,-0.6000000000000001,-0.7500000000000001,lpa_split,0.489272460045839,0.5,-0.01072753995416098,-0.02145507990832196,0.028606773211095945
alpha,rpa,constant,0.22,0.8,-0.5800000000000001,-0.7250000000000001,mpa_systolic,3957.9387175436154,3930.6512619063146,27.28745563730081,0.00694222250184229,-0.009575479312885915
alpha,rpa,constant,0.22,0.8,-0.5800000000000001,-0.7250000000000001,mpa_diastolic,1.167969313768688,4.679746225352589,-3.511776911583901,-0.750420373771296,1.0350625845121322
alpha,rpa,constant,0.22,0.8,-0.5800000000000001,-0.7250000000000001,mpa_mean,818.9871220962112,812.7413177002337,6.24580439597753,0.007684861418945594,-0.010599808853718059
alpha,rpa,constant,0.22,0.8,-0.5800000000000001,-0.7250000000000001,rpa_split,0.5070572020134191,0.5,0.007057202013419084,0.014114404026838168,-0.01946814348529402
alpha,rpa,constant,0.22,0.8,-0.5800000000000001,-0.7250000000000001,lpa_split,0.4929427979865809,0.5,-0.007057202013419084,-0.014114404026838168,0.01946814348529402
alpha,rpa,constant,0.24,0.8,-0.56,-0.7000000000000001,mpa_systolic,3951.505655059487,3930.6512619063146,20.85439315317217,0.005305582144944108,-0.007579403064205867
alpha,rpa,constant,0.24,0.8,-0.56,-0.7000000000000001,mpa_diastolic,2.277024918384747,4.679746225352589,-2.402721306967842,-0.5134298295815842,0.7334711851165489
alpha,rpa,constant,0.24,0.8,-0.56,-0.7000000000000001,mpa_mean,817.6344628104874,812.7413177002337,4.893145110253727,0.006020544303197937,-0.008600777575997053
alpha,rpa,constant,0.24,0.8,-0.56,-0.7000000000000001,rpa_split,0.5046614155874188,0.5,0.004661415587418838,0.009322831174837676,-0.013318330249768107
alpha,rpa,constant,0.24,0.8,-0.56,-0.7000000000000001,lpa_split,0.49533858441258116,0.5,-0.004661415587418838,-0.009322831174837676,0.013318330249768107
alpha,rpa,constant,0.26,0.8,-0.54,-0.675,mpa_systolic,3946.65106075785,3930.6512619063146,15.99979885153516,0.0040705210880945634,-0.006030401611991945
alpha,rpa,constant,0.26,0.8,-0.54,-0.675,mpa_diastolic,3.0288319247854387,4.679746225352589,-1.65091430056715,-0.3527785954766734,0.5226349562617383
alpha,rpa,constant,0.26,0.8,-0.54,-0.675,mpa_mean,816.5833629520088,812.7413177002337,3.842045251775062,0.00472726705053789,-0.007003358593389466
alpha,rpa,constant,0.26,0.8,-0.54,-0.675,rpa_split,0.5030944872757493,0.5,0.003094487275749347,0.006188974551498694,-0.009168851187405472
alpha,rpa,constant,0.26,0.8,-0.54,-0.675,lpa_split,0.49690551272425065,0.5,-0.003094487275749347,-0.006188974551498694,0.009168851187405472
alpha,rpa,constant,0.28,0.8,-0.52,-0.65,mpa_systolic,3972.2925769715707,3930.6512619063146,41.641315065256094,0.010593998879732872,-0.01629845981497365
alpha,rpa,constant,0.28,0.8,-0.52,-0.65,mpa_diastolic,-1.6631808166070914,4.679746225352589,-6.34292704195968,-1.355399788047648,2.0852304431502278
alpha,rpa,constant,0.28,0.8,-0.52,-0.65,mpa_mean,822.1096562185375,812.7413177002337,9.368338518303744,0.01152683924672709,-0.0177335988411186
alpha,rpa,constant,0.28,0.8,-0.52,-0.65,rpa_split,0.512939819412089,0.5,0.012939819412088993,0.025879638824177986,-0.03981482896027382
alpha,rpa,constant,0.28,0.8,-0.52,-0.65,lpa_split,0.487060180587911,0.5,-0.012939819412088993,-0.025879638824177986,0.03981482896027382
alpha,rpa,constant,0.3,0.8,-0.5,-0.625,mpa_systolic,3965.405654102958,3930.6512619063146,34.754392196643494,0.008841891554578684,-0.014147026487325895
alpha,rpa,constant,0.3,0.8,-0.5,-0.625,mpa_diastolic,-0.11495665626965512,4.679746225352589,-4.794702881622244,-1.0245647201224022,1.6393035521958434
alpha,rpa,constant,0.3,0.8,-0.5,-0.625,mpa_mean,820.6483029281085,812.7413177002337,7.90698522787477,0.009728784615317333,-0.015566055384507732
alpha,rpa,constant,0.3,0.8,-0.5,-0.625,rpa_split,0.5096590134969897,0.5,0.009659013496989721,0.019318026993979442,-0.03090884319036711
alpha,rpa,constant,0.3,0.8,-0.5,-0.625,lpa_split,0.4903409865030103,0.5,-0.009659013496989721,-0.019318026993979442,0.03090884319036711
alpha,rpa,constant,0.32,0.8,-0.48000000000000004,-0.6,mpa_systolic,3953.666436143711,3930.6512619063146,23.015174237396423,0.005855308116608229,-0.009758846861013715
alpha,rpa,constant,0.32,0.8,-0.48000000000000004,-0.6,mpa_diastolic,2.018986616757256,4.679746225352589,-2.660759608595333,-0.5685692087704738,0.9476153479507897
alpha,rpa,constant,0.32,0.8,-0.48000000000000004,-0.6,mpa_mean,818.1569798956017,812.7413177002337,5.415662195367986,0.006663451306612991,-0.011105752177688319
alpha,rpa,constant,0.32,0.8,-0.48000000000000004,-0.6,rpa_split,0.505102165985621,0.5,0.005102165985620966,0.010204331971241931,-0.017007219952069885
alpha,rpa,constant,0.32,0.8,-0.48000000000000004,-0.6,lpa_split,0.49489783401437903,0.5,-0.005102165985620966,-0.010204331971241931,0.017007219952069885
alpha,rpa,constant,0.34,0.8,-0.46,-0.575,mpa_systolic,3948.8153042882864,3930.6512619063146,18.16404238197174,0.004621127943353188,-0.008036744249309892
alpha,rpa,constant,0.34,0.8,-0.46,-0.575,mpa_diastolic,2.785932012754181,4.679746225352589,-1.8938142125984077,-0.40468310062170537,0.7037966967334007
alpha,rpa,constant,0.34,0.8,-0.46,-0.575,mpa_mean,817.1055768968797,812.7413177002337,4.364259196646003,0.005369801069047764,-0.009338784467909155
alpha,rpa,constant,0.34,0.8,-0.46,-0.575,rpa_split,0.5034898621912796,0.5,0.003489862191279558,0.006979724382559116,-0.012138651100102812
alpha,rpa,constant,0.34,0.8,-0.46,-0.575,lpa_split,0.49651013780872044,0.5,-0.003489862191279558,-0.006979724382559116,0.012138651100102812
alpha,rpa,constant,0.36,0.8,-0.44000000000000006,-0.55,mpa_systolic,3944.8951270228467,3930.6512619063146,14.243865116532106,0.003623792640821566,-0.006588713892402847
alpha,rpa,constant,0.36,0.8,-0.44000000000000006,-0.55,mpa_diastolic,3.353242226297026,4.679746225352589,-1.326503999055563,-0.28345639596207367,0.5153752653855884
alpha,rpa,constant,0.36,0.8,-0.44000000000000006,-0.55,mpa_mean,816.2301803813519,812.7413177002337,3.488862681118235,0.004292709875991618,-0.007804927047257487
alpha,rpa,constant,0.36,0.8,-0.44000000000000006,-0.55,rpa_split,0.502359449727297,0.5,0.0023594497272969583,0.004718899454593917,-0.008579817190170758
alpha,rpa,constant,0.36,0.8,-0.44000000000000006,-0.55,lpa_split,0.49764055027270304,0.5,-0.0023594497272969583,-0.004718899454593917,0.008579817190170758
alpha,rpa,constant,0.38,0.8,-0.42000000000000004,-0.525,mpa_systolic,3941.728086654557,3930.6512619063146,11.076824748242416,0.0028180634734993764,-0.005367739949522622
alpha,rpa,constant,0.38,0.8,-0.42000000000000004,-0.525,mpa_diastolic,3.781178956361141,4.679746225352589,-0.8985672689914477,-0.1920119651196997,0.3657370764184756
alpha,rpa,constant,0.38,0.8,-0.42000000000000004,-0.525,mpa_mean,815.500600752178,812.7413177002337,2.759283051944294,0.0033950323329839747,-0.006466728253302809
alpha,rpa,constant,0.38,0.8,-0.42000000000000004,-0.525,rpa_split,0.5015807102178531,0.5,0.0015807102178531096,0.0031614204357062192,-0.006021753210868988
alpha,rpa,constant,0.38,0.8,-0.42000000000000004,-0.525,lpa_split,0.4984192897821469,0.5,-0.0015807102178531096,-0.0031614204357062192,0.006021753210868988
alpha,rpa,constant,0.4,0.8,-0.4,-0.5,mpa_systolic,3939.169137091725,3930.6512619063146,8.517875185410503,0.00216703915403562,-0.00433407830807124
alpha,rpa,constant,0.4,0.8,-0.4,-0.5,mpa_diastolic,4.08756871096847,4.679746225352589,-0.5921775143841188,-0.12654051862384952,0.25308103724769904
alpha,rpa,constant,0.4,0.8,-0.4,-0.5,mpa_mean,814.8930973012259,812.7413177002337,2.1517796009921994,0.002647557782691501,-0.005295115565383002
alpha,rpa,constant,0.4,0.8,-0.4,-0.5,rpa_split,0.5010541791865883,0.5,0.0010541791865883443,0.0021083583731766886,-0.004216716746353377
alpha,rpa,constant,0.4,0.8,-0.4,-0.5,lpa_split,0.49894582081341166,0.5,-0.0010541791865883443,-0.0021083583731766886,0.004216716746353377
alpha,rpa,constant,0.42,0.8,-0.38000000000000006,-0.47500000000000003,mpa_systolic,3939.1947189497355,3930.6512619063146,8.543457043420858,0.002173547454138018,-0.004575889377132669
alpha,rpa,constant,0.42,0.8,-0.38000000000000006,-0.47500000000000003,mpa_diastolic,4.08409817186556,4.679746225352589,-0.5956480534870288,-0.12728212702220845,0.26796237267833356
alpha,rpa,constant,0.42,0.8,-0.38000000000000006,-0.47500000000000003,mpa_mean,814.9008214357785,812.7413177002337,2.159503735544831,0.0026570615871424523,-0.0055938138676683204
alpha,rpa,constant,0.42,0.8,-0.38000000000000006,-0.47500000000000003,rpa_split,0.5010566434283288,0.5,0.001056643428328785,0.00211328685665757,-0.004449024961384358
alpha,rpa,constant,0.42,0.8,-0.38000000000000006,-0.47500000000000003,lpa_split,0.4989433565716712,0.5,-0.001056643428328785,-0.00211328685665757,0.004449024961384358
alpha,rpa,constant,0.44,0.8,-0.36000000000000004,-0.45,mpa_systolic,3937.3252446139204,3930.6512619063146,6.673982707605774,0.0016979330555947055,-0.0037731845679882343
alpha,rpa,constant,0.44,0.8,-0.36000000000000004,-0.45,mpa_diastolic,4.264111991511847,4.679746225352589,-0.41563423384074216,-0.08881554978110523,0.19736788840245606
alpha,rpa,constant,0.44,0.8,-0.36000000000000004,-0.45,mpa_mean,814.4457465200747,812.7413177002337,1.7044288198410413,0.0020971356847760162,-0.004660301521724481
alpha,rpa,constant,0.44,0.8,-0.36000000000000004,-0.45,rpa_split,0.5007348848048201,0.5,0.0007348848048200907,0.0014697696096401813,-0.0032661546880892916
alpha,rpa,constant,0.44,0.8,-0.36000000000000004,-0.45,lpa_split,0.4992651151951799,0.5,-0.0007348848048200907,-0.0014697696096401813,0.0032661546880892916
alpha,rpa,constant,0.46,0.8,-0.34,-0.425,mpa_systolic,3935.7799573778357,3930.6512619063146,5.128695471521041,0.001304795345551386,-0.003070106695415026
alpha,rpa,constant,0.46,0.8,-0.34,-0.425,mpa_diastolic,4.390772589082281,4.679746225352589,-0.2889736362703079,-0.061749851884016556,0.1452937691388625
alpha,rpa,constant,0.46,0.8,-0.34,-0.425,mpa_mean,814.0626838170036,812.7413177002337,1.3213661167699229,0.0016258138819728212,-0.003825444428171344
alpha,rpa,constant,0.46,0.8,-0.34,-0.425,rpa_split,0.5005046514785526,0.5,0.0005046514785526091,0.0010093029571052181,-0.0023748304873063954
alpha,rpa,constant,0.46,0.8,-0.34,-0.425,lpa_split,0.4994953485214474,0.5,-0.0005046514785526091,-0.0010093029571052181,0.0023748304873063954
alpha,rpa,constant,0.48,0.8,-0.32000000000000006,-0.4000000000000001,mpa_systolic,3943.4104215753514,3930.6512619063146,12.759159669036762,0.003246067590043268,-0.008115168975108169
alpha,rpa,constant,0.48,0.8,-0.32000000000000006,-0.4000000000000001,mpa_diastolic,1.8509932798004145,4.679746225352589,-2.828752945552174,-0.6044671675201887,1.5111679188004714
alpha,rpa,constant,0.48,0.8,-0.32000000000000006,-0.4000000000000001,mpa_mean,815.1247104479876,812.7413177002337,2.3833927477538737,0.0029325354769682683,-0.007331338692420669
alpha,rpa,constant,0.48,0.8,-0.32000000000000006,-0.4000000000000001,rpa_split,0.5074841779181098,0.5,0.007484177918109847,0.014968355836219693,-0.037420889590549226
alpha,rpa,constant,0.48,0.8,-0.32000000000000006,-0.4000000000000001,lpa_split,0.49251582208189015,0.5,-0.007484177918109847,-0.014968355836219693,0.037420889590549226
alpha,rpa,constant,0.5,0.8,-0.30000000000000004,-0.37500000000000006,mpa_systolic,3939.952493978367,3930.6512619063146,9.301232072052244,0.0023663335799323157,-0.006310222879819508
alpha,rpa,constant,0.5,0.8,-0.30000000000000004,-0.37500000000000006,mpa_diastolic,2.6246396318521352,4.679746225352589,-2.0551065935004535,-0.43914915350898426,1.1710644093572913
alpha,rpa,constant,0.5,0.8,-0.30000000000000004,-0.37500000000000006,mpa_mean,814.4884119222249,812.7413177002337,1.747094221991233,0.002149631357410108,-0.005732350286426954
alpha,rpa,constant,0.5,0.8,-0.30000000000000004,-0.37500000000000006,rpa_split,0.5056619447719954,0.5,0.005661944771995442,0.011323889543990884,-0.030197038783975685
alpha,rpa,constant,0.5,0.8,-0.30000000000000004,-0.37500000000000006,lpa_split,0.49433805522800456,0.5,-0.005661944771995442,-0.011323889543990884,0.030197038783975685
alpha,rpa,constant,0.52,0.8,-0.28,-0.35000000000000003,mpa_systolic,3937.2766858107357,3930.6512619063146,6.625423904421041,0.0016855791732609208,-0.004815940495031202
alpha,rpa,constant,0.52,0.8,-0.28,-0.35000000000000003,mpa_diastolic,3.207372356857442,4.679746225352589,-1.4723738684951466,-0.3146268617128299,0.8989338906080853
alpha,rpa,constant,0.52,0.8,-0.28,-0.35000000000000003,mpa_mean,813.9801011171282,812.7413177002337,1.2387834168945346,0.0015242038148126234,-0.004354868042321781
alpha,rpa,constant,0.52,0.8,-0.28,-0.35000000000000003,rpa_split,0.5043043262811439,0.5,0.004304326281143855,0.00860865256228771,-0.024596150177964887
alpha,rpa,constant,0.52,0.8,-0.28,-0.35000000000000003,lpa_split,0.49569567371885614,0.5,-0.004304326281143855,-0.00860865256228771,0.024596150177964887
alpha,rpa,constant,0.54,0.8,-0.26,-0.325,mpa_systolic,3956.1853756232777,3930.6512619063146,25.53411371696302,0.006496153440124655,-0.019988164431152783
alpha,rpa,constant,0.54,0.8,-0.26,-0.325,mpa_diastolic,-5.767050289737858,4.679746225352589,-10.446796515090448,-2.232342527142772,6.868746237362376
alpha,rpa,constant,0.54,0.8,-0.26,-0.325,mpa_mean,815.7625425520131,812.7413177002337,3.0212248517793796,0.0037173265170378712,-0.01143792774473191
alpha,rpa,constant,0.54,0.8,-0.26,-0.325,rpa_split,0.5263534767397705,0.5,0.02635347673977051,0.05270695347954102,-0.16217524147551082
alpha,rpa,constant,0.54,0.8,-0.26,-0.325,lpa_split,0.4736465232602295,0.5,-0.02635347673977051,-0.05270695347954102,0.16217524147551082
alpha,rpa,constant,0.56,0.8,-0.24,-0.3,mpa_systolic,3943.9194244363534,3930.6512619063146,13.268162530038808,0.003375563398011535,-0.011251877993371785
alpha,rpa,constant,0.56,0.8,-0.24,-0.3,mpa_diastolic,-50.57077862301861,4.679746225352589,-55.2505248483712,-11.806307903845454,39.35435967948485
alpha,rpa,constant,0.56,0.8,-0.24,-0.3,mpa_mean,822.2951177366859,812.7413177002337,9.55380003645223,0.01175503180210655,-0.03918343934035517
alpha,rpa,constant,0.56,0.8,-0.24,-0.3,rpa_split,0.5418534907777122,0.5,0.041853490777712166,0.08370698155542433,-0.27902327185141446
alpha,rpa,constant,0.56,0.8,-0.24,-0.3,lpa_split,0.45814650922228783,0.5,-0.041853490777712166,-0.08370698155542433,0.27902327185141446
alpha,rpa,constant,0.58,0.8,-0.22000000000000008,-0.2750000000000001,mpa_systolic,3944.615862316036,3930.6512619063146,13.964600409721243,0.0035527446927328256,-0.012919071609937544
alpha,rpa,constant,0.58,0.8,-0.22000000000000008,-0.2750000000000001,mpa_diastolic,-43.97584217193968,4.679746225352589,-48.65558839729227,-10.397057031362076,37.8074801140439
alpha,rpa,constant,0.58,0.8,-0.22000000000000008,-0.2750000000000001,mpa_mean,820.6940410520779,812.7413177002337,7.952723351844156,0.009785060976532495,-0.03558203991466361
alpha,rpa,constant,0.58,0.8,-0.22000000000000008,-0.2750000000000001,rpa_split,0.5415280555436874,0.5,0.04152805554368744,0.08305611108737487,-0.30202222213590857
alpha,rpa,constant,0.58,0.8,-0.22000000000000008,-0.2750000000000001,lpa_split,0.45847194445631256,0.5,-0.04152805554368744,-0.08305611108737487,0.30202222213590857
alpha,rpa,constant,0.6,0.8,-0.20000000000000007,-0.25000000000000006,mpa_systolic,3944.708534288382,3930.6512619063146,14.057272382067367,0.0035763214402413745,-0.014305285760965495
alpha,rpa,constant,0.6,0.8,-0.20000000000000007,-0.25000000000000006,mpa_diastolic,-38.48207579388752,4.679746225352589,-43.161822019240105,-9.223111669049562,36.89244667619824
alpha,rpa,constant,0.6,0.8,-0.20000000000000007,-0.25000000000000006,mpa_mean,819.4676736924254,812.7413177002337,6.726355992191657,0.008276133925644177,-0.0331045357025767
alpha,rpa,constant,0.6,0.8,-0.20000000000000007,-0.25000000000000006,rpa_split,0.5407853625214251,0.5,0.04078536252142506,0.08157072504285012,-0.32628290017140044
alpha,rpa,constant,0.6,0.8,-0.20000000000000007,-0.25000000000000006,lpa_split,0.45921463747857494,0.5,-0.04078536252142506,-0.08157072504285012,0.32628290017140044
alpha,rpa,constant,0.62,0.8,-0.18000000000000005,-0.22500000000000006,mpa_systolic,3944.462873653765,3930.6512619063146,13.81161174745057,0.0035138227299137494,-0.01561698991072777
alpha,rpa,constant,0.62,0.8,-0.18000000000000005,-0.22500000000000006,mpa_diastolic,-33.15665945610174,4.679746225352589,-37.83640568145433,-8.085140488275858,35.93395772567047
alpha,rpa,constant,0.62,0.8,-0.18000000000000005,-0.22500000000000006,mpa_mean,818.351988516976,812.7413177002337,5.610670816742299,0.006903390654013364,-0.030681736240059387
alpha,rpa,constant,0.62,0.8,-0.18000000000000005,-0.22500000000000006,rpa_split,0.5397074789565978,0.5,0.039707478956597764,0.07941495791319553,-0.3529553685030911
alpha,rpa,constant,0.62,0.8,-0.18000000000000005,-0.22500000000000006,lpa_split,0.46029252104340224,0.5,-0.039707478956597764,-0.07941495791319553,0.3529553685030911
alpha,rpa,constant,0.64,0.8,-0.16000000000000003,-0.20000000000000004,mpa_systolic,3933.2234174916034,3930.6512619063146,2.572155585288783,0.0006543840737581287,-0.0032719203687906428
alpha,rpa,constant,0.64,0.8,-0.16000000000000003,-0.20000000000000004,mpa_diastolic,4.335993587564225,4.679746225352589,-0.34375263778836374,-0.07345540147584909,0.36727700737924535
alpha,rpa,constant,0.64,0.8,-0.16000000000000003,-0.20000000000000004,mpa_mean,813.294432717217,812.7413177002337,0.5531150169832699,0.000680554814843654,-0.0034027740742182695
alpha,rpa,constant,0.64,0.8,-0.16000000000000003,-0.20000000000000004,rpa_split,0.5013088675035373,0.5,0.0013088675035373143,0.0026177350070746286,-0.013088675035373141
alpha,rpa,constant,0.64,0.8,-0.16000000000000003,-0.20000000000000004,lpa_split,0.4986911324964627,0.5,-0.0013088675035373143,-0.0026177350070746286,0.013088675035373141
alpha,rpa,constant,0.66,0.8,-0.14,-0.17500000000000002,mpa_systolic,3938.83464490059,3930.6512619063146,8.183382994275235,0.002081940739333461,-0.011896804224762634
alpha,rpa,constant,0.66,0.8,-0.14,-0.17500000000000002,mpa_diastolic,1.5082432532257846,4.679746225352589,-3.171502972126804,-0.6777083242132114,3.8726189955040646
alpha,rpa,constant,0.66,0.8,-0.14,-0.17500000000000002,mpa_mean,813.6952165549197,812.7413177002337,0.953898854686031,0.0011736807689133148,-0.006706747250933227
alpha,rpa,constant,0.66,0.8,-0.14,-0.17500000000000002,rpa_split,0.509332228146022,0.5,0.00933222814602197,0.01866445629204394,-0.10665403595453679
alpha,rpa,constant,0.66,0.8,-0.14,-0.17500000000000002,lpa_split,0.49066777185397803,0.5,-0.00933222814602197,-0.01866445629204394,0.10665403595453679
alpha,rpa,constant,0.68,0.8,-0.12,-0.15,mpa_systolic,3937.664370686857,3930.6512619063146,7.013108780542552,0.0017842103797174023,-0.011894735864782683
alpha,rpa,constant,0.68,0.8,-0.12,-0.15,mpa_diastolic,1.4307273141607701,4.679746225352589,-3.2490189111918184,-0.6942724572521078,4.628483048347386
alpha,rpa,constant,0.68,0.8,-0.12,-0.15,mpa_mean,813.3363956184855,812.7413177002337,0.5950779182518318,0.000732186127728425,-0.004881240851522833
alpha,rpa,constant,0.68,0.8,-0.12,-0.15,rpa_split,0.5097757123714727,0.5,0.009775712371472678,0.019551424742945356,-0.13034283161963572
alpha,rpa,constant,0.68,0.8,-0.12,-0.15,lpa_split,0.4902242876285273,0.5,-0.009775712371472678,-0.019551424742945356,0.13034283161963572
alpha,rpa,constant,0.7,0.8,-0.10000000000000009,-0.1250000000000001,mpa_systolic,3933.6959348538194,3930.6512619063146,3.0446729475047505,0.0007745975780176753,-0.006196780624141397
alpha,rpa,constant,0.7,0.8,-0.10000000000000009,-0.1250000000000001,mpa_diastolic,4.29407219920648,4.679746225352589,-0.38567402614610913,-0.08241344884402382,0.65930759075219
alpha,rpa,constant,0.7,0.8,-0.10000000000000009,-0.1250000000000001,mpa_mean,813.4097566080521,812.7413177002337,0.6684389078184267,0.0008224497675470333,-0.00657959814037626
alpha,rpa,constant,0.7,0.8,-0.10000000000000009,-0.1250000000000001,rpa_split,0.5014024834350639,0.5,0.0014024834350638837,0.0028049668701277675,-0.02243973496102212
alpha,rpa,constant,0.7,0.8,-0.10000000000000009,-0.1250000000000001,lpa_split,0.4985975165649361,0.5,-0.0014024834350638837,-0.0028049668701277675,0.02243973496102212
alpha,rpa,constant,0.72,0.8,-0.08000000000000007,-0.10000000000000009,mpa_systolic,3931.817353771472,3930.6512619063146,1.166091865157341,0.0002966663251096465,-0.0029666632510964627
alpha,rpa,constant,0.72,0.8,-0.08000000000000007,-0.10000000000000009,mpa_diastolic,4.656400750292174,4.679746225352589,-0.023345475060414955,-0.004988619881552663,0.04988619881552658
alpha,rpa,constant,0.72,0.8,-0.08000000000000007,-0.10000000000000009,mpa_mean,813.0687934402281,812.7413177002337,0.32747573999438373,0.00040292739259402063,-0.004029273925940203
alpha,rpa,constant,0.72,0.8,-0.08000000000000007,-0.10000000000000009,rpa_split,0.4998857959858642,0.5,-0.00011420401413581027,-0.00022840802827162054,0.0022840802827162033
alpha,rpa,constant,0.72,0.8,-0.08000000000000007,-0.10000000000000009,lpa_split,0.5001142040141358,0.5,0.00011420401413575476,0.00022840802827150952,-0.002284080282715093
alpha,rpa,constant,0.74,0.8,-0.06000000000000005,-0.07500000000000007,mpa_systolic,3931.832926710282,3930.6512619063146,1.1816648039675783,0.00030062824840748815,-0.0040083766454331714
alpha,rpa,constant,0.74,0.8,-0.06000000000000005,-0.07500000000000007,mpa_diastolic,4.647782366425294,4.679746225352589,-0.03196385892729481,-0.0068302547591427435,0.0910700634552365
alpha,rpa,constant,0.74,0.8,-0.06000000000000005,-0.07500000000000007,mpa_mean,813.0673149448872,812.7413177002337,0.32599724465353574,0.0004011082463187561,-0.005348109950916743
alpha,rpa,constant,0.74,0.8,-0.06000000000000005,-0.07500000000000007,rpa_split,0.49993898382972773,0.5,-6.101617027226558e-05,-0.00012203234054453116,0.0016270978739270808
alpha,rpa,constant,0.74,0.8,-0.06000000000000005,-0.07500000000000007,lpa_split,0.5000610161702723,0.5,6.101617027232109e-05,0.00012203234054464218,-0.001627097873928561
alpha,rpa,constant,0.76,0.8,-0.040000000000000036,-0.050000000000000044,mpa_systolic,3931.1914661099117,3930.6512619063146,0.5402042035971135,0.00013743376545064483,-0.002748675309012894
alpha,rpa,constant,0.76,0.8,-0.040000000000000036,-0.050000000000000044,mpa_diastolic,4.666696586166111,4.679746225352589,-0.013049639186477613,-0.00278853565088231,0.05577071301764615
alpha,rpa,constant,0.76,0.8,-0.040000000000000036,-0.050000000000000044,mpa_mean,812.8906117234687,812.7413177002337,0.14929402323502927,0.00018369193245580006,-0.003673838649115998
alpha,rpa,constant,0.76,0.8,-0.040000000000000036,-0.050000000000000044,rpa_split,0.4999691829107777,0.5,-3.081708922231252e-05,-6.163417844462504e-05,0.0012326835688924998
alpha,rpa,constant,0.76,0.8,-0.040000000000000036,-0.050000000000000044,lpa_split,0.5000308170892223,0.5,3.081708922225701e-05,6.163417844451402e-05,-0.0012326835688902793
alpha,rpa,constant,0.78,0.8,-0.020000000000000018,-0.025000000000000022,mpa_systolic,3931.684437701526,3930.6512619063146,1.033175795211264,0.0002628510458875426,-0.010514041835501696
alpha,rpa,constant,0.78,0.8,-0.020000000000000018,-0.025000000000000022,mpa_diastolic,4.665356570670547,4.679746225352589,-0.014389654682041453,-0.0030748792753088412,0.12299517101235354
alpha,rpa,constant,0.78,0.8,-0.020000000000000018,-0.025000000000000022,mpa_mean,813.0346898339849,812.7413177002337,0.293372133751177,0.00036096618611849936,-0.01443864744473996
alpha,rpa,constant,0.78,0.8,-0.020000000000000018,-0.025000000000000022,rpa_split,0.49985476959277836,0.5,-0.0001452304072216415,-0.000290460814443283,0.011618432577731309
alpha,rpa,constant,0.78,0.8,-0.020000000000000018,-0.025000000000000022,lpa_split,0.5001452304072216,0.5,0.00014523040722158598,0.00029046081444317196,-0.011618432577726868
beta,lpa,constant,0.1,0.6,-0.5,-0.8333333333333334,mpa_systolic,3999.6634319428163,3930.6512619063146,69.01217003650163,0.017557439070041442,-0.02106892688404973
beta,lpa,constant,0.1,0.6,-0.5,-0.8333333333333334,mpa_diastolic,-4.582354093388978,4.679746225352589,-9.262100318741567,-1.979188586886189,2.3750263042634265
beta,lpa,constant,0.1,0.6,-0.5,-0.8333333333333334,mpa_mean,840.4393728057347,812.7413177002337,27.698055105501,0.03407979205963904,-0.04089575047156685
beta,lpa,constant,0.1,0.6,-0.5,-0.8333333333333334,rpa_split,0.49904857796089785,0.5,-0.0009514220391021455,-0.001902844078204291,0.0022834128938451492
beta,lpa,constant,0.1,0.6,-0.5,-0.8333333333333334,lpa_split,0.5009514220391021,0.5,0.0009514220391021455,0.001902844078204291,-0.0022834128938451492
beta,lpa,constant,0.12,0.6,-0.48,-0.8,mpa_systolic,3985.750457276201,3930.6512619063146,55.099195369886274,0.014017828522178252,-0.017522285652722812
beta,lpa,constant,0.12,0.6,-0.48,-0.8,mpa_diastolic,-0.12409483967851392,4.679746225352589,-4.8038410650311025,-1.026517429301236,1.283146786626545
beta,lpa,constant,0.12,0.6,-0.48,-0.8,mpa_mean,830.3982214754202,812.7413177002337,17.656903775186493,0.021725121377056594,-0.027156401721320743
beta,lpa,constant,0.12,0.6,-0.48,-0.8,rpa_split,0.4979837531985541,0.5,-0.002016246801445909,-0.004032493602891818,0.005040617003614772
beta,lpa,constant,0.12,0.6,-0.48,-0.8,lpa_split,0.502016246801446,0.5,0.0020162468014459645,0.004032493602891929,-0.005040617003614911
beta,lpa,constant,0.14,0.6,-0.45999999999999996,-0.7666666666666666,mpa_systolic,3976.147844939489,3930.6512619063146,45.496583033174375,0.01157482055813548,-0.015097592032350627
beta,lpa,constant,0.14,0.6,-0.45999999999999996,-0.7666666666666666,mpa_diastolic,1.4705563664396468,4.679746225352589,-3.209189858912942,-0.6857615144870703,0.8944715406353092
beta,lpa,constant,0.14,0.6,-0.45999999999999996,-0.7666666666666666,mpa_mean,826.2732131163623,812.7413177002337,13.531895416128577,0.016649695446047934,-0.021716994060062524
beta,lpa,constant,0.14,0.6,-0.45999999999999996,-0.7666666666666666,rpa_split,0.4988195120292743,0.5,-0.0011804879707256744,-0.0023609759414513487,0.0030795338366756725
beta,lpa,constant,0.14,0.6,-0.45999999999999996,-0.7666666666666666,lpa_split,0.5011804879707257,0.5,0.0011804879707256744,0.0023609759414513487,-0.0030795338366756725
beta,lpa,constant,0.16,0.6,-0.43999999999999995,-0.7333333333333333,mpa_systolic,3975.4699480119975,3930.6512619063146,44.8186861056829,0.011402356281270912,-0.015548667656278516
beta,lpa,constant,0.16,0.6,-0.43999999999999995,-0.7333333333333333,mpa_diastolic,1.5878323068184206,4.679746225352589,-3.091913918534168,-0.6607011939629723,0.9009561735858714
beta,lpa,constant,0.16,0.6,-0.43999999999999995,-0.7333333333333333,mpa_mean,826.0452635382894,812.7413177002337,13.30394583805571,0.01636922542058167,-0.022321671028065915
beta,lpa,constant,0.16,0.6,-0.43999999999999995,-0.7333333333333333,rpa_split,0.4990150561487806,0.5,-0.0009849438512193887,-0.0019698877024387773,0.0026862105033256057
beta,lpa,constant,0.16,0.6,-0.43999999999999995,-0.7333333333333333,lpa_split,0.5009849438512194,0.5,0.0009849438512193887,0.0019698877024387773,-0.0026862105033256057
beta,lpa,constant,0.18,0.6,-0.42,-0.7,mpa_systolic,3964.4492895567073,3930.6512619063146,33.79802765039267,0.00859858211740745,-0.012283688739153501
beta,lpa,constant,0.18,0.6,-0.42,-0.7,mpa_diastolic,2.7734317282877643,4.679746225352589,-1.9063144970648245,-0.40735424641988915,0.5819346377426988
beta,lpa,constant,0.18,0.6,-0.42,-0.7,mpa_mean,822.2651023183247,812.7413177002337,9.523784618090986,0.01171810071750736,-0.01674014388215337
beta,lpa,constant,0.18,0.6,-0.42,-0.7,rpa_split,0.49991578934910696,0.5,-8.421065089303514e-05,-0.0001684213017860703,0.00024060185969438614
beta,lpa,constant,0.18,0.6,-0.42,-0.7,lpa_split,0.500084210650893,0.5,8.421065089303514e-05,0.0001684213017860703,-0.00024060185969438614
beta,lpa,constant,0.2,0.6,-0.39999999999999997,-0.6666666666666666,mpa_systolic,3968.9467147535547,3930.6512619063146,38.295452847240085,0.009742775508572412,-0.014614163262858618
beta,lpa,constant,0.2,0.6,-0.39999999999999997,-0.6666666666666666,mpa_diastolic,2.387104549526937,4.679746225352589,-2.2926416758256516,-0.48990726535666274,0.7348608980349941
beta,lpa,constant,0.2,0.6,-0.39999999999999997,-0.6666666666666666,mpa_mean,823.7546811640127,812.7413177002337,11.013363463779001,0.013550884179166464,-0.0203263262687497
beta,lpa,constant,0.2,0.6,-0.39999999999999997,-0.6666666666666666,rpa_split,0.49976591729831155,0.5,-0.0002340827016884539,-0.0004681654033769078,0.0007022481050653617
beta,lpa,constant,0.2,0.6,-0.39999999999999997,-0.6666666666666666,lpa_split,0.5002340827016885,0.5,0.0002340827016884539,0.0004681654033769078,-0.0007022481050653617
beta,lpa,constant,0.22,0.6,-0.38,-0.6333333333333334,mpa_systolic,3960.4947959769283,3930.6512619063146,29.843534070613714,0.007592516375044676,-0.01198818375007054
beta,lpa,constant,0.22,0.6,-0.38,-0.6333333333333334,mpa_diastolic,3.151097785344018,4.679746225352589,-1.528648440008571,-0.3266519948725205,0.5157663076934533
beta,lpa,constant,0.22,0.6,-0.38,-0.6333333333333334,mpa_mean,821.0793318336085,812.7413177002337,8.338014133374827,0.010259124215523354,-0.016198617182405294
beta,lpa,constant,0.22,0.6,-0.38,-0.6333333333333334,rpa_split,0.5003466683745291,0.5,0.00034666837452912436,0.0006933367490582487,-0.0010947422353551294
beta,lpa,constant,0.22,0.6,-0.38,-0.6333333333333334,lpa_split,0.4996533316254709,0.5,-0.00034666837452912436,-0.0006933367490582487,0.0010947422353551294
beta,lpa,constant,0.24,0.6,-0.36,-0.6,mpa_systolic,3953.7171049568587,3930.6512619063146,23.065843050544117,0.005868198808193807,-0.009780331346989678
beta,lpa,constant,0.24,0.6,-0.36,-0.6,mpa_diastolic,3.65893839069567,4.679746225352589,-1.0208078346569187,-0.21813316053906479,0.363555267565108
beta,lpa,constant,0.24,0.6,-0.36,-0.6,mpa_mean,819.1052217837475,812.7413177002337,6.36390408351383,0.007830171722438568,-0.01305028620406428
beta,lpa,constant,0.24,0.6,-0.36,-0.6,rpa_split,0.5006342152626829,0.5,0.0006342152626829245,0.001268430525365849,-0.0021140508756097485
beta,lpa,constant,0.24,0.6,-0.36,-0.6,lpa_split,0.4993657847373171,0.5,-0.0006342152626829245,-0.001268430525365849,0.0021140508756097485
beta,lpa,constant,0.26,0.6,-0.33999999999999997,-0.5666666666666667,mpa_systolic,3960.801152880429,3930.6512619063146,30.14989097411444,0.007670456869656795,-0.013536100358217874
beta,lpa,constant,0.26,0.6,-0.33999999999999997,-0.5666666666666667,mpa_diastolic,3.1897366439460595,4.679746225352589,-1.4900095814065293,-0.31839538078675766,0.5618742013883959
beta,lpa,constant,0.26,0.6,-0.33999999999999997,-0.5666666666666667,mpa_mean,821.2121526185606,812.7413177002337,8.470834918326887,0.010422547413113326,-0.018392730729023515
beta,lpa,constant,0.26,0.6,-0.33999999999999997,-0.5666666666666667,rpa_split,0.5005888040247928,0.5,0.0005888040247927773,0.0011776080495855545,-0.0020781318522098023
beta,lpa,constant,0.26,0.6,-0.33999999999999997,-0.5666666666666667,lpa_split,0.4994111959752072,0.5,-0.0005888040247927773,-0.0011776080495855545,0.0020781318522098023
beta,lpa,constant,0.28,0.6,-0.31999999999999995,-0.5333333333333333,mpa_systolic,3954.9876385387406,3930.6512619063146,24.33637663242598,0.006191436230499664,-0.01160894293218687
beta,lpa,constant,0.28,0.6,-0.31999999999999995,-0.5333333333333333,mpa_diastolic,3.6264133740212015,4.679746225352589,-1.0533328513313873,-0.225083327302011,0.4220312386912706
beta,lpa,constant,0.28,0.6,-0.31999999999999995,-0.5333333333333333,mpa_mean,819.5022688880174,812.7413177002337,6.760951187783689,0.008318699985519077,-0.015597562472848268
beta,lpa,constant,0.28,0.6,-0.31999999999999995,-0.5333333333333333,rpa_split,0.500834147164478,0.5,0.0008341471644780496,0.0016682943289560992,-0.003128051866792686
beta,lpa,constant,0.28,0.6,-0.31999999999999995,-0.5333333333333333,lpa_split,0.49916585283552195,0.5,-0.0008341471644780496,-0.0016682943289560992,0.003128051866792686
beta,lpa,constant,0.3,0.6,-0.3,-0.5,mpa_systolic,3950.2700036308215,3930.6512619063146,19.61874172450689,0.004991219117971828,-0.009982438235943657
beta,lpa,constant,0.3,0.6,-0.3,-0.5,mpa_diastolic,3.950236054439274,4.679746225352589,-0.7295101709133149,-0.15588669465903593,0.31177338931807186
beta,lpa,constant,0.3,0.6,-0.3,-0.5,mpa_mean,818.1676503063591,812.7413177002337,5.4263326061253565,0.006676580220481384,-0.013353160440962767
beta,lpa,constant,0.3,0.6,-0.3,-0.5,rpa_split,0.5009398842693569,0.5,0.0009398842693568721,0.0018797685387137442,-0.0037595370774274883
beta,lpa,constant,0.3,0.6,-0.3,-0.5,lpa_split,0.49906011573064313,0.5,-0.0009398842693568721,-0.0018797685387137442,0.0037595370774274883
beta,lpa,constant,0.32,0.6,-0.27999999999999997,-0.4666666666666666,mpa_systolic,3953.067367728869,3930.6512619063146,22.416105822554528,0.005702898662061159,-0.012220497132988199
beta,lpa,constant,0.32,0.6,-0.27999999999999997,-0.4666666666666666,mpa_diastolic,3.8198048884347675,4.679746225352589,-0.8599413369178213,-0.1837581132624409,0.3937673855623734
beta,lpa,constant,0.32,0.6,-0.27999999999999997,-0.4666666666666666,mpa_mean,819.0047506893341,812.7413177002337,6.263432989100352,0.0077065517067886,-0.016514039371689857
beta,lpa,constant,0.32,0.6,-0.27999999999999997,-0.4666666666666666,rpa_split,0.5011081402891008,0.5,0.0011081402891007786,0.002216280578201557,-0.004749172667574766
beta,lpa,constant,0.32,0.6,-0.27999999999999997,-0.4666666666666666,lpa_split,0.4988918597108992,0.5,-0.0011081402891007786,-0.002216280578201557,0.004749172667574766
beta,lpa,constant,0.34,0.6,-0.25999999999999995,-0.4333333333333333,mpa_systolic,3948.3481786844063,3930.6512619063146,17.69691677809169,0.004502286160464135,-0.010389891139532622
beta,lpa,constant,0.34,0.6,-0.25999999999999995,-0.4333333333333333,mpa_diastolic,4.124438092020887,4.679746225352589,-0.5553081333317014,-0.11866201853496072,0.2738354273883709
beta,lpa,constant,0.34,0.6,-0.25999999999999995,-0.4333333333333333,mpa_mean,817.669074987946,812.7413177002337,4.927757287712325,0.00606313125762587,-0.013991841363752009
beta,lpa,constant,0.34,0.6,-0.25999999999999995,-0.4333333333333333,rpa_split,0.501122345074959,0.5,0.001122345074959008,0.002244690149918016,-0.005180054192118499
beta,lpa,constant,0.34,0.6,-0.25999999999999995,-0.4333333333333333,lpa_split,0.498877654925041,0.5,-0.001122345074959008,-0.002244690149918016,0.005180054192118499
beta,lpa,constant,0.36,0.6,-0.24,-0.4,mpa_systolic,3943.2186870026417,3930.6512619063146,12.567425096327042,0.0031972882504544566,-0.007993220626136142
beta,lpa,constant,0.36,0.6,-0.24,-0.4,mpa_diastolic,4.354983106843872,4.679746225352589,-0.32476311850871653,-0.06939759185002553,0.17349397962506383
beta,lpa,constant,0.36,0.6,-0.24,-0.4,mpa_mean,816.2410928220334,812.7413177002337,3.499775121799644,0.00430613658439656,-0.010765341460991399
beta,lpa,constant,0.36,0.6,-0.24,-0.4,rpa_split,0.5009946503640468,0.5,0.0009946503640467785,0.001989300728093557,-0.004973251820233893
beta,lpa,constant,0.36,0.6,-0.24,-0.4,lpa_split,0.4990053496359532,0.5,-0.0009946503640467785,-0.001989300728093557,0.004973251820233893
beta,lpa,constant,0.38,0.6,-0.21999999999999997,-0.36666666666666664,mpa_systolic,3940.1413860002876,3930.6512619063146,9.490124093973009,0.0024143897439963735,-0.006584699301808292
beta,lpa,constant,0.38,0.6,-0.21999999999999997,-0.36666666666666664,mpa_diastolic,4.460902467447507,4.679746225352589,-0.21884375790508148,-0.04676402252743801,0.12753824325664914
beta,lpa,constant,0.38,0.6,-0.21999999999999997,-0.36666666666666664,mpa_mean,815.3883176358871,812.7413177002337,2.6469999356534117,0.0032568787608134304,-0.008882396620400265
beta,lpa,constant,0.38,0.6,-0.21999999999999997,-0.36666666666666664,rpa_split,0.500853454666751,0.5,0.000853454666751019,0.001706909333502038,-0.004655207273187377
beta,lpa,constant,0.38,0.6,-0.21999999999999997,-0.36666666666666664,lpa_split,0.499146545333249,0.5,-0.000853454666751019,-0.001706909333502038,0.004655207273187377
beta,lpa,constant,0.4,0.6,-0.19999999999999996,-0.33333333333333326,mpa_systolic,3942.2043523296065,3930.6512619063146,11.553090423291906,0.0029392305888996132,-0.008817691766698842
beta,lpa,constant,0.4,0.6,-0.19999999999999996,-0.33333333333333326,mpa_diastolic,4.416959663972325,4.679746225352589,-0.26278656138026335,-0.05615401962538344,0.16846205887615034
beta,lpa,constant,0.4,0.6,-0.19999999999999996,-0.33333333333333326,mpa_mean,815.9781295830206,812.7413177002337,3.236811882786924,0.003982585617704216,-0.011947756853112652
beta,lpa,constant,0.4,0.6,-0.19999999999999996,-0.33333333333333326,rpa_split,0.5010730890058278,0.5,0.0010730890058278097,0.0021461780116556195,-0.00643853403496686
beta,lpa,constant,0.4,0.6,-0.19999999999999996,-0.33333333333333326,lpa_split,0.4989269109941722,0.5,-0.0010730890058278097,-0.0021461780116556195,0.00643853403496686
beta,lpa,constant,0.42,0.6,-0.18,-0.3,mpa_systolic,3939.2385894922963,3930.6512619063146,8.587327585981711,0.00218470859249339,-0.007282361974977967
beta,lpa,constant,0.42,0.6,-0.18,-0.3,mpa_diastolic,4.503575874681085,4.679746225352589,-0.17617035067150422,-0.03764527865145741,0.12548426217152472
beta,lpa,constant,0.42,0.6,-0.18,-0.3,mpa_mean,815.1494373525644,812.7413177002337,2.408119652330697,0.0029629595541479444,-0.009876531847159815
beta,lpa,constant,0.42,0.6,-0.18,-0.3,rpa_split,0.5008786440095788,0.5,0.0008786440095788217,0.0017572880191576434,-0.005857626730525478
beta,lpa,constant,0.42,0.6,-0.18,-0.3,lpa_split,0.4991213559904212,0.5,-0.0008786440095788217,-0.0017572880191576434,0.005857626730525478
beta,lpa,constant,0.44,0.6,-0.15999999999999998,-0.26666666666666666,mpa_systolic,3936.8617432874075,3930.6512619063146,6.2104813810929045,0.0015800133278882904,-0.005925049979581089
beta,lpa,constant,0.44,0.6,-0.15999999999999998,-0.26666666666666666,mpa_diastolic,4.562347004825072,4.679746225352589,-0.11739922052751695,-0.025086663864699557,0.09407498949262334
beta,lpa,constant,0.44,0.6,-0.15999999999999998,-0.26666666666666666,mpa_mean,814.4852632201465,812.7413177002337,1.7439455199128133,0.0021457571824298944,-0.008046589434112104
beta,lpa,constant,0.44,0.6,-0.15999999999999998,-0.26666666666666666,rpa_split,0.5006857862246751,0.5,0.0006857862246750779,0.0013715724493501558,-0.005143396685063084
beta,lpa,constant,0.44,0.6,-0.15999999999999998,-0.26666666666666666,lpa_split,0.4993142137753249,0.5,-0.0006857862246750779,-0.0013715724493501558,0.005143396685063084
beta,lpa,constant,0.46,0.6,-0.13999999999999996,-0.23333333333333328,mpa_systolic,3936.6168115169316,3930.6512619063146,5.965549610617018,0.001517700048445357,-0.006504428779051531
beta,lpa,constant,0.46,0.6,-0.13999999999999996,-0.23333333333333328,mpa_diastolic,4.573742816785044,4.679746225352589,-0.10600340856754453,-0.022651529263118933,0.09707798255622402
beta,lpa,constant,0.46,0.6,-0.13999999999999996,-0.23333333333333328,mpa_mean,814.4234176350814,812.7413177002337,1.6820999348476562,0.002069662139987414,-0.008869980599946061
beta,lpa,constant,0.46,0.6,-0.13999999999999996,-0.23333333333333328,rpa_split,0.5007263309313847,0.5,0.0007263309313847444,0.0014526618627694887,-0.006225693697583525
beta,lpa,constant,0.46,0.6,-0.13999999999999996,-0.23333333333333328,lpa_split,0.49927366906861526,0.5,-0.0007263309313847444,-0.0014526618627694887,0.006225693697583525
beta,lpa,constant,0.48,0.6,-0.12,-0.2,mpa_systolic,3935.748105267425,3930.6512619063146,5.096843361110587,0.0012966918257303459,-0.006483459128651729
beta,lpa,constant,0.48,0.6,-0.12,-0.2,mpa_diastolic,4.595910924398178,4.679746225352589,-0.08383530095441039,-0.017914497264879772,0.08957248632439886
beta,lpa,constant,0.48,0.6,-0.12,-0.2,mpa_mean,814.18099605964,812.7413177002337,1.4396783594063436,0.0017713857140671976,-0.008856928570335987
beta,lpa,constant,0.48,0.6,-0.12,-0.2,rpa_split,0.5006424451223076,0.5,0.0006424451223076,0.0012848902446152,-0.006424451223076
beta,lpa,constant,0.48,0.6,-0.12,-0.2,lpa_split,0.4993575548776924,0.5,-0.0006424451223076,-0.0012848902446152,0.006424451223076
beta,lpa,constant,0.5,0.6,-0.09999999999999998,-0.16666666666666663,mpa_systolic,3935.4387572588194,3930.6512619063146,4.78749535250472,0.00121799036177604,-0.007307942170656242
beta,lpa,constant,0.5,0.6,-0.09999999999999998,-0.16666666666666663,mpa_diastolic,4.606485759952146,4.679746225352589,-0.07326046540044295,-0.015654794485126862,0.0939287669107612
beta,lpa,constant,0.5,0.6,-0.09999999999999998,-0.16666666666666663,mpa_mean,814.0984786008436,812.7413177002337,1.3571609006098697,0.0016698559197779535,-0.010019135518667724
beta,lpa,constant,0.5,0.6,-0.09999999999999998,-0.16666666666666663,rpa_split,0.500648375575799,0.5,0.0006483755757989984,0.0012967511515979968,-0.007780506909587983
beta,lpa,constant,0.5,0.6,-0.09999999999999998,-0.16666666666666663,lpa_split,0.499351624424201,0.5,-0.0006483755757989984,-0.0012967511515979968,0.007780506909587983
beta,lpa,constant,0.52,0.6,-0.07999999999999996,-0.13333333333333328,mpa_systolic,3933.7312209753522,3930.6512619063146,3.0799590690376135,0.0007835747472401999,-0.005876810604301502
beta,lpa,constant,0.52,0.6,-0.07999999999999996,-0.13333333333333328,mpa_diastolic,4.635121960784173,4.679746225352589,-0.04462426456841584,-0.00953561633890814,0.07151712254181108
beta,lpa,constant,0.52,0.6,-0.07999999999999996,-0.13333333333333328,mpa_mean,813.6152058675973,812.7413177002337,0.8738881673635888,0.0010752353157538227,-0.008064264868153674
beta,lpa,constant,0.52,0.6,-0.07999999999999996,-0.13333333333333328,rpa_split,0.5004337141609784,0.5,0.00043371416097837123,0.0008674283219567425,-0.006505712414675571
beta,lpa,constant,0.52,0.6,-0.07999999999999996,-0.13333333333333328,lpa_split,0.49956628583902163,0.5,-0.00043371416097837123,-0.0008674283219567425,0.006505712414675571
beta,lpa,constant,0.54,0.6,-0.05999999999999994,-0.09999999999999991,mpa_systolic,3932.431107801311,3930.6512619063146,1.7798458949964697,0.0004528119582232456,-0.00452811958223246
beta,lpa,constant,0.54,0.6,-0.05999999999999994,-0.09999999999999991,mpa_diastolic,4.654776558134895,4.679746225352589,-0.024969667217694003,-0.005335688307716451,0.05335688307716456
beta,lpa,constant,0.54,0.6,-0.05999999999999994,-0.09999999999999991,mpa_mean,813.2467925746506,812.7413177002337,0.5054748744169046,0.0006219382027324724,-0.006219382027324729
beta,lpa,constant,0.54,0.6,-0.05999999999999994,-0.09999999999999991,rpa_split,0.5002592439553571,0.5,0.00025924395535714684,0.0005184879107142937,-0.005184879107142941
beta,lpa,constant,0.54,0.6,-0.05999999999999994,-0.09999999999999991,lpa_split,0.49974075604464285,0.5,-0.00025924395535714684,-0.0005184879107142937,0.005184879107142941
beta,lpa,constant,0.56,0.6,-0.039999999999999925,-0.06666666666666654,mpa_systolic,3932.3766081802687,3930.6512619063146,1.7253462739540737,0.00043894666786523903,-0.006584200017978598
beta,lpa,constant,0.56,0.6,-0.039999999999999925,-0.06666666666666654,mpa_diastolic,4.6572071920200795,4.679746225352589,-0.022539033332509284,-0.004816293928590351,0.07224440892885539
beta,lpa,constant,0.56,0.6,-0.039999999999999925,-0.06666666666666654,mpa_mean,813.2325213106518,812.7413177002337,0.491203610418097,0.0006043787853778949,-0.00906568178066844
beta,lpa,constant,0.56,0.6,-0.039999999999999925,-0.06666666666666654,rpa_split,0.5002615558689438,0.5,0.0002615558689438302,0.0005231117378876604,-0.007846676068314922
beta,lpa,constant,0.56,0.6,-0.039999999999999925,-0.06666666666666654,lpa_split,0.49973844413105617,0.5,-0.0002615558689438302,-0.0005231117378876604,0.007846676068314922
beta,lpa,constant,0.58,0.6,-0.020000000000000018,-0.03333333333333337,mpa_systolic,3931.1235620973416,3930.6512619063146,0.4723001910269886,0.00012015825357091822,-0.003604747607127543
beta,lpa,constant,0.58,0.6,-0.020000000000000018,-0.03333333333333337,mpa_diastolic,4.673121647849817,4.679746225352589,-0.006624577502771345,-0.0014155847739953519,0.042467543219860515
beta,lpa,constant,0.58,0.6,-0.020000000000000018,-0.03333333333333337,mpa_mean,812.8749231070905,812.7413177002337,0.13360540685675915,0.00016438859935756004,-0.0049316579807267965
beta,lpa,constant,0.58,0.6,-0.020000000000000018,-0.03333333333333337,rpa_split,0.500064152724619,0.5,6.415272461901544e-05,0.0001283054492380309,-0.0038491634771409228
beta,lpa,constant,0.58,0.6,-0.020000000000000018,-0.03333333333333337,lpa_split,0.499935847275381,0.5,-6.415272461901544e-05,-0.0001283054492380309,0.0038491634771409228
beta,lpa,constant,0.6,0.6,0.0,0.0,mpa_systolic,3930.6512619063146,3930.6512619063146,0.0,0.0,0.0
beta,lpa,constant,0.6,0.6,0.0,0.0,mpa_diastolic,4.679746225352589,4.679746225352589,0.0,0.0,0.0
beta,lpa,constant,0.6,0.6,0.0,0.0,mpa_mean,812.7413177002337,812.7413177002337,0.0,0.0,0.0
beta,lpa,constant,0.6,0.6,0.0,0.0,rpa_split,0.5,0.5,0.0,0.0,0.0
beta,lpa,constant,0.6,0.6,0.0,0.0,lpa_split,0.5,0.5,0.0,0.0,0.0
beta,lpa,constant,0.62,0.6,0.020000000000000018,0.03333333333333337,mpa_systolic,3930.301541251856,3930.6512619063146,-0.34972065445845146,-8.89726997273326e-05,-0.0026691809918199753
beta,lpa,constant,0.62,0.6,0.020000000000000018,0.03333333333333337,mpa_diastolic,4.68377351406981,4.679746225352589,0.004027288717221467,0.0008605784423530437,0.025817353270591283
beta,lpa,constant,0.62,0.6,0.020000000000000018,0.03333333333333337,mpa_mean,812.6416730851331,812.7413177002337,-0.09964461510060119,-0.00012260311236859435,-0.0036780933710578267
beta,lpa,constant,0.62,0.6,0.020000000000000018,0.03333333333333337,rpa_split,0.49994290829835397,0.5,-5.709170164602817e-05,-0.00011418340329205634,-0.0034255020987616867
beta,lpa,constant,0.62,0.6,0.020000000000000018,0.03333333333333337,lpa_split,0.500057091701646,0.5,5.709170164602817e-05,0.00011418340329205634,0.0034255020987616867
beta,lpa,constant,0.64,0.6,0.040000000000000036,0.06666666666666674,mpa_systolic,3929.8411610315648,3930.6512619063146,-0.8101008747498781,-0.00020609838440792882,-0.003091475766118929
beta,lpa,constant,0.64,0.6,0.040000000000000036,0.06666666666666674,mpa_diastolic,4.688039161911859,4.679746225352589,0.008292936559270103,0.0017720910835598322,0.026581366253397454
beta,lpa,constant,0.64,0.6,0.040000000000000036,0.06666666666666674,mpa_mean,812.5098940358745,812.7413177002337,-0.23142366435922668,-0.0002847445544100952,-0.004271168316151424
beta,lpa,constant,0.64,0.6,0.040000000000000036,0.06666666666666674,rpa_split,0.499863664174709,0.5,-0.00013633582529098964,-0.0002726716505819793,-0.004090074758729685
beta,lpa,constant,0.64,0.6,0.040000000000000036,0.06666666666666674,lpa_split,0.500136335825291,0.5,0.00013633582529104515,0.0002726716505820903,0.00409007475873135
beta,lpa,constant,0.66,0.6,0.06000000000000005,0.10000000000000009,mpa_systolic,3929.1181085107323,3930.6512619063146,-1.5331533955823033,-0.0003900507303816986,-0.0039005073038169825
beta,lpa,constant,0.66,0.6,0.06000000000000005,0.10000000000000009,mpa_diastolic,4.694824816168449,4.679746225352589,0.01507859081586016,0.0032220958337808338,0.03222095833780831
beta,lpa,constant,0.66,0.6,0.06000000000000005,0.10000000000000009,mpa_mean,812.3020888130213,812.7413177002337,-0.43922888721237996,-0.00054042888880713,-0.0054042888880712955
beta,lpa,constant,0.66,0.6,0.06000000000000005,0.10000000000000009,rpa_split,0.4997302011962769,0.5,-0.00026979880372307585,-0.0005395976074461517,-0.005395976074461512
beta,lpa,constant,0.66,0.6,0.06000000000000005,0.10000000000000009,lpa_split,0.500269798803723,0.5,0.00026979880372302034,0.0005395976074460407,0.005395976074460402
beta,lpa,constant,0.68,0.6,0.08000000000000007,0.13333333333333347,mpa_systolic,3928.890169004128,3930.6512619063146,-1.7610929021866468,-0.0004480409949501701,-0.003360307462126272
beta,lpa,constant,0.68,0.6,0.08000000000000007,0.13333333333333347,mpa_diastolic,4.697584956883105,4.679746225352589,0.017838731530516405,0.0038119014731770786,0.02858926104882806
beta,lpa,constant,0.68,0.6,0.08000000000000007,0.13333333333333347,mpa_mean,812.236985552536,812.7413177002337,-0.5043321476977098,-0.0006205321874428494,-0.004653991405821366
beta,lpa,constant,0.68,0.6,0.08000000000000007,0.13333333333333347,rpa_split,0.4996947599894815,0.5,-0.0003052400105185149,-0.0006104800210370298,-0.004578600157777719
beta,lpa,constant,0.68,0.6,0.08000000000000007,0.13333333333333347,lpa_split,0.5003052400105186,0.5,0.0003052400105185704,0.0006104800210371408,0.004578600157778552
beta,lpa,constant,0.7,0.6,0.09999999999999998,0.16666666666666663,mpa_systolic,3928.4692091076527,3930.6512619063146,-2.182052798661971,-0.0005551377248369024,-0.0033308263490214153
beta,lpa,constant,0.7,0.6,0.09999999999999998,0.16666666666666663,mpa_diastolic,4.701720412408738,4.679746225352589,0.021974187056149397,0.004695593734785006,0.02817356240871004
beta,lpa,constant,0.7,0.6,0.09999999999999998,0.16666666666666663,mpa_mean,812.1155925079681,812.7413177002337,-0.6257251922655769,-0.0007698946499190599,-0.004619367899514361
beta,lpa,constant,0.7,0.6,0.09999999999999998,0.16666666666666663,rpa_split,0.4996146911332627,0.5,-0.0003853088667373217,-0.0007706177334746434,-0.004623706400847861
beta,lpa,constant,0.7,0.6,0.09999999999999998,0.16666666666666663,lpa_split,0.5003853088667374,0.5,0.0003853088667373772,0.0007706177334747544,0.004623706400848527
beta,lpa,constant,0.72,0.6,0.12,0.2,mpa_systolic,3928.120320439155,3930.6512619063146,-2.530941467159664,-0.0006438987583783229,-0.0032194937918916143
beta,lpa,constant,0.72,0.6,0.12,0.2,mpa_diastolic,4.705809638704367,4.679746225352589,0.02606341335177831,0.005569407420124496,0.02784703710062248
beta,lpa,constant,0.72,0.6,0.12,0.2,mpa_mean,812.0155089827188,812.7413177002337,-0.7258087175149512,-0.0008930377989994768,-0.004465188994997383
beta,lpa,constant,0.72,0.6,0.12,0.2,rpa_split,0.499555217830996,0.5,-0.0004447821690040099,-0.0008895643380080198,-0.004447821690040099
beta,lpa,constant,0.72,0.6,0.12,0.2,lpa_split,0.500444782169004,0.5,0.0004447821690040099,0.0008895643380080198,0.004447821690040099
beta,lpa,constant,0.74,0.6,0.14,0.23333333333333336,mpa_systolic,3927.8632497148556,3930.6512619063146,-2.7880121914590745,-0.0007093003183668156,-0.003039858507286352
beta,lpa,constant,0.74,0.6,0.14,0.23333333333333336,mpa_diastolic,4.708862371610507,4.679746225352589,0.02911614625791792,0.0062217361488921775,0.026664583495252185
beta,lpa,constant,0.74,0.6,0.14,0.23333333333333336,mpa_mean,811.9416857283233,812.7413177002337,-0.7996319719104577,-0.0009838702112169332,-0.004216586619501142
beta,lpa,constant,0.74,0.6,0.14,0.23333333333333336,rpa_split,0.49951153269806925,0.5,-0.0004884673019307506,-0.0009769346038615012,-0.004186862587977862
beta,lpa,constant,0.74,0.6,0.14,0.23333333333333336,lpa_split,0.5004884673019308,0.5,0.0004884673019307506,0.0009769346038615012,0.004186862587977862
beta,lpa,constant,0.76,0.6,0.16000000000000003,0.2666666666666667,mpa_systolic,3927.6508891640983,3930.6512619063146,-3.000372742216314,-0.0007633271288384846,-0.002862476733144317
beta,lpa,constant,0.76,0.6,0.16000000000000003,0.2666666666666667,mpa_diastolic,4.708467600649798,4.679746225352589,0.028721375297209306,0.006137378805203339,0.023015170519512514
beta,lpa,constant,0.76,0.6,0.16000000000000003,0.2666666666666667,mpa_mean,811.8784174631801,812.7413177002337,-0.8629002370536227,-0.0010617157246235749,-0.003981433967338405
beta,lpa,constant,0.76,0.6,0.16000000000000003,0.2666666666666667,rpa_split,0.499450263615293,0.5,-0.0005497363847070114,-0.0010994727694140227,-0.004123022885302584
beta,lpa,constant,0.76,0.6,0.16000000000000003,0.2666666666666667,lpa_split,0.500549736384707,0.5,0.0005497363847070114,0.0010994727694140227,0.004123022885302584
beta,lpa,constant,0.78,0.6,0.18000000000000005,0.3000000000000001,mpa_systolic,3927.379598247512,3930.6512619063146,-3.2716636588024812,-0.000832346458845033,-0.002774488196150109
beta,lpa,constant,0.78,0.6,0.18000000000000005,0.3000000000000001,mpa_diastolic,4.7041041591719175,4.679746225352589,0.024357933819328714,0.005204968954805557,0.017349896516018516
beta,lpa,constant,0.78,0.6,0.18000000000000005,0.3000000000000001,mpa_mean,811.7950370059144,812.7413177002337,-0.9462806943192845,-0.0011643073555026332,-0.0038810245183421095
beta,lpa,constant,0.78,0.6,0.18000000000000005,0.3000000000000001,rpa_split,0.49933828032231053,0.5,-0.0006617196776894652,-0.0013234393553789303,-0.004411464517929766
beta,lpa,constant,0.78,0.6,0.18000000000000005,0.3000000000000001,lpa_split,0.5006617196776895,0.5,0.0006617196776894652,0.0013234393553789303,0.004411464517929766
beta,rpa,constant,0.1,0.6,-0.5,-0.8333333333333334,mpa_systolic,3999.6634319428163,3930.6512619063146,69.01217003650163,0.017557439070041442,-0.02106892688404973
beta,rpa,constant,0.1,0.6,-0.5,-0.8333333333333334,mpa_diastolic,-4.58235409338898,4.679746225352589,-9.262100318741568,-1.9791885868861894,2.375026304263427
beta,rpa,constant,0.1,0.6,-0.5,-0.8333333333333334,mpa_mean,840.4393728057347,812.7413177002337,27.698055105501,0.03407979205963904,-0.04089575047156685
beta,rpa,constant,0.1,0.6,-0.5,-0.8333333333333334,rpa_split,0.5009514220391021,0.5,0.0009514220391021455,0.001902844078204291,-0.0022834128938451492
beta,rpa,constant,0.1,0.6,-0.5,-0.8333333333333334,lpa_split,0.49904857796089785,0.5,-0.0009514220391021455,-0.001902844078204291,0.0022834128938451492
beta,rpa,constant,0.12,0.6,-0.48,-0.8,mpa_systolic,3985.750457276202,3930.6512619063146,55.099195369887184,0.014017828522178482,-0.017522285652723103
beta,rpa,constant,0.12,0.6,-0.48,-0.8,mpa_diastolic,-0.12409483967851505,4.679746225352589,-4.803841065031103,-1.0265174293012362,1.2831467866265451
beta,rpa,constant,0.12,0.6,-0.48,-0.8,mpa_mean,830.3982214754202,812.7413177002337,17.656903775186493,0.021725121377056594,-0.027156401721320743
beta,rpa,constant,0.12,0.6,-0.48,-0.8,rpa_split,0.5020162468014459,0.5,0.0020162468014458534,0.004032493602891707,-0.005040617003614634
beta,rpa,constant,0.12,0.6,-0.48,-0.8,lpa_split,0.49798375319855415,0.5,-0.0020162468014458534,-0.004032493602891707,0.005040617003614634
beta,rpa,constant,0.14,0.6,-0.45999999999999996,-0.7666666666666666,mpa_systolic,3976.147844939489,3930.6512619063146,45.496583033174375,0.01157482055813548,-0.015097592032350627
beta,rpa,constant,0.14,0.6,-0.45999999999999996,-0.7666666666666666,mpa_diastolic,1.4705563664396473,4.679746225352589,-3.2091898589129415,-0.6857615144870702,0.8944715406353091
beta,rpa,constant,0.14,0.6,-0.45999999999999996,-0.7666666666666666,mpa_mean,826.2732131163623,812.7413177002337,13.531895416128577,0.016649695446047934,-0.021716994060062524
beta,rpa,constant,0.14,0.6,-0.45999999999999996,-0.7666666666666666,rpa_split,0.5011804879707257,0.5,0.0011804879707256744,0.0023609759414513487,-0.0030795338366756725
beta,rpa,constant,0.14,0.6,-0.45999999999999996,-0.7666666666666666,lpa_split,0.4988195120292743,0.5,-0.0011804879707256744,-0.0023609759414513487,0.0030795338366756725
beta,rpa,constant,0.16,0.6,-0.43999999999999995,-0.7333333333333333,mpa_systolic,3975.4699480119975,3930.6512619063146,44.8186861056829,0.011402356281270912,-0.015548667656278516
beta,rpa,constant,0.16,0.6,-0.43999999999999995,-0.7333333333333333,mpa_diastolic,1.5878323068184208,4.679746225352589,-3.0919139185341677,-0.6607011939629722,0.9009561735858713
beta,rpa,constant,0.16,0.6,-0.43999999999999995,-0.7333333333333333,mpa_mean,826.0452635382894,812.7413177002337,13.30394583805571,0.01636922542058167,-0.022321671028065915
beta,rpa,constant,0.16,0.6,-0.43999999999999995,-0.7333333333333333,rpa_split,0.5009849438512194,0.5,0.0009849438512193887,0.0019698877024387773,-0.0026862105033256057
beta,rpa,constant,0.16,0.6,-0.43999999999999995,-0.7333333333333333,lpa_split,0.4990150561487806,0.5,-0.0009849438512193887,-0.0019698877024387773,0.0026862105033256057
beta,rpa,constant,0.18,0.6,-0.42,-0.7,mpa_systolic,3964.4492895567073,3930.6512619063146,33.79802765039267,0.00859858211740745,-0.012283688739153501
beta,rpa,constant,0.18,0.6,-0.42,-0.7,mpa_diastolic,2.7734317282877643,4.679746225352589,-1.9063144970648245,-0.40735424641988915,0.5819346377426988
beta,rpa,constant,0.18,0.6,-0.42,-0.7,mpa_mean,822.2651023183247,812.7413177002337,9.523784618090986,0.01171810071750736,-0.01674014388215337
beta,rpa,constant,0.18,0.6,-0.42,-0.7,rpa_split,0.5000842106508931,0.5,8.421065089314617e-05,0.00016842130178629233,-0.00024060185969470335
beta,rpa,constant,0.18,0.6,-0.42,-0.7,lpa_split,0.49991578934910685,0.5,-8.421065089314617e-05,-0.00016842130178629233,0.00024060185969470335
beta,rpa,constant,0.2,0.6,-0.39999999999999997,-0.6666666666666666,mpa_systolic,3968.9467147535547,3930.6512619063146,38.295452847240085,0.009742775508572412,-0.014614163262858618
beta,rpa,constant,0.2,0.6,-0.39999999999999997,-0.6666666666666666,mpa_diastolic,2.3871045495269376,4.679746225352589,-2.292641675825651,-0.4899072653566627,0.7348608980349941
beta,rpa,constant,0.2,0.6,-0.39999999999999997,-0.6666666666666666,mpa_mean,823.7546811640127,812.7413177002337,11.013363463779001,0.013550884179166464,-0.0203263262687497
beta,rpa,constant,0.2,0.6,-0.39999999999999997,-0.6666666666666666,rpa_split,0.5002340827016883,0.5,0.0002340827016883429,0.0004681654033766858,-0.0007022481050650287
beta,rpa,constant,0.2,0.6,-0.39999999999999997,-0.6666666666666666,lpa_split,0.49976591729831166,0.5,-0.0002340827016883429,-0.0004681654033766858,0.0007022481050650287
beta,rpa,constant,0.22,0.6,-0.38,-0.6333333333333334,mpa_systolic,3960.4947959769283,3930.6512619063146,29.843534070613714,0.007592516375044676,-0.01198818375007054
beta,rpa,constant,0.22,0.6,-0.38,-0.6333333333333334,mpa_diastolic,3.151097785344017,4.679746225352589,-1.5286484400085718,-0.32665199487252067,0.5157663076934537
beta,rpa,constant,0.22,0.6,-0.38,-0.6333333333333334,mpa_mean,821.0793318336085,812.7413177002337,8.338014133374827,0.010259124215523354,-0.016198617182405294
beta,rpa,constant,0.22,0.6,-0.38,-0.6333333333333334,rpa_split,0.4996533316254709,0.5,-0.00034666837452912436,-0.0006933367490582487,0.0010947422353551294
beta,rpa,constant,0.22,0.6,-0.38,-0.6333333333333334,lpa_split,0.5003466683745291,0.5,0.00034666837452912436,0.0006933367490582487,-0.0010947422353551294
beta,rpa,constant,0.24,0.6,-0.36,-0.6,mpa_systolic,3953.7171049568583,3930.6512619063146,23.065843050543663,0.005868198808193691,-0.009780331346989486
beta,rpa,constant,0.24,0.6,-0.36,-0.6,mpa_diastolic,3.65893839069567,4.679746225352589,-1.0208078346569187,-0.21813316053906479,0.363555267565108
beta,rpa,constant,0.24,0.6,-0.36,-0.6,mpa_mean,819.1052217837475,812.7413177002337,6.36390408351383,0.007830171722438568,-0.01305028620406428
beta,rpa,constant,0.24,0.6,-0.36,-0.6,rpa_split,0.49936578473731696,0.5,-0.0006342152626830355,-0.001268430525366071,0.0021140508756101184
beta,rpa,constant,0.24,0.6,-0.36,-0.6,lpa_split,0.500634215262683,0.5,0.0006342152626830355,0.001268430525366071,-0.0021140508756101184
beta,rpa,constant,0.26,0.6,-0.33999999999999997,-0.5666666666666667,mpa_systolic,3960.80115288043,3930.6512619063146,30.14989097411535,0.007670456869657027,-0.013536100358218284
beta,rpa,constant,0.26,0.6,-0.33999999999999997,-0.5666666666666667,mpa_diastolic,3.1897366439460595,4.679746225352589,-1.4900095814065293,-0.31839538078675766,0.5618742013883959
beta,rpa,constant,0.26,0.6,-0.33999999999999997,-0.5666666666666667,mpa_mean,821.2121526185608,812.7413177002337,8.470834918327114,0.010422547413113605,-0.018392730729024007
beta,rpa,constant,0.26,0.6,-0.33999999999999997,-0.5666666666666667,rpa_split,0.499411195975207,0.5,-0.0005888040247929993,-0.0011776080495859986,0.002078131852210586
beta,rpa,constant,0.26,0.6,-0.33999999999999997,-0.5666666666666667,lpa_split,0.500588804024793,0.5,0.0005888040247929993,0.0011776080495859986,-0.002078131852210586
beta,rpa,constant,0.28,0.6,-0.31999999999999995,-0.5333333333333333,mpa_systolic,3954.9876385387406,3930.6512619063146,24.33637663242598,0.006191436230499664,-0.01160894293218687
beta,rpa,constant,0.28,0.6,-0.31999999999999995,-0.5333333333333333,mpa_diastolic,3.626413374021203,4.679746225352589,-1.053332851331386,-0.22508332730201072,0.4220312386912701
beta,rpa,constant,0.28,0.6,-0.31999999999999995,-0.5333333333333333,mpa_mean,819.5022688880174,812.7413177002337,6.760951187783689,0.008318699985519077,-0.015597562472848268
beta,rpa,constant,0.28,0.6,-0.31999999999999995,-0.5333333333333333,rpa_split,0.49916585283552184,0.5,-0.0008341471644781606,-0.0016682943289563212,0.0031280518667931023
beta,rpa,constant,0.28,0.6,-0.31999999999999995,-0.5333333333333333,lpa_split,0.5008341471644782,0.5,0.0008341471644781606,0.0016682943289563212,-0.0031280518667931023
beta,rpa,constant,0.3,0.6,-0.3,-0.5,mpa_systolic,3950.2700036308215,3930.6512619063146,19.61874172450689,0.004991219117971828,-0.009982438235943657
beta,rpa,constant,0.3,0.6,-0.3,-0.5,mpa_diastolic,3.950236054439273,4.679746225352589,-0.7295101709133158,-0.15588669465903612,0.31177338931807225
beta,rpa,constant,0.3,0.6,-0.3,-0.5,mpa_mean,818.1676503063591,812.7413177002337,5.4263326061253565,0.006676580220481384,-0.013353160440962767
beta,rpa,constant,0.3,0.6,-0.3,-0.5,rpa_split,0.4990601157306431,0.5,-0.0009398842693569276,-0.0018797685387138552,0.0037595370774277104
beta,rpa,constant,0.3,0.6,-0.3,-0.5,lpa_split,0.5009398842693569,0.5,0.0009398842693568721,0.0018797685387137442,-0.0037595370774274883
beta,rpa,constant,0.32,0.6,-0.27999999999999997,-0.4666666666666666,mpa_systolic,3953.067367728869,3930.6512619063146,22.416105822554528,0.005702898662061159,-0.012220497132988199
beta,rpa,constant,0.32,0.6,-0.27999999999999997,-0.4666666666666666,mpa_diastolic,3.8198048884347666,4.679746225352589,-0.8599413369178222,-0.1837581132624411,0.39376738556237384
beta,rpa,constant,0.32,0.6,-0.27999999999999997,-0.4666666666666666,mpa_mean,819.0047506893341,812.7413177002337,6.263432989100352,0.0077065517067886,-0.016514039371689857
beta,rpa,constant,0.32,0.6,-0.27999999999999997,-0.4666666666666666,rpa_split,0.4988918597108991,0.5,-0.0011081402891008896,-0.002216280578201779,0.004749172667575242
beta,rpa,constant,0.32,0.6,-0.27999999999999997,-0.4666666666666666,lpa_split,0.5011081402891009,0.5,0.0011081402891008896,0.002216280578201779,-0.004749172667575242
beta,rpa,constant,0.34,0.6,-0.25999999999999995,-0.4333333333333333,mpa_systolic,3948.3481786844072,3930.6512619063146,17.6969167780926,0.004502286160464367,-0.010389891139533156
beta,rpa,constant,0.34,0.6,-0.25999999999999995,-0.4333333333333333,mpa_diastolic,4.124438092020887,4.679746225352589,-0.5553081333317014,-0.11866201853496072,0.2738354273883709
beta,rpa,constant,0.34,0.6,-0.25999999999999995,-0.4333333333333333,mpa_mean,817.669074987946,812.7413177002337,4.927757287712325,0.00606313125762587,-0.013991841363752009
beta,rpa,constant,0.34,0.6,-0.25999999999999995,-0.4333333333333333,rpa_split,0.49887765492504094,0.5,-0.0011223450749590635,-0.002244690149918127,0.005180054192118756
beta,rpa,constant,0.34,0.6,-0.25999999999999995,-0.4333333333333333,lpa_split,0.5011223450749591,0.5,0.001122345074959119,0.002244690149918238,-0.005180054192119012
beta,rpa,constant,0.36,0.6,-0.24,-0.4,mpa_systolic,3943.2186870026417,3930.6512619063146,12.567425096327042,0.0031972882504544566,-0.007993220626136142
beta,rpa,constant,0.36,0.6,-0.24,-0.4,mpa_diastolic,4.354983106843872,4.679746225352589,-0.32476311850871653,-0.06939759185002553,0.17349397962506383
beta,rpa,constant,0.36,0.6,-0.24,-0.4,mpa_mean,816.2410928220334,812.7413177002337,3.499775121799644,0.00430613658439656,-0.010765341460991399
beta,rpa,constant,0.36,0.6,-0.24,-0.4,rpa_split,0.49900534963595317,0.5,-0.000994650364046834,-0.001989300728093668,0.00497325182023417
beta,rpa,constant,0.36,0.6,-0.24,-0.4,lpa_split,0.5009946503640468,0.5,0.0009946503640467785,0.001989300728093557,-0.004973251820233893
beta,rpa,constant,0.38,0.6,-0.21999999999999997,-0.36666666666666664,mpa_systolic,3940.1413860002876,3930.6512619063146,9.490124093973009,0.0024143897439963735,-0.006584699301808292
beta,rpa,constant,0.38,0.6,-0.21999999999999997,-0.36666666666666664,mpa_diastolic,4.460902467447507,4.679746225352589,-0.21884375790508148,-0.04676402252743801,0.12753824325664914
beta,rpa,constant,0.38,0.6,-0.21999999999999997,-0.36666666666666664,mpa_mean,815.3883176358871,812.7413177002337,2.6469999356534117,0.0032568787608134304,-0.008882396620400265
beta,rpa,constant,0.38,0.6,-0.21999999999999997,-0.36666666666666664,rpa_split,0.49914654533324887,0.5,-0.00085345466675113,-0.00170690933350226,0.004655207273187982
beta,rpa,constant,0.38,0.6,-0.21999999999999997,-0.36666666666666664,lpa_split,0.5008534546667511,0.5,0.00085345466675113,0.00170690933350226,-0.004655207273187982
beta,rpa,constant,0.4,0.6,-0.19999999999999996,-0.33333333333333326,mpa_systolic,3942.2043523296065,3930.6512619063146,11.553090423291906,0.0029392305888996132,-0.008817691766698842
beta,rpa,constant,0.4,0.6,-0.19999999999999996,-0.33333333333333326,mpa_diastolic,4.4169596639723245,4.679746225352589,-0.26278656138026424,-0.05615401962538363,0.16846205887615093
beta,rpa,constant,0.4,0.6,-0.19999999999999996,-0.33333333333333326,mpa_mean,815.9781295830206,812.7413177002337,3.236811882786924,0.003982585617704216,-0.011947756853112652
beta,rpa,constant,0.4,0.6,-0.19999999999999996,-0.33333333333333326,rpa_split,0.4989269109941723,0.5,-0.0010730890058276987,-0.0021461780116553975,0.006438534034966194
beta,rpa,constant,0.4,0.6,-0.19999999999999996,-0.33333333333333326,lpa_split,0.5010730890058277,0.5,0.0010730890058276987,0.0021461780116553975,-0.006438534034966194
beta,rpa,constant,0.42,0.6,-0.18,-0.3,mpa_systolic,3939.2385894922963,3930.6512619063146,8.587327585981711,0.00218470859249339,-0.007282361974977967
beta,rpa,constant,0.42,0.6,-0.18,-0.3,mpa_diastolic,4.503575874681084,4.679746225352589,-0.1761703506715051,-0.0376452786514576,0.12548426217152533
beta,rpa,constant,0.42,0.6,-0.18,-0.3,mpa_mean,815.1494373525644,812.7413177002337,2.408119652330697,0.0029629595541479444,-0.009876531847159815
beta,rpa,constant,0.42,0.6,-0.18,-0.3,rpa_split,0.4991213559904211,0.5,-0.0008786440095788772,-0.0017572880191577545,0.0058576267305258485
beta,rpa,constant,0.42,0.6,-0.18,-0.3,lpa_split,0.5008786440095789,0.5,0.0008786440095789327,0.0017572880191578655,-0.005857626730526219
beta,rpa,constant,0.44,0.6,-0.15999999999999998,-0.26666666666666666,mpa_systolic,3936.8617432874075,3930.6512619063146,6.2104813810929045,0.0015800133278882904,-0.005925049979581089
beta,rpa,constant,0.44,0.6,-0.15999999999999998,-0.26666666666666666,mpa_diastolic,4.562347004825071,4.679746225352589,-0.11739922052751783,-0.025086663864699748,0.09407498949262405
beta,rpa,constant,0.44,0.6,-0.15999999999999998,-0.26666666666666666,mpa_mean,814.4852632201465,812.7413177002337,1.7439455199128133,0.0021457571824298944,-0.008046589434112104
beta,rpa,constant,0.44,0.6,-0.15999999999999998,-0.26666666666666666,rpa_split,0.499314213775325,0.5,-0.0006857862246750224,-0.0013715724493500447,0.005143396685062668
beta,rpa,constant,0.44,0.6,-0.15999999999999998,-0.26666666666666666,lpa_split,0.500685786224675,0.5,0.0006857862246749669,0.0013715724493499337,-0.0051433966850622514
beta,rpa,constant,0.46,0.6,-0.13999999999999996,-0.23333333333333328,mpa_systolic,3936.6168115169316,3930.6512619063146,5.965549610617018,0.001517700048445357,-0.006504428779051531
beta,rpa,constant,0.46,0.6,-0.13999999999999996,-0.23333333333333328,mpa_diastolic,4.573742816785043,4.679746225352589,-0.10600340856754542,-0.022651529263119124,0.09707798255622484
beta,rpa,constant,0.46,0.6,-0.13999999999999996,-0.23333333333333328,mpa_mean,814.4234176350814,812.7413177002337,1.6820999348476562,0.002069662139987414,-0.008869980599946061
beta,rpa,constant,0.46,0.6,-0.13999999999999996,-0.23333333333333328,rpa_split,0.49927366906861526,0.5,-0.0007263309313847444,-0.0014526618627694887,0.006225693697583525
beta,rpa,constant,0.46,0.6,-0.13999999999999996,-0.23333333333333328,lpa_split,0.5007263309313847,0.5,0.0007263309313847444,0.0014526618627694887,-0.006225693697583525
beta,rpa,constant,0.48,0.6,-0.12,-0.2,mpa_systolic,3935.748105267425,3930.6512619063146,5.096843361110587,0.0012966918257303459,-0.006483459128651729
beta,rpa,constant,0.48,0.6,-0.12,-0.2,mpa_diastolic,4.595910924398178,4.679746225352589,-0.08383530095441039,-0.017914497264879772,0.08957248632439886
beta,rpa,constant,0.48,0.6,-0.12,-0.2,mpa_mean,814.18099605964,812.7413177002337,1.4396783594063436,0.0017713857140671976,-0.008856928570335987
beta,rpa,constant,0.48,0.6,-0.12,-0.2,rpa_split,0.4993575548776924,0.5,-0.0006424451223076,-0.0012848902446152,0.006424451223076
beta,rpa,constant,0.48,0.6,-0.12,-0.2,lpa_split,0.5006424451223076,0.5,0.0006424451223076,0.0012848902446152,-0.006424451223076
beta,rpa,constant,0.5,0.6,-0.09999999999999998,-0.16666666666666663,mpa_systolic,3935.4387572588194,3930.6512619063146,4.78749535250472,0.00121799036177604,-0.007307942170656242
beta,rpa,constant,0.5,0.6,-0.09999999999999998,-0.16666666666666663,mpa_diastolic,4.606485759952146,4.679746225352589,-0.07326046540044295,-0.015654794485126862,0.0939287669107612
beta,rpa,constant,0.5,0.6,-0.09999999999999998,-0.16666666666666663,mpa_mean,814.0984786008436,812.7413177002337,1.3571609006098697,0.0016698559197779535,-0.010019135518667724
beta,rpa,constant,0.5,0.6,-0.09999999999999998,-0.16666666666666663,rpa_split,0.49935162442420095,0.5,-0.0006483755757990539,-0.0012967511515981078,0.007780506909588649
beta,rpa,constant,0.5,0.6,-0.09999999999999998,-0.16666666666666663,lpa_split,0.5006483755757991,0.5,0.0006483755757991094,0.0012967511515982189,-0.007780506909589315
beta,rpa,constant,0.52,0.6,-0.07999999999999996,-0.13333333333333328,mpa_systolic,3933.7312209753522,3930.6512619063146,3.0799590690376135,0.0007835747472401999,-0.005876810604301502
beta,rpa,constant,0.52,0.6,-0.07999999999999996,-0.13333333333333328,mpa_diastolic,4.635121960784173,4.679746225352589,-0.04462426456841584,-0.00953561633890814,0.07151712254181108
beta,rpa,constant,0.52,0.6,-0.07999999999999996,-0.13333333333333328,mpa_mean,813.6152058675973,812.7413177002337,0.8738881673635888,0.0010752353157538227,-0.008064264868153674
beta,rpa,constant,0.52,0.6,-0.07999999999999996,-0.13333333333333328,rpa_split,0.4995662858390217,0.5,-0.0004337141609783157,-0.0008674283219566314,0.006505712414674738
beta,rpa,constant,0.52,0.6,-0.07999999999999996,-0.13333333333333328,lpa_split,0.5004337141609783,0.5,0.0004337141609782602,0.0008674283219565204,-0.006505712414673906
beta,rpa,constant,0.54,0.6,-0.05999999999999994,-0.09999999999999991,mpa_systolic,3932.431107801311,3930.6512619063146,1.7798458949964697,0.0004528119582232456,-0.00452811958223246
beta,rpa,constant,0.54,0.6,-0.05999999999999994,-0.09999999999999991,mpa_diastolic,4.654776558134895,4.679746225352589,-0.024969667217694003,-0.005335688307716451,0.05335688307716456
beta,rpa,constant,0.54,0.6,-0.05999999999999994,-0.09999999999999991,mpa_mean,813.2467925746506,812.7413177002337,0.5054748744169046,0.0006219382027324724,-0.006219382027324729
beta,rpa,constant,0.54,0.6,-0.05999999999999994,-0.09999999999999991,rpa_split,0.49974075604464285,0.5,-0.00025924395535714684,-0.0005184879107142937,0.005184879107142941
beta,rpa,constant,0.54,0.6,-0.05999999999999994,-0.09999999999999991,lpa_split,0.5002592439553571,0.5,0.00025924395535714684,0.0005184879107142937,-0.005184879107142941
beta,rpa,constant,0.56,0.6,-0.039999999999999925,-0.06666666666666654,mpa_systolic,3932.3766081802687,3930.6512619063146,1.7253462739540737,0.00043894666786523903,-0.006584200017978598
beta,rpa,constant,0.56,0.6,-0.039999999999999925,-0.06666666666666654,mpa_diastolic,4.6572071920200795,4.679746225352589,-0.022539033332509284,-0.004816293928590351,0.07224440892885539
beta,rpa,constant,0.56,0.6,-0.039999999999999925,-0.06666666666666654,mpa_mean,813.2325213106518,812.7413177002337,0.491203610418097,0.0006043787853778949,-0.00906568178066844
beta,rpa,constant,0.56,0.6,-0.039999999999999925,-0.06666666666666654,rpa_split,0.49973844413105617,0.5,-0.0002615558689438302,-0.0005231117378876604,0.007846676068314922
beta,rpa,constant,0.56,0.6,-0.039999999999999925,-0.06666666666666654,lpa_split,0.5002615558689438,0.5,0.0002615558689438302,0.0005231117378876604,-0.007846676068314922
beta,rpa,constant,0.58,0.6,-0.020000000000000018,-0.03333333333333337,mpa_systolic,3931.1235620973416,3930.6512619063146,0.4723001910269886,0.00012015825357091822,-0.003604747607127543
beta,rpa,constant,0.58,0.6,-0.020000000000000018,-0.03333333333333337,mpa_diastolic,4.673121647849817,4.679746225352589,-0.006624577502771345,-0.0014155847739953519,0.042467543219860515
beta,rpa,constant,0.58,0.6,-0.020000000000000018,-0.03333333333333337,mpa_mean,812.8749231070905,812.7413177002337,0.13360540685675915,0.00016438859935756004,-0.0049316579807267965
beta,rpa,constant,0.58,0.6,-0.020000000000000018,-0.03333333333333337,rpa_split,0.49993584727538093,0.5,-6.415272461907096e-05,-0.0001283054492381419,0.0038491634771442534
beta,rpa,constant,0.58,0.6,-0.020000000000000018,-0.03333333333333337,lpa_split,0.500064152724619,0.5,6.415272461901544e-05,0.0001283054492380309,-0.0038491634771409228
beta,rpa,constant,0.6,0.6,0.0,0.0,mpa_systolic,3930.6512619063146,3930.6512619063146,0.0,0.0,0.0
beta,rpa,constant,0.6,0.6,0.0,0.0,mpa_diastolic,4.679746225352589,4.679746225352589,0.0,0.0,0.0
beta,rpa,constant,0.6,0.6,0.0,0.0,mpa_mean,812.7413177002337,812.7413177002337,0.0,0.0,0.0
beta,rpa,constant,0.6,0.6,0.0,0.0,rpa_split,0.5,0.5,0.0,0.0,0.0
beta,rpa,constant,0.6,0.6,0.0,0.0,lpa_split,0.5,0.5,0.0,0.0,0.0
beta,rpa,constant,0.62,0.6,0.020000000000000018,0.03333333333333337,mpa_systolic,3930.301541251856,3930.6512619063146,-0.34972065445845146,-8.89726997273326e-05,-0.0026691809918199753
beta,rpa,constant,0.62,0.6,0.020000000000000018,0.03333333333333337,mpa_diastolic,4.683773514069811,4.679746225352589,0.004027288717222355,0.0008605784423532334,0.025817353270596977
beta,rpa,constant,0.62,0.6,0.020000000000000018,0.03333333333333337,mpa_mean,812.6416730851331,812.7413177002337,-0.09964461510060119,-0.00012260311236859435,-0.0036780933710578267
beta,rpa,constant,0.62,0.6,0.020000000000000018,0.03333333333333337,rpa_split,0.5000570917016459,0.5,5.709170164591715e-05,0.0001141834032918343,0.0034255020987550254
beta,rpa,constant,0.62,0.6,0.020000000000000018,0.03333333333333337,lpa_split,0.4999429082983541,0.5,-5.709170164591715e-05,-0.0001141834032918343,-0.0034255020987550254
beta,rpa,constant,0.64,0.6,0.040000000000000036,0.06666666666666674,mpa_systolic,3929.8411610315648,3930.6512619063146,-0.8101008747498781,-0.00020609838440792882,-0.003091475766118929
beta,rpa,constant,0.64,0.6,0.040000000000000036,0.06666666666666674,mpa_diastolic,4.688039161911859,4.679746225352589,0.008292936559270103,0.0017720910835598322,0.026581366253397454
beta,rpa,constant,0.64,0.6,0.040000000000000036,0.06666666666666674,mpa_mean,812.5098940358745,812.7413177002337,-0.23142366435922668,-0.0002847445544100952,-0.004271168316151424
beta,rpa,constant,0.64,0.6,0.040000000000000036,0.06666666666666674,rpa_split,0.5001363358252909,0.5,0.00013633582529093413,0.00027267165058186826,0.00409007475872802
beta,rpa,constant,0.64,0.6,0.040000000000000036,0.06666666666666674,lpa_split,0.49986366417470907,0.5,-0.00013633582529093413,-0.00027267165058186826,-0.00409007475872802
beta,rpa,constant,0.66,0.6,0.06000000000000005,0.10000000000000009,mpa_systolic,3929.1181085107323,3930.6512619063146,-1.5331533955823033,-0.0003900507303816986,-0.0039005073038169825
beta,rpa,constant,0.66,0.6,0.06000000000000005,0.10000000000000009,mpa_diastolic,4.694824816168448,4.679746225352589,0.015078590815859272,0.0032220958337806443,0.032220958337806416
beta,rpa,constant,0.66,0.6,0.06000000000000005,0.10000000000000009,mpa_mean,812.3020888130213,812.7413177002337,-0.43922888721237996,-0.00054042888880713,-0.0054042888880712955
beta,rpa,constant,0.66,0.6,0.06000000000000005,0.10000000000000009,rpa_split,0.500269798803723,0.5,0.00026979880372302034,0.0005395976074460407,0.005395976074460402
beta,rpa,constant,0.66,0.6,0.06000000000000005,0.10000000000000009,lpa_split,0.499730201196277,0.5,-0.00026979880372302034,-0.0005395976074460407,-0.005395976074460402
beta,rpa,constant,0.68,0.6,0.08000000000000007,0.13333333333333347,mpa_systolic,3928.890169004128,3930.6512619063146,-1.7610929021866468,-0.0004480409949501701,-0.003360307462126272
beta,rpa,constant,0.68,0.6,0.08000000000000007,0.13333333333333347,mpa_diastolic,4.697584956883105,4.679746225352589,0.017838731530516405,0.0038119014731770786,0.02858926104882806
beta,rpa,constant,0.68,0.6,0.08000000000000007,0.13333333333333347,mpa_mean,812.236985552536,812.7413177002337,-0.5043321476977098,-0.0006205321874428494,-0.004653991405821366
beta,rpa,constant,0.68,0.6,0.08000000000000007,0.13333333333333347,rpa_split,0.5003052400105185,0.5,0.0003052400105184594,0.0006104800210369188,0.0045786001577768866
beta,rpa,constant,0.68,0.6,0.08000000000000007,0.13333333333333347,lpa_split,0.49969475998948154,0.5,-0.0003052400105184594,-0.0006104800210369188,-0.0045786001577768866
beta,rpa,constant,0.7,0.6,0.09999999999999998,0.16666666666666663,mpa_systolic,3928.4692091076527,3930.6512619063146,-2.182052798661971,-0.0005551377248369024,-0.0033308263490214153
beta,rpa,constant,0.7,0.6,0.09999999999999998,0.16666666666666663,mpa_diastolic,4.701720412408737,4.679746225352589,0.02197418705614851,0.004695593734784816,0.028173562408708903
beta,rpa,constant,0.7,0.6,0.09999999999999998,0.16666666666666663,mpa_mean,812.1155925079681,812.7413177002337,-0.6257251922655769,-0.0007698946499190599,-0.004619367899514361
beta,rpa,constant,0.7,0.6,0.09999999999999998,0.16666666666666663,rpa_split,0.5003853088667374,0.5,0.0003853088667373772,0.0007706177334747544,0.004623706400848527
beta,rpa,constant,0.7,0.6,0.09999999999999998,0.16666666666666663,lpa_split,0.4996146911332626,0.5,-0.0003853088667373772,-0.0007706177334747544,-0.004623706400848527
beta,rpa,constant,0.72,0.6,0.12,0.2,mpa_systolic,3928.120320439155,3930.6512619063146,-2.530941467159664,-0.0006438987583783229,-0.0032194937918916143
beta,rpa,constant,0.72,0.6,0.12,0.2,mpa_diastolic,4.705809638704367,4.679746225352589,0.02606341335177831,0.005569407420124496,0.02784703710062248
beta,rpa,constant,0.72,0.6,0.12,0.2,mpa_mean,812.0155089827188,812.7413177002337,-0.7258087175149512,-0.0008930377989994768,-0.004465188994997383
beta,rpa,constant,0.72,0.6,0.12,0.2,rpa_split,0.500444782169004,0.5,0.0004447821690040099,0.0008895643380080198,0.004447821690040099
beta,rpa,constant,0.72,0.6,0.12,0.2,lpa_split,0.499555217830996,0.5,-0.0004447821690040099,-0.0008895643380080198,-0.004447821690040099
beta,rpa,constant,0.74,0.6,0.14,0.23333333333333336,mpa_systolic,3927.8632497148556,3930.6512619063146,-2.7880121914590745,-0.0007093003183668156,-0.003039858507286352
beta,rpa,constant,0.74,0.6,0.14,0.23333333333333336,mpa_diastolic,4.708862371610507,4.679746225352589,0.02911614625791792,0.0062217361488921775,0.026664583495252185
beta,rpa,constant,0.74,0.6,0.14,0.23333333333333336,mpa_mean,811.9416857283233,812.7413177002337,-0.7996319719104577,-0.0009838702112169332,-0.004216586619501142
beta,rpa,constant,0.74,0.6,0.14,0.23333333333333336,rpa_split,0.5004884673019306,0.5,0.0004884673019306396,0.0009769346038612792,0.00418686258797691
beta,rpa,constant,0.74,0.6,0.14,0.23333333333333336,lpa_split,0.49951153269806936,0.5,-0.0004884673019306396,-0.0009769346038612792,-0.00418686258797691
beta,rpa,constant,0.76,0.6,0.16000000000000003,0.2666666666666667,mpa_systolic,3927.6508891640983,3930.6512619063146,-3.000372742216314,-0.0007633271288384846,-0.002862476733144317
beta,rpa,constant,0.76,0.6,0.16000000000000003,0.2666666666666667,mpa_diastolic,4.708467600649798,4.679746225352589,0.028721375297209306,0.006137378805203339,0.023015170519512514
beta,rpa,constant,0.76,0.6,0.16000000000000003,0.2666666666666667,mpa_mean,811.8784174631801,812.7413177002337,-0.8629002370536227,-0.0010617157246235749,-0.003981433967338405
beta,rpa,constant,0.76,0.6,0.16000000000000003,0.2666666666666667,rpa_split,0.5005497363847069,0.5,0.0005497363847069003,0.0010994727694138007,0.004123022885301752
beta,rpa,constant,0.76,0.6,0.16000000000000003,0.2666666666666667,lpa_split,0.4994502636152931,0.5,-0.0005497363847069003,-0.0010994727694138007,-0.004123022885301752
beta,rpa,constant,0.78,0.6,0.18000000000000005,0.3000000000000001,mpa_systolic,3927.379598247512,3930.6512619063146,-3.2716636588024812,-0.000832346458845033,-0.002774488196150109
beta,rpa,constant,0.78,0.6,0.18000000000000005,0.3000000000000001,mpa_diastolic,4.704104159171917,4.679746225352589,0.024357933819327826,0.0052049689548053675,0.017349896516017885
beta,rpa,constant,0.78,0.6,0.18000000000000005,0.3000000000000001,mpa_mean,811.7950370059144,812.7413177002337,-0.9462806943192845,-0.0011643073555026332,-0.0038810245183421095
beta,rpa,constant,0.78,0.6,0.18000000000000005,0.3000000000000001,rpa_split,0.5006617196776894,0.5,0.0006617196776893541,0.0013234393553787083,0.004411464517929026
beta,rpa,constant,0.78,0.6,0.18000000000000005,0.3000000000000001,lpa_split,0.49933828032231065,0.5,-0.0006617196776893541,-0.0013234393553787083,-0.004411464517929026
lrr,lpa,constant,2.0,10.0,-8.0,-0.8,mpa_systolic,3926.654168911084,3930.6512619063146,-3.9970929952305596,-0.0010169034922960889,0.001271129365370111
lrr,lpa,constant,2.0,10.0,-8.0,-0.8,mpa_diastolic,4.700190568875031,4.679746225352589,0.020444343522441955,0.004368686364163177,-0.005460857955203971
lrr,lpa,constant,2.0,10.0,-8.0,-0.8,mpa_mean,811.5845103267804,812.7413177002337,-1.1568073734532618,-0.0014233401800299898,0.0017791752250374872
lrr,lpa,constant,2.0,10.0,-8.0,-0.8,rpa_split,0.4991633508029332,0.5,-0.0008366491970667744,-0.0016732983941335489,0.002091622992666936
lrr,lpa,constant,2.0,10.0,-8.0,-0.8,lpa_split,0.5008366491970668,0.5,0.0008366491970668299,0.0016732983941336599,-0.002091622992667075
lrr,lpa,constant,4.0,10.0,-6.0,-0.6,mpa_systolic,3927.8215595559573,3930.6512619063146,-2.8297023503573655,-0.0007199067436435449,0.0011998445727392417
lrr,lpa,constant,4.0,10.0,-6.0,-0.6,mpa_diastolic,4.688364302585246,4.679746225352589,0.008618077232656951,0.0018415693539039363,-0.0030692822565065603
lrr,lpa,constant,4.0,10.0,-6.0,-0.6,mpa_mean,811.9168780816095,812.7413177002337,-0.8244396186241829,-0.0010143936338281056,0.0016906560563801762
lrr,lpa,constant,4.0,10.0,-6.0,-0.6,rpa_split,0.4993376205344167,0.5,-0.0006623794655832849,-0.0013247589311665697,0.002207931551944283
lrr,lpa,constant,4.0,10.0,-6.0,-0.6,lpa_split,0.5006623794655833,0.5,0.0006623794655833404,0.0013247589311666808,-0.002207931551944468
lrr,lpa,constant,6.0,10.0,-4.0,-0.4,mpa_systolic,3928.65950291614,3930.6512619063146,-1.9917589901747306,-0.000506724931178136,0.00126681232794534
lrr,lpa,constant,6.0,10.0,-4.0,-0.4,mpa_diastolic,4.685516500094025,4.679746225352589,0.005770274741435877,0.0012330315499108338,-0.0030825788747770844
lrr,lpa,constant,6.0,10.0,-4.0,-0.4,mpa_mean,812.16112279678,812.7413177002337,-0.5801949034537301,-0.0007138740098700452,0.001784685024675113
lrr,lpa,constant,6.0,10.0,-4.0,-0.4,rpa_split,0.4995366288147348,0.5,-0.0004633711852651823,-0.0009267423705303646,0.0023168559263259114
lrr,lpa,constant,6.0,10.0,-4.0,-0.4,lpa_split,0.5004633711852652,0.5,0.0004633711852651823,0.0009267423705303646,-0.0023168559263259114
lrr,lpa,constant,8.0,10.0,-2.0,-0.2,mpa_systolic,3929.6876703689954,3930.6512619063146,-0.9635915373191892,-0.00024514806150771563,0.001225740307538578
lrr,lpa,constant,8.0,10.0,-2.0,-0.2,mpa_diastolic,4.683944807489393,4.679746225352589,0.004198582136804241,0.0008971815852018567,-0.004485907926009283
lrr,lpa,constant,8.0,10.0,-2.0,-0.2,mpa_mean,812.4619289754336,812.7413177002337,-0.27938872480012833,-0.0003437609467065095,0.0017188047335325474
lrr,lpa,constant,8.0,10.0,-2.0,-0.2,rpa_split,0.49978830991436574,0.5,-0.00021169008563426406,-0.0004233801712685281,0.0021169008563426406
lrr,lpa,constant,8.0,10.0,-2.0,-0.2,lpa_split,0.5002116900856343,0.5,0.00021169008563426406,0.0004233801712685281,-0.0021169008563426406
lrr,lpa,constant,10.0,10.0,0.0,0.0,mpa_systolic,3930.6512619063146,3930.6512619063146,0.0,0.0,0.0
lrr,lpa,constant,10.0,10.0,0.0,0.0,mpa_diastolic,4.679746225352589,4.679746225352589,0.0,0.0,0.0
lrr,lpa,constant,10.0,10.0,0.0,0.0,mpa_mean,812.7413177002337,812.7413177002337,0.0,0.0,0.0
lrr,lpa,constant,10.0,10.0,0.0,0.0,rpa_split,0.5,0.5,0.0,0.0,0.0
lrr,lpa,constant,10.0,10.0,0.0,0.0,lpa_split,0.5,0.5,0.0,0.0,0.0
lrr,lpa,constant,12.0,10.0,2.0,0.2,mpa_systolic,3931.6056034263656,3930.6512619063146,0.9543415200510026,0.00024279475752528586,0.0012139737876264293
lrr,lpa,constant,12.0,10.0,2.0,0.2,mpa_diastolic,4.675604701056612,4.679746225352589,-0.004141524295977028,-0.000884989077728246,-0.00442494538864123
lrr,lpa,constant,12.0,10.0,2.0,0.2,mpa_mean,813.0175234043314,812.7413177002337,0.2762057040977197,0.000339844545961171,0.0016992227298058549
lrr,lpa,constant,12.0,10.0,2.0,0.2,rpa_split,0.5002058961126512,0.5,0.0002058961126512049,0.0004117922253024098,0.002058961126512049
lrr,lpa,constant,12.0,10.0,2.0,0.2,lpa_split,0.4997941038873488,0.5,-0.0002058961126512049,-0.0004117922253024098,-0.002058961126512049
lrr,lpa,constant,14.0,10.0,4.0,0.4,mpa_systolic,3932.5951213425387,3930.6512619063146,1.943859436224102,0.0004945387689472496,0.0012363469223681239
lrr,lpa,constant,14.0,10.0,4.0,0.4,mpa_diastolic,4.672710266143222,4.679746225352589,-0.007035959209367171,-0.0015034916148336775,-0.0037587290370841935
lrr,lpa,constant,14.0,10.0,4.0,0.4,mpa_mean,813.3054439689502,812.7413177002337,0.5641262687164499,0.0006941031007414817,0.0017352577518537043
lrr,lpa,constant,14.0,10.0,4.0,0.4,rpa_split,0.500426008957976,0.5,0.00042600895797595406,0.0008520179159519081,0.0021300447898797703
lrr,lpa,constant,14.0,10.0,4.0,0.4,lpa_split,0.49957399104202405,0.5,-0.00042600895797595406,-0.0008520179159519081,-0.0021300447898797703
lrr,lpa,constant,16.0,10.0,6.0,0.6,mpa_systolic,3933.534407022961,3930.6512619063146,2.883145116646574,0.0007335031587738176,0.0012225052646230295
lrr,lpa,constant,16.0,10.0,6.0,0.6,mpa_diastolic,4.6716787622564135,4.679746225352589,-0.008067463096175231,-0.0017239103805393636,-0.0028731839675656063
lrr,lpa,constant,16.0,10.0,6.0,0.6,mpa_mean,813.5817712898153,812.7413177002337,0.840453589581557,0.0010340972844345346,0.0017234954740575578
lrr,lpa,constant,16.0,10.0,6.0,0.6,rpa_split,0.5006499247256937,0.5,0.0006499247256936957,0.0012998494513873915,0.0021664157523123193
lrr,lpa,constant,16.0,10.0,6.0,0.6,lpa_split,0.4993500752743063,0.5,-0.0006499247256936957,-0.0012998494513873915,-0.0021664157523123193
lrr,lpa,constant,18.0,10.0,8.0,0.8,mpa_systolic,3934.473126466708,3930.6512619063146,3.821864560393351,0.0009723234918937572,0.0012154043648671964
lrr,lpa,constant,18.0,10.0,8.0,0.8,mpa_diastolic,4.672715103753196,4.679746225352589,-0.007031121599392343,-0.0015024578814340714,-0.0018780723517925891
lrr,lpa,constant,18.0,10.0,8.0,0.8,mpa_mean,813.8636344190576,812.7413177002337,1.1223167188238676,0.0013809027477520415,0.001726128434690052
lrr,lpa,constant,18.0,10.0,8.0,0.8,rpa_split,0.5008883499177894,0.5,0.0008883499177894105,0.001776699835578821,0.0022208747944735263
lrr,lpa,constant,18.0,10.0,8.0,0.8,lpa_split,0.4991116500822106,0.5,-0.0008883499177894105,-0.001776699835578821,-0.0022208747944735263
lrr,lpa,constant,20.0,10.0,10.0,1.0,mpa_systolic,3935.3868454758726,3930.6512619063146,4.735583569558003,0.001204783445291279,0.001204783445291279
lrr,lpa,constant,20.0,10.0,10.0,1.0,mpa_diastolic,4.6780912038283295,4.679746225352589,-0.0016550215242592259,-0.00035365625496808445,-0.00035365625496808445
lrr,lpa,constant,20.0,10.0,10.0,1.0,mpa_mean,814.1471661203276,812.7413177002337,1.4058484200938892,0.0017297612284212839,0.0017297612284212839
lrr,lpa,constant,20.0,10.0,10.0,1.0,rpa_split,0.5011429355494234,0.5,0.0011429355494233517,0.0022858710988467035,0.0022858710988467035
lrr,lpa,constant,20.0,10.0,10.0,1.0,lpa_split,0.49885706445057665,0.5,-0.0011429355494233517,-0.0022858710988467035,-0.0022858710988467035
lrr,rpa,constant,2.0,10.0,-8.0,-0.8,mpa_systolic,3926.654168911084,3930.6512619063146,-3.9970929952305596,-0.0010169034922960889,0.001271129365370111
lrr,rpa,constant,2.0,10.0,-8.0,-0.8,mpa_diastolic,4.700190568875031,4.679746225352589,0.020444343522441955,0.004368686364163177,-0.005460857955203971
lrr,rpa,constant,2.0,10.0,-8.0,-0.8,mpa_mean,811.5845103267804,812.7413177002337,-1.1568073734532618,-0.0014233401800299898,0.0017791752250374872
lrr,rpa,constant,2.0,10.0,-8.0,-0.8,rpa_split,0.5008366491970667,0.5,0.0008366491970667189,0.0016732983941334378,-0.0020916229926667973
lrr,rpa,constant,2.0,10.0,-8.0,-0.8,lpa_split,0.4991633508029333,0.5,-0.0008366491970667189,-0.0016732983941334378,0.0020916229926667973
lrr,rpa,constant,4.0,10.0,-6.0,-0.6,mpa_systolic,3927.8215595559573,3930.6512619063146,-2.8297023503573655,-0.0007199067436435449,0.0011998445727392417
lrr,rpa,constant,4.0,10.0,-6.0,-0.6,mpa_diastolic,4.688364302585246,4.679746225352589,0.008618077232656951,0.0018415693539039363,-0.0030692822565065603
lrr,rpa,constant,4.0,10.0,-6.0,-0.6,mpa_mean,811.9168780816095,812.7413177002337,-0.8244396186241829,-0.0010143936338281056,0.0016906560563801762
lrr,rpa,constant,4.0,10.0,-6.0,-0.6,rpa_split,0.5006623794655832,0.5,0.0006623794655832294,0.0013247589311664587,-0.002207931551944098
lrr,rpa,constant,4.0,10.0,-6.0,-0.6,lpa_split,0.49933762053441677,0.5,-0.0006623794655832294,-0.0013247589311664587,0.002207931551944098
lrr,rpa,constant,6.0,10.0,-4.0,-0.4,mpa_systolic,3928.65950291614,3930.6512619063146,-1.9917589901747306,-0.000506724931178136,0.00126681232794534
lrr,rpa,constant,6.0,10.0,-4.0,-0.4,mpa_diastolic,4.685516500094025,4.679746225352589,0.005770274741435877,0.0012330315499108338,-0.0030825788747770844
lrr,rpa,constant,6.0,10.0,-4.0,-0.4,mpa_mean,812.16112279678,812.7413177002337,-0.5801949034537301,-0.0007138740098700452,0.001784685024675113
lrr,rpa,constant,6.0,10.0,-4.0,-0.4,rpa_split,0.5004633711852651,0.5,0.00046337118526507126,0.0009267423705301425,-0.0023168559263253563
lrr,rpa,constant,6.0,10.0,-4.0,-0.4,lpa_split,0.49953662881473493,0.5,-0.00046337118526507126,-0.0009267423705301425,0.0023168559263253563
lrr,rpa,constant,8.0,10.0,-2.0,-0.2,mpa_systolic,3929.6876703689954,3930.6512619063146,-0.9635915373191892,-0.00024514806150771563,0.001225740307538578
lrr,rpa,constant,8.0,10.0,-2.0,-0.2,mpa_diastolic,4.683944807489395,4.679746225352589,0.004198582136806017,0.0008971815852022363,-0.004485907926011182
lrr,rpa,constant,8.0,10.0,-2.0,-0.2,mpa_mean,812.4619289754336,812.7413177002337,-0.27938872480012833,-0.0003437609467065095,0.0017188047335325474
lrr,rpa,constant,8.0,10.0,-2.0,-0.2,rpa_split,0.5002116900856342,0.5,0.00021169008563415304,0.00042338017126830607,-0.0021169008563415304
lrr,rpa,constant,8.0,10.0,-2.0,-0.2,lpa_split,0.49978830991436585,0.5,-0.00021169008563415304,-0.00042338017126830607,0.0021169008563415304
lrr,rpa,constant,10.0,10.0,0.0,0.0,mpa_systolic,3930.6512619063146,3930.6512619063146,0.0,0.0,0.0
lrr,rpa,constant,10.0,10.0,0.0,0.0,mpa_diastolic,4.679746225352589,4.679746225352589,0.0,0.0,0.0
lrr,rpa,constant,10.0,10.0,0.0,0.0,mpa_mean,812.7413177002337,812.7413177002337,0.0,0.0,0.0
lrr,rpa,constant,10.0,10.0,0.0,0.0,rpa_split,0.5,0.5,0.0,0.0,0.0
lrr,rpa,constant,10.0,10.0,0.0,0.0,lpa_split,0.5,0.5,0.0,0.0,0.0
lrr,rpa,constant,12.0,10.0,2.0,0.2,mpa_systolic,3931.6056034263656,3930.6512619063146,0.9543415200510026,0.00024279475752528586,0.0012139737876264293
lrr,rpa,constant,12.0,10.0,2.0,0.2,mpa_diastolic,4.675604701056613,4.679746225352589,-0.00414152429597614,-0.0008849890777280563,-0.004424945388640281
lrr,rpa,constant,12.0,10.0,2.0,0.2,mpa_mean,813.0175234043314,812.7413177002337,0.2762057040977197,0.000339844545961171,0.0016992227298058549
lrr,rpa,constant,12.0,10.0,2.0,0.2,rpa_split,0.49979410388734885,0.5,-0.00020589611265114938,-0.00041179222530229875,-0.0020589611265114938
lrr,rpa,constant,12.0,10.0,2.0,0.2,lpa_split,0.5002058961126512,0.5,0.0002058961126512049,0.0004117922253024098,0.002058961126512049
lrr,rpa,constant,14.0,10.0,4.0,0.4,mpa_systolic,3932.5951213425387,3930.6512619063146,1.943859436224102,0.0004945387689472496,0.0012363469223681239
lrr,rpa,constant,14.0,10.0,4.0,0.4,mpa_diastolic,4.672710266143222,4.679746225352589,-0.007035959209367171,-0.0015034916148336775,-0.0037587290370841935
lrr,rpa,constant,14.0,10.0,4.0,0.4,mpa_mean,813.3054439689502,812.7413177002337,0.5641262687164499,0.0006941031007414817,0.0017352577518537043
lrr,rpa,constant,14.0,10.0,4.0,0.4,rpa_split,0.49957399104202393,0.5,-0.0004260089579760651,-0.0008520179159521302,-0.0021300447898803254
lrr,rpa,constant,14.0,10.0,4.0,0.4,lpa_split,0.5004260089579761,0.5,0.0004260089579760651,0.0008520179159521302,0.0021300447898803254
lrr,rpa,constant,16.0,10.0,6.0,0.6,mpa_systolic,3933.534407022961,3930.6512619063146,2.883145116646574,0.0007335031587738176,0.0012225052646230295
lrr,rpa,constant,16.0,10.0,6.0,0.6,mpa_diastolic,4.671678762256413,4.679746225352589,-0.00806746309617612,-0.0017239103805395534,-0.0028731839675659224
lrr,rpa,constant,16.0,10.0,6.0,0.6,mpa_mean,813.5817712898153,812.7413177002337,0.840453589581557,0.0010340972844345346,0.0017234954740575578
lrr,rpa,constant,16.0,10.0,6.0,0.6,rpa_split,0.49935007527430636,0.5,-0.0006499247256936402,-0.0012998494513872805,-0.002166415752312134
lrr,rpa,constant,16.0,10.0,6.0,0.6,lpa_split,0.5006499247256937,0.5,0.0006499247256936957,0.0012998494513873915,0.0021664157523123193
lrr,rpa,constant,18.0,10.0,8.0,0.8,mpa_systolic,3934.473126466708,3930.6512619063146,3.821864560393351,0.0009723234918937572,0.0012154043648671964
lrr,rpa,constant,18.0,10.0,8.0,0.8,mpa_diastolic,4.672715103753196,4.679746225352589,-0.007031121599392343,-0.0015024578814340714,-0.0018780723517925891
lrr,rpa,constant,18.0,10.0,8.0,0.8,mpa_mean,813.8636344190576,812.7413177002337,1.1223167188238676,0.0013809027477520415,0.001726128434690052
lrr,rpa,constant,18.0,10.0,8.0,0.8,rpa_split,0.49911165008221053,0.5,-0.000888349917789466,-0.001776699835578932,-0.002220874794473665
lrr,rpa,constant,18.0,10.0,8.0,0.8,lpa_split,0.5008883499177894,0.5,0.0008883499177894105,0.001776699835578821,0.0022208747944735263
lrr,rpa,constant,20.0,10.0,10.0,1.0,mpa_systolic,3935.3868454758726,3930.6512619063146,4.735583569558003,0.001204783445291279,0.001204783445291279
lrr,rpa,constant,20.0,10.0,10.0,1.0,mpa_diastolic,4.6780912038283295,4.679746225352589,-0.0016550215242592259,-0.00035365625496808445,-0.00035365625496808445
lrr,rpa,constant,20.0,10.0,10.0,1.0,mpa_mean,814.1471661203276,812.7413177002337,1.4058484200938892,0.0017297612284212839,0.0017297612284212839
lrr,rpa,constant,20.0,10.0,10.0,1.0,rpa_split,0.49885706445057654,0.5,-0.0011429355494234628,-0.0022858710988469255,-0.0022858710988469255
lrr,rpa,constant,20.0,10.0,10.0,1.0,lpa_split,0.5011429355494235,0.5,0.0011429355494234628,0.0022858710988469255,0.0022858710988469255
constant_Eh_over_r,lpa,constant,50000.0,100000.0,-50000.0,-0.5,mpa_systolic,3929.920301110399,3930.6512619063146,-0.7309607959155073,-0.0001859642962985734,0.0003719285925971468
constant_Eh_over_r,lpa,constant,50000.0,100000.0,-50000.0,-0.5,mpa_diastolic,4.684127547038964,4.679746225352589,0.004381321686374839,0.0009362306149506504,-0.0018724612299013009
constant_Eh_over_r,lpa,constant,50000.0,100000.0,-50000.0,-0.5,mpa_mean,812.5298769893375,812.7413177002337,-0.21144071089622685,-0.0002601574526745216,0.0005203149053490431
constant_Eh_over_r,lpa,constant,50000.0,100000.0,-50000.0,-0.5,rpa_split,0.4998575456338351,0.5,-0.00014245436616489027,-0.00028490873232978053,0.0005698174646595611
constant_Eh_over_r,lpa,constant,50000.0,100000.0,-50000.0,-0.5,lpa_split,0.5001424543661649,0.5,0.00014245436616489027,0.00028490873232978053,-0.0005698174646595611
constant_Eh_over_r,lpa,constant,75000.0,100000.0,-25000.0,-0.25,mpa_systolic,3930.3074432274543,3930.6512619063146,-0.34381867886031614,-8.747117359212595e-05,0.0003498846943685038
constant_Eh_over_r,lpa,constant,75000.0,100000.0,-25000.0,-0.25,mpa_diastolic,4.681205632398379,4.679746225352589,0.0014594070457905062,0.0003118560228510146,-0.0012474240914040584
constant_Eh_over_r,lpa,constant,75000.0,100000.0,-25000.0,-0.25,mpa_mean,812.6410411336486,812.7413177002337,-0.10027656658508022,-0.00012338066787206896,0.0004935226714882758
constant_Eh_over_r,lpa,constant,75000.0,100000.0,-25000.0,-0.25,rpa_split,0.49992649501543956,0.5,-7.35049845604352e-05,-0.0001470099691208704,0.0005880398764834815
constant_Eh_over_r,lpa,constant,75000.0,100000.0,-25000.0,-0.25,lpa_split,0.5000735049845604,0.5,7.350498456037968e-05,0.00014700996912075937,-0.0005880398764830375
constant_Eh_over_r,lpa,constant,100000.0,100000.0,0.0,0.0,mpa_systolic,3930.6512619063146,3930.6512619063146,0.0,0.0,0.0
constant_Eh_over_r,lpa,constant,100000.0,100000.0,0.0,0.0,mpa_diastolic,4.679746225352589,4.679746225352589,0.0,0.0,0.0
constant_Eh_over_r,lpa,constant,100000.0,100000.0,0.0,0.0,mpa_mean,812.7413177002337,812.7413177002337,0.0,0.0,0.0
constant_Eh_over_r,lpa,constant,100000.0,100000.0,0.0,0.0,rpa_split,0.5,0.5,0.0,0.0,0.0
constant_Eh_over_r,lpa,constant,100000.0,100000.0,0.0,0.0,lpa_split,0.5,0.5,0.0,0.0,0.0
constant_Eh_over_r,lpa,constant,125000.0,100000.0,25000.0,0.25,mpa_systolic,3930.947982887662,3930.6512619063146,0.2967209813473346,7.548901227208562e-05,0.0003019560490883425
constant_Eh_over_r,lpa,constant,125000.0,100000.0,25000.0,0.25,mpa_diastolic,4.677526236678358,4.679746225352589,-0.0022199886742306774,-0.0004743822778687995,-0.001897529111475198
constant_Eh_over_r,lpa,constant,125000.0,100000.0,25000.0,0.25,mpa_mean,812.8268528155874,812.7413177002337,0.08553511535365033,0.00010524273036306806,0.00042097092145227223
constant_Eh_over_r,lpa,constant,125000.0,100000.0,25000.0,0.25,rpa_split,0.5000531638296749,0.5,5.316382967490707e-05,0.00010632765934981414,0.00042531063739925656
constant_Eh_over_r,lpa,constant,125000.0,100000.0,25000.0,0.25,lpa_split,0.4999468361703251,0.5,-5.316382967490707e-05,-0.00010632765934981414,-0.00042531063739925656
constant_Eh_over_r,lpa,constant,150000.0,100000.0,50000.0,0.5,mpa_systolic,3931.222606938627,3930.6512619063146,0.5713450323123652,0.00014535632755048087,0.00029071265510096175
constant_Eh_over_r,lpa,constant,150000.0,100000.0,50000.0,0.5,mpa_diastolic,4.677242654317133,4.679746225352589,-0.0025035710354561758,-0.0005349800854356259,-0.0010699601708712518
constant_Eh_over_r,lpa,constant,150000.0,100000.0,50000.0,0.5,mpa_mean,812.9077071773155,812.7413177002337,0.1663894770817933,0.00020472624371136418,0.00040945248742272835
constant_Eh_over_r,lpa,constant,150000.0,100000.0,50000.0,0.5,rpa_split,0.5001215432447956,0.5,0.00012154324479562995,0.0002430864895912599,0.0004861729791825198
constant_Eh_over_r,lpa,constant,150000.0,100000.0,50000.0,0.5,lpa_split,0.49987845675520437,0.5,-0.00012154324479562995,-0.0002430864895912599,-0.0004861729791825198
constant_Eh_over_r,rpa,constant,50000.0,100000.0,-50000.0,-0.5,mpa_systolic,3929.920301110399,3930.6512619063146,-0.7309607959155073,-0.0001859642962985734,0.0003719285925971468
constant_Eh_over_r,rpa,constant,50000.0,100000.0,-50000.0,-0.5,mpa_diastolic,4.684127547038964,4.679746225352589,0.004381321686374839,0.0009362306149506504,-0.0018724612299013009
constant_Eh_over_r,rpa,constant,50000.0,100000.0,-50000.0,-0.5,mpa_mean,812.5298769893375,812.7413177002337,-0.21144071089622685,-0.0002601574526745216,0.0005203149053490431
constant_Eh_over_r,rpa,constant,50000.0,100000.0,-50000.0,-0.5,rpa_split,0.5001424543661648,0.5,0.00014245436616477924,0.0002849087323295585,-0.000569817464659117
constant_Eh_over_r,rpa,constant,50000.0,100000.0,-50000.0,-0.5,lpa_split,0.4998575456338352,0.5,-0.00014245436616477924,-0.0002849087323295585,0.000569817464659117
constant_Eh_over_r,rpa,constant,75000.0,100000.0,-25000.0,-0.25,mpa_systolic,3930.3074432274543,3930.6512619063146,-0.34381867886031614,-8.747117359212595e-05,0.0003498846943685038
constant_Eh_over_r,rpa,constant,75000.0,100000.0,-25000.0,-0.25,mpa_diastolic,4.681205632398379,4.679746225352589,0.0014594070457905062,0.0003118560228510146,-0.0012474240914040584
constant_Eh_over_r,rpa,constant,75000.0,100000.0,-25000.0,-0.25,mpa_mean,812.6410411336486,812.7413177002337,-0.10027656658508022,-0.00012338066787206896,0.0004935226714882758
constant_Eh_over_r,rpa,constant,75000.0,100000.0,-25000.0,-0.25,rpa_split,0.5000735049845604,0.5,7.350498456037968e-05,0.00014700996912075937,-0.0005880398764830375
constant_Eh_over_r,rpa,constant,75000.0,100000.0,-25000.0,-0.25,lpa_split,0.4999264950154396,0.5,-7.350498456037968e-05,-0.00014700996912075937,0.0005880398764830375
constant_Eh_over_r,rpa,constant,100000.0,100000.0,0.0,0.0,mpa_systolic,3930.6512619063146,3930.6512619063146,0.0,0.0,0.0
constant_Eh_over_r,rpa,constant,100000.0,100000.0,0.0,0.0,mpa_diastolic,4.679746225352589,4.679746225352589,0.0,0.0,0.0
constant_Eh_over_r,rpa,constant,100000.0,100000.0,0.0,0.0,mpa_mean,812.7413177002337,812.7413177002337,0.0,0.0,0.0
constant_Eh_over_r,rpa,constant,100000.0,100000.0,0.0,0.0,rpa_split,0.5,0.5,0.0,0.0,0.0
constant_Eh_over_r,rpa,constant,100000.0,100000.0,0.0,0.0,lpa_split,0.5,0.5,0.0,0.0,0.0
constant_Eh_over_r,rpa,constant,125000.0,100000.0,25000.0,0.25,mpa_systolic,3930.947982887662,3930.6512619063146,0.2967209813473346,7.548901227208562e-05,0.0003019560490883425
constant_Eh_over_r,rpa,constant,125000.0,100000.0,25000.0,0.25,mpa_diastolic,4.677526236678359,4.679746225352589,-0.002219988674229789,-0.0004743822778686097,-0.0018975291114744389
constant_Eh_over_r,rpa,constant,125000.0,100000.0,25000.0,0.25,mpa_mean,812.8268528155874,812.7413177002337,0.08553511535365033,0.00010524273036306806,0.00042097092145227223
constant_Eh_over_r,rpa,constant,125000.0,100000.0,25000.0,0.25,rpa_split,0.4999468361703251,0.5,-5.316382967490707e-05,-0.00010632765934981414,-0.00042531063739925656
constant_Eh_over_r,rpa,constant,125000.0,100000.0,25000.0,0.25,lpa_split,0.5000531638296749,0.5,5.316382967490707e-05,0.00010632765934981414,0.00042531063739925656
constant_Eh_over_r,rpa,constant,150000.0,100000.0,50000.0,0.5,mpa_systolic,3931.222606938627,3930.6512619063146,0.5713450323123652,0.00014535632755048087,0.00029071265510096175
constant_Eh_over_r,rpa,constant,150000.0,100000.0,50000.0,0.5,mpa_diastolic,4.677242654317133,4.679746225352589,-0.0025035710354561758,-0.0005349800854356259,-0.0010699601708712518
constant_Eh_over_r,rpa,constant,150000.0,100000.0,50000.0,0.5,mpa_mean,812.9077071773155,812.7413177002337,0.1663894770817933,0.00020472624371136418,0.00040945248742272835
constant_Eh_over_r,rpa,constant,150000.0,100000.0,50000.0,0.5,rpa_split,0.4998784567552043,0.5,-0.00012154324479568546,-0.0002430864895913709,-0.0004861729791827418
constant_Eh_over_r,rpa,constant,150000.0,100000.0,50000.0,0.5,lpa_split,0.5001215432447956,0.5,0.00012154324479562995,0.0002430864895912599,0.0004861729791825198
alpha,lpa,olufsen,0.1,0.8,-0.7000000000000001,-0.875,mpa_systolic,4058.221989033744,3942.837664265465,115.38432476827938,0.029264284911860564,-0.03344489704212636
alpha,lpa,olufsen,0.1,0.8,-0.7000000000000001,-0.875,mpa_diastolic,-19.864578009358898,4.536308204188096,-24.400886213546993,-5.379018601738556,6.14744983055835
alpha,lpa,olufsen,0.1,0.8,-0.7000000000000001,-0.875,mpa_mean,836.1981069471998,816.2097021608391,19.98840478636066,0.024489300645953144,-0.027987772166803593
alpha,lpa,olufsen,0.1,0.8,-0.7000000000000001,-0.875,rpa_split,0.4565479746856882,0.5,-0.043452025314311804,-0.08690405062862361,0.09931891500414126
alpha,lpa,olufsen,0.1,0.8,-0.7000000000000001,-0.875,lpa_split,0.5434520253143118,0.5,0.043452025314311804,0.08690405062862361,-0.09931891500414126
alpha,lpa,olufsen,0.12,0.8,-0.68,-0.85,mpa_systolic,4015.849486273447,3942.837664265465,73.01182200798212,0.018517582569959532,-0.021785391258775922
alpha,lpa,olufsen,0.12,0.8,-0.68,-0.85,mpa_diastolic,-7.675392147041614,4.536308204188096,-12.211700351229709,-2.6919908880872323,3.167048103632038
alpha,lpa,olufsen,0.12,0.8,-0.68,-0.85,mpa_mean,830.5975969904623,816.2097021608391,14.387894829623178,0.017627693951116442,-0.020738463471901697
alpha,lpa,olufsen,0.12,0.8,-0.68,-0.85,rpa_split,0.47663136283827384,0.5,-0.023368637161726158,-0.046737274323452316,0.054985028615826256
alpha,lpa,olufsen,0.12,0.8,-0.68,-0.85,lpa_split,0.5233686371617261,0.5,0.023368637161726102,0.046737274323452205,-0.054985028615826124
alpha,lpa,olufsen,0.14,0.8,-0.66,-0.825,mpa_systolic,3986.5830951271137,3942.837664265465,43.745430861648856,0.011094910464643351,-0.01344837632077982
alpha,lpa,olufsen,0.14,0.8,-0.66,-0.825,mpa_diastolic,-2.1260404234206582,4.536308204188096,-6.662348627608754,-1.4686719525489504,1.7802084273320613
alpha,lpa,olufsen,0.14,0.8,-0.66,-0.825,mpa_mean,825.274160838448,816.2097021608391,9.064458677608854,0.01110555124940508,-0.013461274241703129
alpha,lpa,olufsen,0.14,0.8,-0.66,-0.825,rpa_split,0.4867770288780862,0.5,-0.013222971121913785,-0.02644594224382757,0.03205568756827584
alpha,lpa,olufsen,0.14,0.8,-0.66,-0.825,lpa_split,0.5132229711219138,0.5,0.01322297112191384,0.02644594224382768,-0.03205568756827598
alpha,lpa,olufsen,0.16,0.8,-0.64,-0.7999999999999999,mpa_systolic,3967.7731687913247,3942.837664265465,24.93550452585987,0.0063242534055749046,-0.007905316756968631
alpha,lpa,olufsen,0.16,0.8,-0.64,-0.7999999999999999,mpa_diastolic,0.7130597684255812,4.536308204188096,-3.8232484357625145,-0.8428105551189716,1.0535131938987146
alpha,lpa,olufsen,0.16,0.8,-0.64,-0.7999999999999999,mpa_mean,821.4572966431552,816.2097021608391,5.247594482316117,0.006429223358192876,-0.008036529197741095
alpha,lpa,olufsen,0.16,0.8,-0.64,-0.7999999999999999,rpa_split,0.4919567548126112,0.5,-0.008043245187388803,-0.016086490374777607,0.02010811296847201
alpha,lpa,olufsen,0.16,0.8,-0.64,-0.7999999999999999,lpa_split,0.5080432451873889,0.5,0.008043245187388859,0.016086490374777718,-0.020108112968472147
alpha,lpa,olufsen,0.18,0.8,-0.6200000000000001,-0.7750000000000001,mpa_systolic,3999.0756015775632,3942.837664265465,56.23793731209844,0.014263315434411969,-0.018404277979886408
alpha,lpa,olufsen,0.18,0.8,-0.6200000000000001,-0.7750000000000001,mpa_diastolic,-3.8190157754837477,4.536308204188096,-8.355323979671844,-1.841877492353338,2.3766161191655972
alpha,lpa,olufsen,0.18,0.8,-0.6200000000000001,-0.7750000000000001,mpa_mean,827.8814809986839,816.2097021608391,11.671778837844727,0.014299975615267474,-0.0184515814390548
alpha,lpa,olufsen,0.18,0.8,-0.6200000000000001,-0.7750000000000001,rpa_split,0.4840515320640662,0.5,-0.015948467935933797,-0.03189693587186759,0.0411573366088614
alpha,lpa,olufsen,0.18,0.8,-0.6200000000000001,-0.7750000000000001,lpa_split,0.5159484679359339,0.5,0.015948467935933852,0.031896935871867704,-0.04115733660886155
alpha,lpa,olufsen,0.2,0.8,-0.6000000000000001,-0.7500000000000001,mpa_systolic,3983.791746213264,3942.837664265465,40.954081947799295,0.010386956155707942,-0.013849274874277255
alpha,lpa,olufsen,0.2,0.8,-0.6000000000000001,-0.7500000000000001,mpa_diastolic,-0.8690035939265673,4.536308204188096,-5.4053117981146634,-1.1915662593481346,1.5887550124641794
alpha,lpa,olufsen,0.2,0.8,-0.6000000000000001,-0.7500000000000001,mpa_mean,825.1330008537602,816.2097021608391,8.923298692921094,0.010932605517059515,-0.01457680735607935
alpha,lpa,olufsen,0.2,0.8,-0.6000000000000001,-0.7500000000000001,rpa_split,0.48993105090241323,0.5,-0.010068949097586766,-0.02013789819517353,0.02685053092689804
alpha,lpa,olufsen,0.2,0.8,-0.6000000000000001,-0.7500000000000001,lpa_split,0.5100689490975867,0.5,0.01006894909758671,0.02013789819517342,-0.02685053092689789
alpha,lpa,olufsen,0.22,0.8,-0.5800000000000001,-0.7250000000000001,mpa_systolic,3970.9346945901952,3942.837664265465,28.09703032473044,0.007126093620180735,-0.00982909464852515
alpha,lpa,olufsen,0.22,0.8,-0.5800000000000001,-0.7250000000000001,mpa_diastolic,0.9282632037703145,4.536308204188096,-3.608045000417781,-0.7953703403764969,1.0970625384503405
alpha,lpa,olufsen,0.22,0.8,-0.5800000000000001,-0.7250000000000001,mpa_mean,822.4560420327804,816.2097021608391,6.246339871941245,0.007652861581288047,-0.010555671146604202
alpha,lpa,olufsen,0.22,0.8,-0.5800000000000001,-0.7250000000000001,rpa_split,0.493165690965673,0.5,-0.006834309034327024,-0.013668618068654048,0.018853266301591787
alpha,lpa,olufsen,0.22,0.8,-0.5800000000000001,-0.7250000000000001,lpa_split,0.506834309034327,0.5,0.006834309034327024,0.013668618068654048,-0.018853266301591787
alpha,lpa,olufsen,0.24,0.8,-0.56,-0.7000000000000001,mpa_systolic,3961.471732181047,3942.837664265465,18.634067915582364,0.004726055065483863,-0.006751507236405518
alpha,lpa,olufsen,0.24,0.8,-0.56,-0.7000000000000001,mpa_diastolic,2.1034808033570345,4.536308204188096,-2.4328274008310613,-0.536301170759293,0.7661445296561327
alpha,lpa,olufsen,0.24,0.8,-0.56,-0.7000000000000001,mpa_mean,820.3750730894417,816.2097021608391,4.165370928602556,0.005103309746962239,-0.00729044249566034
alpha,lpa,olufsen,0.24,0.8,-0.56,-0.7000000000000001,rpa_split,0.4951553304049312,0.5,-0.004844669595068796,-0.009689339190137591,0.013841913128767987
alpha,lpa,olufsen,0.24,0.8,-0.56,-0.7000000000000001,lpa_split,0.5048446695950688,0.5,0.004844669595068796,0.009689339190137591,-0.013841913128767987
alpha,lpa,olufsen,0.26,0.8,-0.54,-0.675,mpa_systolic,3955.4531025825095,3942.837664265465,12.615438317044664,0.0031995834957599936,-0.004740123697422213
alpha,lpa,olufsen,0.26,0.8,-0.54,-0.675,mpa_diastolic,2.9106879585911924,4.536308204188096,-1.6256202455969033,-0.3583575393083009,0.5309000582345198
alpha,lpa,olufsen,0.26,0.8,-0.54,-0.675,mpa_mean,819.0505382165585,816.2097021608391,2.8408360557193646,0.003480522282690975,-0.005156329307690333
alpha,lpa,olufsen,0.26,0.8,-0.54,-0.675,rpa_split,0.49658433435980703,0.5,-0.0034156656401929664,-0.006831331280385933,0.010120490785756936
alpha,lpa,olufsen,0.26,0.8,-0.54,-0.675,lpa_split,0.5034156656401929,0.5,0.003415665640192911,0.006831331280385822,-0.010120490785756771
alpha,lpa,olufsen,0.28,0.8,-0.52,-0.65,mpa_systolic,3991.137281339238,3942.837664265465,48.299617073773334,0.012249963398574606,-0.018846097536268626
alpha,lpa,olufsen,0.28,0.8,-0.52,-0.65,mpa_diastolic,-2.161832879339349,4.536308204188096,-6.698141083527444,-1.476562169506794,2.2716341069335293
alpha,lpa,olufsen,0.28,0.8,-0.52,-0.65,mpa_mean,826.5203623109112,816.2097021608391,10.310660150072067,0.012632366563121653,-0.019434410097110236
alpha,lpa,olufsen,0.28,0.8,-0.52,-0.65,rpa_split,0.48741436279230593,0.5,-0.012585637207694067,-0.025171274415388134,0.03872503756213559
alpha,lpa,olufsen,0.28,0.8,-0.52,-0.65,lpa_split,0.512585637207694,0.5,0.012585637207694012,0.025171274415388023,-0.03872503756213542
alpha,lpa,olufsen,0.3,0.8,-0.5,-0.625,mpa_systolic,3983.1757132491675,3942.837664265465,40.33804898370272,0.010230715139325306,-0.01636914422292049
alpha,lpa,olufsen,0.3,0.8,-0.5,-0.625,mpa_diastolic,-0.4298061674096807,4.536308204188096,-4.966114371597777,-1.0947480083061525,1.751596813289844
alpha,lpa,olufsen,0.3,0.8,-0.5,-0.625,mpa_mean,825.1881932476529,816.2097021608391,8.978491086813733,0.011000225877055878,-0.017600361403289404
alpha,lpa,olufsen,0.3,0.8,-0.5,-0.625,rpa_split,0.4911315471496794,0.5,-0.008868452850320618,-0.017736905700641237,0.028379049121025977
alpha,lpa,olufsen,0.3,0.8,-0.5,-0.625,lpa_split,0.5088684528503207,0.5,0.008868452850320674,0.017736905700641348,-0.028379049121026158
alpha,lpa,olufsen,0.32,0.8,-0.48000000000000004,-0.6,mpa_systolic,3969.470182937151,3942.837664265465,26.632518671686285,0.006754657670301985,-0.011257762783836642
alpha,lpa,olufsen,0.32,0.8,-0.48000000000000004,-0.6,mpa_diastolic,1.8692664863227086,4.536308204188096,-2.667041717865387,-0.5879322122344047,0.9798870203906745
alpha,lpa,olufsen,0.32,0.8,-0.48000000000000004,-0.6,mpa_mean,822.5218824643629,816.2097021608391,6.312180303523746,0.007733527654489817,-0.012889212757483028
alpha,lpa,olufsen,0.32,0.8,-0.48000000000000004,-0.6,rpa_split,0.495843269859402,0.5,-0.004156730140597975,-0.00831346028119595,0.013855767135326585
alpha,lpa,olufsen,0.32,0.8,-0.48000000000000004,-0.6,lpa_split,0.504156730140598,0.5,0.004156730140598031,0.008313460281196061,-0.013855767135326769
alpha,lpa,olufsen,0.34,0.8,-0.46,-0.575,mpa_systolic,3962.4821239995404,3942.837664265465,19.644459734075554,0.004982315126010961,-0.008664895871323412
alpha,lpa,olufsen,0.34,0.8,-0.46,-0.575,mpa_diastolic,2.6680630308205315,4.536308204188096,-1.8682451733675642,-0.4118426458860815,0.7162480798018809
alpha,lpa,olufsen,0.34,0.8,-0.46,-0.575,mpa_mean,820.9393401659158,816.2097021608391,4.729638005076708,0.005794635854677337,-0.01007762757335189
alpha,lpa,olufsen,0.34,0.8,-0.46,-0.575,rpa_split,0.49713591064489404,0.5,-0.0028640893551059587,-0.0057281787102119175,0.009962049930803336
alpha,lpa,olufsen,0.34,0.8,-0.46,-0.575,lpa_split,0.502864089355106,0.5,0.0028640893551059587,0.0057281787102119175,-0.009962049930803336
alpha,lpa,olufsen,0.36,0.8,-0.44000000000000006,-0.55,mpa_systolic,3956.118107709108,3942.837664265465,13.28044344364298,0.0033682450494996667,-0.006124081908181212
alpha,lpa,olufsen,0.36,0.8,-0.44000000000000006,-0.55,mpa_diastolic,3.259575689433469,4.536308204188096,-1.276732514754627,-0.2814474804811318,0.5117226917838759
alpha,lpa,olufsen,0.36,0.8,-0.44000000000000006,-0.55,mpa_mean,819.4038062676474,816.2097021608391,3.194104106808254,0.003913337587573587,-0.007115159250133794
alpha,lpa,olufsen,0.36,0.8,-0.44000000000000006,-0.55,rpa_split,0.4978305751851141,0.5,-0.002169424814885912,-0.004338849629771824,0.007888817508676043
alpha,lpa,olufsen,0.36,0.8,-0.44000000000000006,-0.55,lpa_split,0.5021694248148859,0.5,0.002169424814885912,0.004338849629771824,-0.007888817508676043
alpha,lpa,olufsen,0.38,0.8,-0.42000000000000004,-0.525,mpa_systolic,3951.7180978088973,3942.837664265465,8.880433543432446,0.002252294996549607,-0.004290085707713537
alpha,lpa,olufsen,0.38,0.8,-0.42000000000000004,-0.525,mpa_diastolic,3.713166629080532,4.536308204188096,-0.8231415751075639,-0.18145627194104838,0.34563099417342547
alpha,lpa,olufsen,0.38,0.8,-0.42000000000000004,-0.525,mpa_mean,818.3449118301105,816.2097021608391,2.135209669271376,0.0026160062342050175,-0.004982869017533366
alpha,lpa,olufsen,0.38,0.8,-0.42000000000000004,-0.525,rpa_split,0.49841540860994776,0.5,-0.0015845913900522368,-0.0031691827801044736,0.006036538628770426
alpha,lpa,olufsen,0.38,0.8,-0.42000000000000004,-0.525,lpa_split,0.5015845913900523,0.5,0.0015845913900522923,0.0031691827801045847,-0.006036538628770637
alpha,lpa,olufsen,0.4,0.8,-0.4,-0.5,mpa_systolic,3948.850232042125,3942.837664265465,6.012567776660035,0.0015249341435364808,-0.0030498682870729616
alpha,lpa,olufsen,0.4,0.8,-0.4,-0.5,mpa_diastolic,4.017508086498025,4.536308204188096,-0.5188001176900707,-0.11436615290184524,0.22873230580369047
alpha,lpa,olufsen,0.4,0.8,-0.4,-0.5,mpa_mean,817.6626987786325,816.2097021608391,1.4529966177933602,0.0017801756263698986,-0.003560351252739797
alpha,lpa,olufsen,0.4,0.8,-0.4,-0.5,rpa_split,0.498912006054459,0.5,-0.0010879939455409882,-0.0021759878910819763,0.004351975782163953
alpha,lpa,olufsen,0.4,0.8,-0.4,-0.5,lpa_split,0.501087993945541,0.5,0.0010879939455410437,0.0021759878910820873,-0.004351975782164175
alpha,lpa,olufsen,0.42,0.8,-0.38000000000000006,-0.47500000000000003,mpa_systolic,3950.820734541548,3942.837664265465,7.983070276083254,0.002024701739164924,-0.004262529977189313
alpha,lpa,olufsen,0.42,0.8,-0.38000000000000006,-0.47500000000000003,mpa_diastolic,4.011371286619732,4.536308204188096,-0.5249369175683638,-0.1157189710090072,0.24361888633475198
alpha,lpa,olufsen,0.42,0.8,-0.38000000000000006,-0.47500000000000003,mpa_mean,818.2335930710335,816.2097021608391,2.023890910194382,0.0024796212356166794,-0.005220255232877219
alpha,lpa,olufsen,0.42,0.8,-0.38000000000000006,-0.47500000000000003,rpa_split,0.49931002743337516,0.5,-0.0006899725666248413,-0.0013799451332496826,0.0029051476489467
alpha,lpa,olufsen,0.42,0.8,-0.38000000000000006,-0.47500000000000003,lpa_split,0.5006899725666248,0.5,0.0006899725666248413,0.0013799451332496826,-0.0029051476489467
alpha,lpa,olufsen,0.44,0.8,-0.36000000000000004,-0.45,mpa_systolic,3948.558907622496,3942.837664265465,5.721243357031199,0.0014510471503515587,-0.0032245492230034635
alpha,lpa,olufsen,0.44,0.8,-0.36000000000000004,-0.45,mpa_diastolic,4.187522332316383,4.536308204188096,-0.34878587187171295,-0.07688760467150364,0.17086134371445252
alpha,lpa,olufsen,0.44,0.8,-0.36000000000000004,-0.45,mpa_mean,817.6704871104,816.2097021608391,1.460784949560889,0.0017897176983973566,-0.003977150440883015
alpha,lpa,olufsen,0.44,0.8,-0.36000000000000004,-0.45,rpa_split,0.49954876479774557,0.5,-0.0004512352022544297,-0.0009024704045088594,0.0020054897877974653
alpha,lpa,olufsen,0.44,0.8,-0.36000000000000004,-0.45,lpa_split,0.5004512352022544,0.5,0.0004512352022544297,0.0009024704045088594,-0.0020054897877974653
alpha,lpa,olufsen,0.46,0.8,-0.34,-0.425,mpa_systolic,3946.220494936641,3942.837664265465,3.3828306711761797,0.0008579685392161303,-0.0020187495040379535
alpha,lpa,olufsen,0.46,0.8,-0.34,-0.425,mpa_diastolic,4.310916188068306,4.536308204188096,-0.2253920161197902,-0.04968622191757155,0.11690875745310952
alpha,lpa,olufsen,0.46,0.8,-0.34,-0.425,mpa_mean,817.0598679964912,816.2097021608391,0.850165835652092,0.0010416022174220144,-0.002450828746875328
alpha,lpa,olufsen,0.46,0.8,-0.34,-0.425,rpa_split,0.4996035415229151,0.5,-0.00039645847708491555,-0.0007929169541698311,0.001865686950987838
alpha,lpa,olufsen,0.46,0.8,-0.34,-0.425,lpa_split,0.5003964584770849,0.5,0.00039645847708491555,0.0007929169541698311,-0.001865686950987838
alpha,lpa,olufsen,0.48,0.8,-0.32000000000000006,-0.4000000000000001,mpa_systolic,3954.9665196215506,3942.837664265465,12.12885535608575,0.0030761741641081005,-0.00769043541027025
alpha,lpa,olufsen,0.48,0.8,-0.32000000000000006,-0.4000000000000001,mpa_diastolic,1.7135357318199467,4.536308204188096,-2.822772472368149,-0.6222620565688319,1.5556551414220796
alpha,lpa,olufsen,0.48,0.8,-0.32000000000000006,-0.4000000000000001,mpa_mean,818.3467908529506,816.2097021608391,2.1370886921114334,0.0026183083666534352,-0.006545770916633587
alpha,lpa,olufsen,0.48,0.8,-0.32000000000000006,-0.4000000000000001,rpa_split,0.4927858320173692,0.5,-0.007214167982630804,-0.014428335965261607,0.03607083991315401
alpha,lpa,olufsen,0.48,0.8,-0.32000000000000006,-0.4000000000000001,lpa_split,0.5072141679826307,0.5,0.007214167982630748,0.014428335965261496,-0.036070839913153734
alpha,lpa,olufsen,0.5,0.8,-0.30000000000000004,-0.37500000000000006,mpa_systolic,3950.3637578660146,3942.837664265465,7.526093600549757,0.0019088012851150033,-0.005090136760306675
alpha,lpa,olufsen,0.5,0.8,-0.30000000000000004,-0.37500000000000006,mpa_diastolic,2.5243395940706823,4.536308204188096,-2.0119686101174135,-0.4435255541631598,1.1827348111017593
alpha,lpa,olufsen,0.5,0.8,-0.30000000000000004,-0.37500000000000006,mpa_mean,817.4202229124732,816.2097021608391,1.2105207516340215,0.0014831001744150807,-0.003954933798440215
alpha,lpa,olufsen,0.5,0.8,-0.30000000000000004,-0.37500000000000006,rpa_split,0.49441470155107925,0.5,-0.00558529844892075,-0.0111705968978415,0.029788258394243997
alpha,lpa,olufsen,0.5,0.8,-0.30000000000000004,-0.37500000000000006,lpa_split,0.5055852984489208,0.5,0.00558529844892075,0.0111705968978415,-0.029788258394243997
alpha,lpa,olufsen,0.52,0.8,-0.28,-0.35000000000000003,mpa_systolic,3947.229270662954,3942.837664265465,4.3916063974893405,0.0011138187192668708,-0.003182339197905345
alpha,lpa,olufsen,0.52,0.8,-0.28,-0.35000000000000003,mpa_diastolic,3.12901160374107,4.536308204188096,-1.407296600447026,-0.31022949436013963,0.8863699838861132
alpha,lpa,olufsen,0.52,0.8,-0.28,-0.35000000000000003,mpa_mean,816.7990378928632,816.2097021608391,0.5893357320240966,0.0007220396063216171,-0.0020629703037760485
alpha,lpa,olufsen,0.52,0.8,-0.28,-0.35000000000000003,rpa_split,0.4956865900882345,0.5,-0.004313409911765487,-0.008626819823530973,0.02464805663865992
alpha,lpa,olufsen,0.52,0.8,-0.28,-0.35000000000000003,lpa_split,0.5043134099117654,0.5,0.004313409911765431,0.008626819823530862,-0.024648056638659606
alpha,lpa,olufsen,0.54,0.8,-0.26,-0.325,mpa_systolic,3972.8461029547207,3942.837664265465,30.008438689255854,0.007610873498857658,-0.023418072304177407
alpha,lpa,olufsen,0.54,0.8,-0.26,-0.325,mpa_diastolic,-6.688073423179837,4.536308204188096,-11.224381627367933,-2.474342818463073,7.613362518347916
alpha,lpa,olufsen,0.54,0.8,-0.26,-0.325,mpa_mean,819.4237907729953,816.2097021608391,3.2140886121561607,0.003937822110723703,-0.012116375725303703
alpha,lpa,olufsen,0.54,0.8,-0.26,-0.325,rpa_split,0.47289371150644643,0.5,-0.027106288493553565,-0.05421257698710713,0.16680792919109885
alpha,lpa,olufsen,0.54,0.8,-0.26,-0.325,lpa_split,0.5271062884935536,0.5,0.027106288493553565,0.05421257698710713,-0.16680792919109885
alpha,lpa,olufsen,0.56,0.8,-0.24,-0.3,mpa_systolic,4299.040381812518,3942.837664265465,356.202717547053,0.09034171525126997,-0.3011390508375666
alpha,lpa,olufsen,0.56,0.8,-0.24,-0.3,mpa_diastolic,-317.31051753223124,4.536308204188096,-321.84682573641936,-70.9490650214811,236.49688340493702
alpha,lpa,olufsen,0.56,0.8,-0.24,-0.3,mpa_mean,866.6993516010177,816.2097021608391,50.489649440178596,0.061858673459175936,-0.20619557819725312
alpha,lpa,olufsen,0.56,0.8,-0.24,-0.3,rpa_split,0.32751970914644984,0.5,-0.17248029085355016,-0.3449605817071003,1.1498686056903344
alpha,lpa,olufsen,0.56,0.8,-0.24,-0.3,lpa_split,0.6724802908535501,0.5,0.1724802908535501,0.3449605817071002,-1.149868605690334
alpha,lpa,olufsen,0.58,0.8,-0.22000000000000008,-0.2750000000000001,mpa_systolic,4250.552789406496,3942.837664265465,307.7151251410314,0.07804407671406313,-0.28379664259659315
alpha,lpa,olufsen,0.58,0.8,-0.22000000000000008,-0.2750000000000001,mpa_diastolic,-279.35783384051877,4.536308204188096,-283.8941420447069,-62.582639729506205,227.5732353800225
alpha,lpa,olufsen,0.58,0.8,-0.22000000000000008,-0.2750000000000001,mpa_mean,858.2951471221302,816.2097021608391,42.085444961291046,0.05156204937269644,-0.18749836135525974
alpha,lpa,olufsen,0.58,0.8,-0.22000000000000008,-0.2750000000000001,rpa_split,0.3376297165274103,0.5,-0.1623702834725897,-0.3247405669451794,1.1808747888915612
alpha,lpa,olufsen,0.58,0.8,-0.22000000000000008,-0.2750000000000001,lpa_split,0.6623702834725897,0.5,0.16237028347258975,0.3247405669451795,-1.1808747888915614
alpha,lpa,olufsen,0.6,0.8,-0.20000000000000007,-0.25000000000000006,mpa_systolic,4209.708016735696,3942.837664265465,266.8703524702314,0.06768484406267036,-0.2707393762506814
alpha,lpa,olufsen,0.6,0.8,-0.20000000000000007,-0.25000000000000006,mpa_diastolic,-245.64266663901978,4.536308204188096,-250.17897484320787,-55.150347723779646,220.60139089511853
alpha,lpa,olufsen,0.6,0.8,-0.20000000000000007,-0.25000000000000006,mpa_mean,851.6468718013562,816.2097021608391,35.43716964051703,0.043416746390909616,-0.17366698556363844
alpha,lpa,olufsen,0.6,0.8,-0.20000000000000007,-0.25000000000000006,rpa_split,0.3474898953933798,0.5,-0.15251010460662018,-0.30502020921324036,1.2200808368529612
alpha,lpa,olufsen,0.6,0.8,-0.20000000000000007,-0.25000000000000006,lpa_split,0.6525101046066202,0.5,0.15251010460662018,0.30502020921324036,-1.2200808368529612
alpha,lpa,olufsen,0.62,0.8,-0.18000000000000005,-0.22500000000000006,mpa_systolic,4170.588581516613,3942.837664265465,227.75091725114817,0.05776319915863878,-0.25672532959395006
alpha,lpa,olufsen,0.62,0.8,-0.18000000000000005,-0.22500000000000006,mpa_diastolic,-212.12689188419927,4.536308204188096,-216.66320008838736,-47.762010501922134,212.27560223076497
alpha,lpa,olufsen,0.62,0.8,-0.18000000000000005,-0.22500000000000006,mpa_mean,845.6346738854716,816.2097021608391,29.424971724632428,0.03605074976042622,-0.16022555449078316
alpha,lpa,olufsen,0.62,0.8,-0.18000000000000005,-0.22500000000000006,rpa_split,0.35812853532160166,0.5,-0.14187146467839834,-0.2837429293567967,1.2610796860302071
alpha,lpa,olufsen,0.62,0.8,-0.18000000000000005,-0.22500000000000006,lpa_split,0.6418714646783983,0.5,0.14187146467839828,0.28374292935679657,-1.2610796860302067
alpha,lpa,olufsen,0.64,0.8,-0.16000000000000003,-0.20000000000000004,mpa_systolic,3943.962862247176,3942.837664265465,1.1251979817111533,0.00028537770953873984,-0.0014268885476936988
alpha,lpa,olufsen,0.64,0.8,-0.16000000000000003,-0.20000000000000004,mpa_diastolic,4.2451257208387965,4.536308204188096,-0.2911824833492993,-0.06418930774599228,0.3209465387299614
alpha,lpa,olufsen,0.64,0.8,-0.16000000000000003,-0.20000000000000004,mpa_mean,816.3637523669131,816.2097021608391,0.15405020607397546,0.00018873851372526188,-0.0009436925686263092
alpha,lpa,olufsen,0.64,0.8,-0.16000000000000003,-0.20000000000000004,rpa_split,0.4987822660843373,0.5,-0.001217733915662711,-0.002435467831325422,0.012177339156627108
alpha,lpa,olufsen,0.64,0.8,-0.16000000000000003,-0.20000000000000004,lpa_split,0.5012177339156627,0.5,0.001217733915662711,0.002435467831325422,-0.012177339156627108
alpha,lpa,olufsen,0.66,0.8,-0.14,-0.17500000000000002,mpa_systolic,3950.683266023036,3942.837664265465,7.84560175757133,0.001989836362951792,-0.011370493502581668
alpha,lpa,olufsen,0.66,0.8,-0.14,-0.17500000000000002,mpa_diastolic,1.310357892572805,4.536308204188096,-3.225950311615291,-0.711140021005841,4.063657262890519
alpha,lpa,olufsen,0.66,0.8,-0.14,-0.17500000000000002,mpa_mean,816.9538800561014,816.2097021608391,0.7441778952622826,0.0009117484064354308,-0.0052099908939167465
alpha,lpa,olufsen,0.66,0.8,-0.14,-0.17500000000000002,rpa_split,0.4908068008359672,0.5,-0.009193199164032773,-0.018386398328065545,0.10506513330323168
alpha,lpa,olufsen,0.66,0.8,-0.14,-0.17500000000000002,lpa_split,0.5091931991640328,0.5,0.009193199164032828,0.018386398328065656,-0.1050651333032323
alpha,lpa,olufsen,0.68,0.8,-0.12,-0.15,mpa_systolic,3949.2523305269733,3942.837664265465,6.414666261508501,0.0016269161471306802,-0.010846107647537868
alpha,lpa,olufsen,0.68,0.8,-0.12,-0.15,mpa_diastolic,1.2102262410275615,4.536308204188096,-3.3260819631605343,-0.7332134002909605,4.8880893352730705
alpha,lpa,olufsen,0.68,0.8,-0.12,-0.15,mpa_mean,816.5048885072857,816.2097021608391,0.2951863464465987,0.00036165503260390114,-0.0024110335506926745
alpha,lpa,olufsen,0.68,0.8,-0.12,-0.15,rpa_split,0.49025307053245787,0.5,-0.009746929467542131,-0.019493858935084263,0.12995905956722842
alpha,lpa,olufsen,0.68,0.8,-0.12,-0.15,lpa_split,0.5097469294675421,0.5,0.009746929467542076,0.019493858935084152,-0.1299590595672277
alpha,lpa,olufsen,0.7,0.8,-0.10000000000000009,-0.1250000000000001,mpa_systolic,3945.752579020165,3942.837664265465,2.914914754700021,0.000739293626293148,-0.005914349010345179
alpha,lpa,olufsen,0.7,0.8,-0.10000000000000009,-0.1250000000000001,mpa_diastolic,4.186555878468004,4.536308204188096,-0.3497523257200914,-0.07710065321337436,0.6168052257069944
alpha,lpa,olufsen,0.7,0.8,-0.10000000000000009,-0.1250000000000001,mpa_mean,816.8521332161039,816.2097021608391,0.6424310552647512,0.0007870906870672755,-0.006296725496538199
alpha,lpa,olufsen,0.7,0.8,-0.10000000000000009,-0.1250000000000001,rpa_split,0.49890662711516903,0.5,-0.0010933728848309676,-0.0021867457696619352,0.017493966157295468
alpha,lpa,olufsen,0.7,0.8,-0.10000000000000009,-0.1250000000000001,lpa_split,0.501093372884831,0.5,0.0010933728848310231,0.0021867457696620463,-0.017493966157296356
alpha,lpa,olufsen,0.72,0.8,-0.08000000000000007,-0.10000000000000009,mpa_systolic,3943.618419242604,3942.837664265465,0.7807549771391677,0.00019801854492140734,-0.0019801854492140715
alpha,lpa,olufsen,0.72,0.8,-0.08000000000000007,-0.10000000000000009,mpa_diastolic,4.53872152039512,4.536308204188096,0.0024133162070238967,0.0005320000534346033,-0.0053200005343460284
alpha,lpa,olufsen,0.72,0.8,-0.08000000000000007,-0.10000000000000009,mpa_mean,816.4471130684371,816.2097021608391,0.23741090759801864,0.00029086998962337177,-0.002908699896233715
alpha,lpa,olufsen,0.72,0.8,-0.08000000000000007,-0.10000000000000009,rpa_split,0.5002550463099344,0.5,0.000255046309934448,0.000510092619868896,-0.0051009261986889555
alpha,lpa,olufsen,0.72,0.8,-0.08000000000000007,-0.10000000000000009,lpa_split,0.49974495369006555,0.5,-0.000255046309934448,-0.000510092619868896,0.0051009261986889555
alpha,lpa,olufsen,0.74,0.8,-0.06000000000000005,-0.07500000000000007,mpa_systolic,3943.8280687086108,3942.837664265465,0.9904044431459624,0.00025119077362026544,-0.0033492103149368696
alpha,lpa,olufsen,0.74,0.8,-0.06000000000000005,-0.07500000000000007,mpa_diastolic,4.522848405478404,4.536308204188096,-0.013459798709691384,-0.0029671261527743588,0.03956168203699142
alpha,lpa,olufsen,0.74,0.8,-0.06000000000000005,-0.07500000000000007,mpa_mean,816.495930145732,816.2097021608391,0.28622798489288925,0.0003506794689344262,-0.004675726252459012
alpha,lpa,olufsen,0.74,0.8,-0.06000000000000005,-0.07500000000000007,rpa_split,0.5001928136526375,0.5,0.00019281365263745798,0.00038562730527491595,-0.005141697403665542
alpha,lpa,olufsen,0.74,0.8,-0.06000000000000005,-0.07500000000000007,lpa_split,0.49980718634736254,0.5,-0.00019281365263745798,-0.00038562730527491595,0.005141697403665542
alpha,lpa,olufsen,0.76,0.8,-0.040000000000000036,-0.050000000000000044,mpa_systolic,3942.9954804428103,3942.837664265465,0.1578161773454667,4.002603981791557e-05,-0.0008005207963583108
alpha,lpa,olufsen,0.76,0.8,-0.040000000000000036,-0.050000000000000044,mpa_diastolic,4.5390501924703965,4.536308204188096,0.002741988282300767,0.0006044537008683089,-0.012089074017366168
alpha,lpa,olufsen,0.76,0.8,-0.040000000000000036,-0.050000000000000044,mpa_mean,816.2606545951564,816.2097021608391,0.05095243431730978,6.242566607872702e-05,-0.0012485133215745393
alpha,lpa,olufsen,0.76,0.8,-0.040000000000000036,-0.050000000000000044,rpa_split,0.5000845856210645,0.5,8.458562106450351e-05,0.00016917124212900703,-0.0033834248425801375
alpha,lpa,olufsen,0.76,0.8,-0.040000000000000036,-0.050000000000000044,lpa_split,0.4999154143789355,0.5,-8.458562106450351e-05,-0.00016917124212900703,0.0033834248425801375
alpha,lpa,olufsen,0.78,0.8,-0.020000000000000018,-0.025000000000000022,mpa_systolic,3943.928998539322,3942.837664265465,1.0913342738572283,0.00027678904555167365,-0.011071561822066936
alpha,lpa,olufsen,0.78,0.8,-0.020000000000000018,-0.025000000000000022,mpa_diastolic,4.52769547080827,4.536308204188096,-0.008612733379825599,-0.0018986217408847991,0.0759448696353919
alpha,lpa,olufsen,0.78,0.8,-0.020000000000000018,-0.025000000000000022,mpa_mean,816.5250388387215,816.2097021608391,0.31533667788232833,0.00038634272178767766,-0.015453708871507092
alpha,lpa,olufsen,0.78,0.8,-0.020000000000000018,-0.025000000000000022,rpa_split,0.500211932127863,0.5,0.00021193212786296822,0.00042386425572593645,-0.016954570229037444
alpha,lpa,olufsen,0.78,0.8,-0.020000000000000018,-0.025000000000000022,lpa_split,0.49978806787213703,0.5,-0.00021193212786296822,-0.00042386425572593645,0.016954570229037444
alpha,rpa,olufsen,0.1,0.8,-0.7000000000000001,-0.875,mpa_systolic,4058.221989033744,3942.837664265465,115.38432476827938,0.029264284911860564,-0.03344489704212636
alpha,rpa,olufsen,0.1,0.8,-0.7000000000000001,-0.875,mpa_diastolic,-19.864578009358887,4.536308204188096,-24.400886213546983,-5.379018601738554,6.147449830558348
alpha,rpa,olufsen,0.1,0.8,-0.7000000000000001,-0.875,mpa_mean,836.1981069471998,816.2097021608391,19.98840478636066,0.024489300645953144,-0.027987772166803593
alpha,rpa,olufsen,0.1,0.8,-0.7000000000000001,-0.875,rpa_split,0.5434520253143118,0.5,0.043452025314311804,0.08690405062862361,-0.09931891500414126
alpha,rpa,olufsen,0.1,0.8,-0.7000000000000001,-0.875,lpa_split,0.4565479746856882,0.5,-0.043452025314311804,-0.08690405062862361,0.09931891500414126
alpha,rpa,olufsen,0.12,0.8,-0.68,-0.85,mpa_systolic,4015.849486273447,3942.837664265465,73.01182200798212,0.018517582569959532,-0.021785391258775922
alpha,rpa,olufsen,0.12,0.8,-0.68,-0.85,mpa_diastolic,-7.67539214704161,4.536308204188096,-12.211700351229705,-2.6919908880872314,3.167048103632037
alpha,rpa,olufsen,0.12,0.8,-0.68,-0.85,mpa_mean,830.5975969904624,816.2097021608391,14.387894829623292,0.017627693951116585,-0.020738463471901863
alpha,rpa,olufsen,0.12,0.8,-0.68,-0.85,rpa_split,0.5233686371617262,0.5,0.023368637161726213,0.04673727432345243,-0.05498502861582639
alpha,rpa,olufsen,0.12,0.8,-0.68,-0.85,lpa_split,0.4766313628382738,0.5,-0.023368637161726213,-0.04673727432345243,0.05498502861582639
alpha,rpa,olufsen,0.14,0.8,-0.66,-0.825,mpa_systolic,3986.5830951271137,3942.837664265465,43.745430861648856,0.011094910464643351,-0.01344837632077982
alpha,rpa,olufsen,0.14,0.8,-0.66,-0.825,mpa_diastolic,-2.1260404234206596,4.536308204188096,-6.662348627608756,-1.4686719525489509,1.7802084273320617
alpha,rpa,olufsen,0.14,0.8,-0.66,-0.825,mpa_mean,825.274160838448,816.2097021608391,9.064458677608854,0.01110555124940508,-0.013461274241703129
alpha,rpa,olufsen,0.14,0.8,-0.66,-0.825,rpa_split,0.5132229711219137,0.5,0.01322297112191373,0.02644594224382746,-0.03205568756827571
alpha,rpa,olufsen,0.14,0.8,-0.66,-0.825,lpa_split,0.48677702887808627,0.5,-0.01322297112191373,-0.02644594224382746,0.03205568756827571
alpha,rpa,olufsen,0.16,0.8,-0.64,-0.7999999999999999,mpa_systolic,3967.7731687913247,3942.837664265465,24.93550452585987,0.0063242534055749046,-0.007905316756968631
alpha,rpa,olufsen,0.16,0.8,-0.64,-0.7999999999999999,mpa_diastolic,0.7130597684255817,4.536308204188096,-3.823248435762514,-0.8428105551189716,1.0535131938987146
alpha,rpa,olufsen,0.16,0.8,-0.64,-0.7999999999999999,mpa_mean,821.4572966431552,816.2097021608391,5.247594482316117,0.006429223358192876,-0.008036529197741095
alpha,rpa,olufsen,0.16,0.8,-0.64,-0.7999999999999999,rpa_split,0.5080432451873886,0.5,0.008043245187388637,0.016086490374777274,-0.020108112968471592
alpha,rpa,olufsen,0.16,0.8,-0.64,-0.7999999999999999,lpa_split,0.49195675481261136,0.5,-0.008043245187388637,-0.016086490374777274,0.020108112968471592
alpha,rpa,olufsen,0.18,0.8,-0.6200000000000001,-0.7750000000000001,mpa_systolic,3999.0756015775632,3942.837664265465,56.23793731209844,0.014263315434411969,-0.018404277979886408
alpha,rpa,olufsen,0.18,0.8,-0.6200000000000001,-0.7750000000000001,mpa_diastolic,-3.8190157754837513,4.536308204188096,-8.355323979671848,-1.841877492353339,2.376616119165598
alpha,rpa,olufsen,0.18,0.8,-0.6200000000000001,-0.7750000000000001,mpa_mean,827.8814809986839,816.2097021608391,11.671778837844727,0.014299975615267474,-0.0184515814390548
alpha,rpa,olufsen,0.18,0.8,-0.6200000000000001,-0.7750000000000001,rpa_split,0.5159484679359337,0.5,0.01594846793593374,0.03189693587186748,-0.04115733660886126
alpha,rpa,olufsen,0.18,0.8,-0.6200000000000001,-0.7750000000000001,lpa_split,0.48405153206406626,0.5,-0.01594846793593374,-0.03189693587186748,0.04115733660886126
alpha,rpa,olufsen,0.2,0.8,-0.6000000000000001,-0.7500000000000001,mpa_systolic,3983.791746213264,3942.837664265465,40.954081947799295,0.010386956155707942,-0.013849274874277255
alpha,rpa,olufsen,0.2,0.8,-0.6000000000000001,-0.7500000000000001,mpa_diastolic,-0.8690035939265657,4.536308204188096,-5.405311798114662,-1.1915662593481342,1.5887550124641787
alpha,rpa,olufsen,0.2,0.8,-0.6000000000000001,-0.7500000000000001,mpa_mean,825.1330008537602,816.2097021608391,8.923298692921094,0.010932605517059515,-0.01457680735607935
alpha,rpa,olufsen,0.2,0.8,-0.6000000000000001,-0.7500000000000001,rpa_split,0.5100689490975868,0.5,0.010068949097586821,0.020137898195173642,-0.026850530926898188
alpha,rpa,olufsen,0.2,0.8,-0.6000000000000001,-0.7500000000000001,lpa_split,0.4899310509024132,0.5,-0.010068949097586821,-0.020137898195173642,0.026850530926898188
alpha,rpa,olufsen,0.22,0.8,-0.5800000000000001,-0.7250000000000001,mpa_systolic,3970.9346945901952,3942.837664265465,28.09703032473044,0.007126093620180735,-0.00982909464852515
alpha,rpa,olufsen,0.22,0.8,-0.5800000000000001,-0.7250000000000001,mpa_diastolic,0.9282632037703145,4.536308204188096,-3.608045000417781,-0.7953703403764969,1.0970625384503405
alpha,rpa,olufsen,0.22,0.8,-0.5800000000000001,-0.7250000000000001,mpa_mean,822.4560420327804,816.2097021608391,6.246339871941245,0.007652861581288047,-0.010555671146604202
alpha,rpa,olufsen,0.22,0.8,-0.5800000000000001,-0.7250000000000001,rpa_split,0.5068343090343269,0.5,0.006834309034326913,0.013668618068653826,-0.01885326630159148
alpha,rpa,olufsen,0.22,0.8,-0.5800000000000001,-0.7250000000000001,lpa_split,0.4931656909656731,0.5,-0.006834309034326913,-0.013668618068653826,0.01885326630159148
alpha,rpa,olufsen,0.24,0.8,-0.56,-0.7000000000000001,mpa_systolic,3961.471732181047,3942.837664265465,18.634067915582364,0.004726055065483863,-0.006751507236405518
alpha,rpa,olufsen,0.24,0.8,-0.56,-0.7000000000000001,mpa_diastolic,2.1034808033570345,4.536308204188096,-2.4328274008310613,-0.536301170759293,0.7661445296561327
alpha,rpa,olufsen,0.24,0.8,-0.56,-0.7000000000000001,mpa_mean,820.3750730894417,816.2097021608391,4.165370928602556,0.005103309746962239,-0.00729044249566034
alpha,rpa,olufsen,0.24,0.8,-0.56,-0.7000000000000001,rpa_split,0.5048446695950688,0.5,0.004844669595068796,0.009689339190137591,-0.013841913128767987
alpha,rpa,olufsen,0.24,0.8,-0.56,-0.7000000000000001,lpa_split,0.4951553304049312,0.5,-0.004844669595068796,-0.009689339190137591,0.013841913128767987
alpha,rpa,olufsen,0.26,0.8,-0.54,-0.675,mpa_systolic,3955.4531025825095,3942.837664265465,12.615438317044664,0.0031995834957599936,-0.004740123697422213
alpha,rpa,olufsen,0.26,0.8,-0.54,-0.675,mpa_diastolic,2.9106879585911916,4.536308204188096,-1.6256202455969042,-0.35835753930830105,0.53090005823452
alpha,rpa,olufsen,0.26,0.8,-0.54,-0.675,mpa_mean,819.0505382165585,816.2097021608391,2.8408360557193646,0.003480522282690975,-0.005156329307690333
alpha,rpa,olufsen,0.26,0.8,-0.54,-0.675,rpa_split,0.5034156656401929,0.5,0.003415665640192911,0.006831331280385822,-0.010120490785756771
alpha,rpa,olufsen,0.26,0.8,-0.54,-0.675,lpa_split,0.4965843343598071,0.5,-0.003415665640192911,-0.006831331280385822,0.010120490785756771
alpha,rpa,olufsen,0.28,0.8,-0.52,-0.65,mpa_systolic,3991.137281339238,3942.837664265465,48.299617073773334,0.012249963398574606,-0.018846097536268626
alpha,rpa,olufsen,0.28,0.8,-0.52,-0.65,mpa_diastolic,-2.1618328793393475,4.536308204188096,-6.698141083527443,-1.476562169506794,2.2716341069335293
alpha,rpa,olufsen,0.28,0.8,-0.52,-0.65,mpa_mean,826.5203623109112,816.2097021608391,10.310660150072067,0.012632366563121653,-0.019434410097110236
alpha,rpa,olufsen,0.28,0.8,-0.52,-0.65,rpa_split,0.512585637207694,0.5,0.012585637207694012,0.025171274415388023,-0.03872503756213542
alpha,rpa,olufsen,0.28,0.8,-0.52,-0.65,lpa_split,0.487414362792306,0.5,-0.012585637207694012,-0.025171274415388023,0.03872503756213542
alpha,rpa,olufsen,0.3,0.8,-0.5,-0.625,mpa_systolic,3983.1757132491675,3942.837664265465,40.33804898370272,0.010230715139325306,-0.01636914422292049
alpha,rpa,olufsen,0.3,0.8,-0.5,-0.625,mpa_diastolic,-0.42980616740968103,4.536308204188096,-4.966114371597777,-1.0947480083061525,1.751596813289844
alpha,rpa,olufsen,0.3,0.8,-0.5,-0.625,mpa_mean,825.1881932476529,816.2097021608391,8.978491086813733,0.011000225877055878,-0.017600361403289404
alpha,rpa,olufsen,0.3,0.8,-0.5,-0.625,rpa_split,0.5088684528503207,0.5,0.008868452850320674,0.017736905700641348,-0.028379049121026158
alpha,rpa,olufsen,0.3,0.8,-0.5,-0.625,lpa_split,0.4911315471496793,0.5,-0.008868452850320674,-0.017736905700641348,0.028379049121026158
alpha,rpa,olufsen,0.32,0.8,-0.48000000000000004,-0.6,mpa_systolic,3969.470182937151,3942.837664265465,26.632518671686285,0.006754657670301985,-0.011257762783836642
alpha,rpa,olufsen,0.32,0.8,-0.48000000000000004,-0.6,mpa_diastolic,1.8692664863227073,4.536308204188096,-2.6670417178653887,-0.5879322122344052,0.9798870203906753
alpha,rpa,olufsen,0.32,0.8,-0.48000000000000004,-0.6,mpa_mean,822.5218824643629,816.2097021608391,6.312180303523746,0.007733527654489817,-0.012889212757483028
alpha,rpa,olufsen,0.32,0.8,-0.48000000000000004,-0.6,rpa_split,0.5041567301405979,0.5,0.0041567301405979196,0.008313460281195839,-0.013855767135326399
alpha,rpa,olufsen,0.32,0.8,-0.48000000000000004,-0.6,lpa_split,0.4958432698594021,0.5,-0.0041567301405979196,-0.008313460281195839,0.013855767135326399
alpha,rpa,olufsen,0.34,0.8,-0.46,-0.575,mpa_systolic,3962.4821239995404,3942.837664265465,19.644459734075554,0.004982315126010961,-0.008664895871323412
alpha,rpa,olufsen,0.34,0.8,-0.46,-0.575,mpa_diastolic,2.668063030820531,4.536308204188096,-1.8682451733675647,-0.4118426458860816,0.7162480798018811
alpha,rpa,olufsen,0.34,0.8,-0.46,-0.575,mpa_mean,820.9393401659158,816.2097021608391,4.729638005076708,0.005794635854677337,-0.01007762757335189
alpha,rpa,olufsen,0.34,0.8,-0.46,-0.575,rpa_split,0.5028640893551058,0.5,0.0028640893551058477,0.0057281787102116954,-0.00996204993080295
alpha,rpa,olufsen,0.34,0.8,-0.46,-0.575,lpa_split,0.49713591064489415,0.5,-0.0028640893551058477,-0.0057281787102116954,0.00996204993080295
alpha,rpa,olufsen,0.36,0.8,-0.44000000000000006,-0.55,mpa_systolic,3956.118107709108,3942.837664265465,13.28044344364298,0.0033682450494996667,-0.006124081908181212
alpha,rpa,olufsen,0.36,0.8,-0.44000000000000006,-0.55,mpa_diastolic,3.2595756894334693,4.536308204188096,-1.2767325147546265,-0.28144748048113166,0.5117226917838757
alpha,rpa,olufsen,0.36,0.8,-0.44000000000000006,-0.55,mpa_mean,819.4038062676474,816.2097021608391,3.194104106808254,0.003913337587573587,-0.007115159250133794
alpha,rpa,olufsen,0.36,0.8,-0.44000000000000006,-0.55,rpa_split,0.5021694248148858,0.5,0.002169424814885801,0.004338849629771602,-0.00788881750867564
alpha,rpa,olufsen,0.36,0.8,-0.44000000000000006,-0.55,lpa_split,0.4978305751851142,0.5,-0.002169424814885801,-0.004338849629771602,0.00788881750867564
alpha,rpa,olufsen,0.38,0.8,-0.42000000000000004,-0.525,mpa_systolic,3951.7180978088973,3942.837664265465,8.880433543432446,0.002252294996549607,-0.004290085707713537
alpha,rpa,olufsen,0.38,0.8,-0.42000000000000004,-0.525,mpa_diastolic,3.713166629080532,4.536308204188096,-0.8231415751075639,-0.18145627194104838,0.34563099417342547
alpha,rpa,olufsen,0.38,0.8,-0.42000000000000004,-0.525,mpa_mean,818.3449118301105,816.2097021608391,2.135209669271376,0.0026160062342050175,-0.004982869017533366
alpha,rpa,olufsen,0.38,0.8,-0.42000000000000004,-0.525,rpa_split,0.5015845913900522,0.5,0.0015845913900521813,0.0031691827801043626,-0.006036538628770214
alpha,rpa,olufsen,0.38,0.8,-0.42000000000000004,-0.525,lpa_split,0.4984154086099478,0.5,-0.0015845913900521813,-0.0031691827801043626,0.006036538628770214
alpha,rpa,olufsen,0.4,0.8,-0.4,-0.5,mpa_systolic,3948.850232042125,3942.837664265465,6.012567776660035,0.0015249341435364808,-0.0030498682870729616
alpha,rpa,olufsen,0.4,0.8,-0.4,-0.5,mpa_diastolic,4.017508086498026,4.536308204188096,-0.5188001176900698,-0.11436615290184504,0.22873230580369008
alpha,rpa,olufsen,0.4,0.8,-0.4,-0.5,mpa_mean,817.6626987786325,816.2097021608391,1.4529966177933602,0.0017801756263698986,-0.003560351252739797
alpha,rpa,olufsen,0.4,0.8,-0.4,-0.5,rpa_split,0.501087993945541,0.5,0.0010879939455410437,0.0021759878910820873,-0.004351975782164175
alpha,rpa,olufsen,0.4,0.8,-0.4,-0.5,lpa_split,0.49891200605445896,0.5,-0.0010879939455410437,-0.0021759878910820873,0.004351975782164175
alpha,rpa,olufsen,0.42,0.8,-0.38000000000000006,-0.47500000000000003,mpa_systolic,3950.820734541548,3942.837664265465,7.983070276083254,0.002024701739164924,-0.004262529977189313
alpha,rpa,olufsen,0.42,0.8,-0.38000000000000006,-0.47500000000000003,mpa_diastolic,4.011371286619735,4.536308204188096,-0.5249369175683611,-0.11571897100900662,0.24361888633475076
alpha,rpa,olufsen,0.42,0.8,-0.38000000000000006,-0.47500000000000003,mpa_mean,818.2335930710335,816.2097021608391,2.023890910194382,0.0024796212356166794,-0.005220255232877219
alpha,rpa,olufsen,0.42,0.8,-0.38000000000000006,-0.47500000000000003,rpa_split,0.5006899725666247,0.5,0.0006899725666247303,0.0013799451332494606,-0.0029051476489462325
alpha,rpa,olufsen,0.42,0.8,-0.38000000000000006,-0.47500000000000003,lpa_split,0.49931002743337527,0.5,-0.0006899725666247303,-0.0013799451332494606,0.0029051476489462325
alpha,rpa,olufsen,0.44,0.8,-0.36000000000000004,-0.45,mpa_systolic,3948.558907622496,3942.837664265465,5.721243357031199,0.0014510471503515587,-0.0032245492230034635
alpha,rpa,olufsen,0.44,0.8,-0.36000000000000004,-0.45,mpa_diastolic,4.187522332316382,4.536308204188096,-0.34878587187171384,-0.07688760467150384,0.17086134371445297
alpha,rpa,olufsen,0.44,0.8,-0.36000000000000004,-0.45,mpa_mean,817.6704871104,816.2097021608391,1.460784949560889,0.0017897176983973566,-0.003977150440883015
alpha,rpa,olufsen,0.44,0.8,-0.36000000000000004,-0.45,rpa_split,0.5004512352022544,0.5,0.0004512352022544297,0.0009024704045088594,-0.0020054897877974653
alpha,rpa,olufsen,0.44,0.8,-0.36000000000000004,-0.45,lpa_split,0.49954876479774557,0.5,-0.0004512352022544297,-0.0009024704045088594,0.0020054897877974653
alpha,rpa,olufsen,0.46,0.8,-0.34,-0.425,mpa_systolic,3946.220494936641,3942.837664265465,3.3828306711761797,0.0008579685392161303,-0.0020187495040379535
alpha,rpa,olufsen,0.46,0.8,-0.34,-0.425,mpa_diastolic,4.310916188068306,4.536308204188096,-0.2253920161197902,-0.04968622191757155,0.11690875745310952
alpha,rpa,olufsen,0.46,0.8,-0.34,-0.425,mpa_mean,817.0598679964912,816.2097021608391,0.850165835652092,0.0010416022174220144,-0.002450828746875328
alpha,rpa,olufsen,0.46,0.8,-0.34,-0.425,rpa_split,0.5003964584770848,0.5,0.00039645847708480453,0.0007929169541696091,-0.0018656869509873155
alpha,rpa,olufsen,0.46,0.8,-0.34,-0.425,lpa_split,0.4996035415229152,0.5,-0.00039645847708480453,-0.0007929169541696091,0.0018656869509873155
alpha,rpa,olufsen,0.48,0.8,-0.32000000000000006,-0.4000000000000001,mpa_systolic,3954.9665196215506,3942.837664265465,12.12885535608575,0.0030761741641081005,-0.00769043541027025
alpha,rpa,olufsen,0.48,0.8,-0.32000000000000006,-0.4000000000000001,mpa_diastolic,1.713535731819948,4.536308204188096,-2.8227724723681478,-0.6222620565688316,1.5556551414220787
alpha,rpa,olufsen,0.48,0.8,-0.32000000000000006,-0.4000000000000001,mpa_mean,818.3467908529506,816.2097021608391,2.1370886921114334,0.0026183083666534352,-0.006545770916633587
alpha,rpa,olufsen,0.48,0.8,-0.32000000000000006,-0.4000000000000001,rpa_split,0.5072141679826307,0.5,0.007214167982630748,0.014428335965261496,-0.036070839913153734
alpha,rpa,olufsen,0.48,0.8,-0.32000000000000006,-0.4000000000000001,lpa_split,0.49278583201736925,0.5,-0.007214167982630748,-0.014428335965261496,0.036070839913153734
alpha,rpa,olufsen,0.5,0.8,-0.30000000000000004,-0.37500000000000006,mpa_systolic,3950.3637578660146,3942.837664265465,7.526093600549757,0.0019088012851150033,-0.005090136760306675
alpha,rpa,olufsen,0.5,0.8,-0.30000000000000004,-0.37500000000000006,mpa_diastolic,2.5243395940706823,4.536308204188096,-2.0119686101174135,-0.4435255541631598,1.1827348111017593
alpha,rpa,olufsen,0.5,0.8,-0.30000000000000004,-0.37500000000000006,mpa_mean,817.4202229124732,816.2097021608391,1.2105207516340215,0.0014831001744150807,-0.003954933798440215
alpha,rpa,olufsen,0.5,0.8,-0.30000000000000004,-0.37500000000000006,rpa_split,0.5055852984489206,0.5,0.005585298448920639,0.011170596897841278,-0.029788258394243403
alpha,rpa,olufsen,0.5,0.8,-0.30000000000000004,-0.37500000000000006,lpa_split,0.49441470155107936,0.5,-0.005585298448920639,-0.011170596897841278,0.029788258394243403
alpha,rpa,olufsen,0.52,0.8,-0.28,-0.35000000000000003,mpa_systolic,3947.2292706629532,3942.837664265465,4.391606397488431,0.00111381871926664,-0.003182339197904686
alpha,rpa,olufsen,0.52,0.8,-0.28,-0.35000000000000003,mpa_diastolic,3.12901160374107,4.536308204188096,-1.407296600447026,-0.31022949436013963,0.8863699838861132
alpha,rpa,olufsen,0.52,0.8,-0.28,-0.35000000000000003,mpa_mean,816.7990378928632,816.2097021608391,0.5893357320240966,0.0007220396063216171,-0.0020629703037760485
alpha,rpa,olufsen,0.52,0.8,-0.28,-0.35000000000000003,rpa_split,0.5043134099117654,0.5,0.004313409911765431,0.008626819823530862,-0.024648056638659606
alpha,rpa,olufsen,0.52,0.8,-0.28,-0.35000000000000003,lpa_split,0.49568659008823457,0.5,-0.004313409911765431,-0.008626819823530862,0.024648056638659606
alpha,rpa,olufsen,0.54,0.8,-0.26,-0.325,mpa_systolic,3972.8461029547207,3942.837664265465,30.008438689255854,0.007610873498857658,-0.023418072304177407
alpha,rpa,olufsen,0.54,0.8,-0.26,-0.325,mpa_diastolic,-6.688073423179837,4.536308204188096,-11.224381627367933,-2.474342818463073,7.613362518347916
alpha,rpa,olufsen,0.54,0.8,-0.26,-0.325,mpa_mean,819.4237907729953,816.2097021608391,3.2140886121561607,0.003937822110723703,-0.012116375725303703
alpha,rpa,olufsen,0.54,0.8,-0.26,-0.325,rpa_split,0.5271062884935535,0.5,0.027106288493553454,0.05421257698710691,-0.1668079291910982
alpha,rpa,olufsen,0.54,0.8,-0.26,-0.325,lpa_split,0.47289371150644655,0.5,-0.027106288493553454,-0.05421257698710691,0.1668079291910982
alpha,rpa,olufsen,0.56,0.8,-0.24,-0.3,mpa_systolic,4299.040381812519,3942.837664265465,356.2027175470539,0.0903417152512702,-0.30113905083756737
alpha,rpa,olufsen,0.56,0.8,-0.24,-0.3,mpa_diastolic,-317.3105175322313,4.536308204188096,-321.8468257364194,-70.9490650214811,236.49688340493702
alpha,rpa,olufsen,0.56,0.8,-0.24,-0.3,mpa_mean,866.6993516010177,816.2097021608391,50.489649440178596,0.061858673459175936,-0.20619557819725312
alpha,rpa,olufsen,0.56,0.8,-0.24,-0.3,rpa_split,0.6724802908535501,0.5,0.1724802908535501,0.3449605817071002,-1.149868605690334
alpha,rpa,olufsen,0.56,0.8,-0.24,-0.3,lpa_split,0.3275197091464499,0.5,-0.1724802908535501,-0.3449605817071002,1.149868605690334
alpha,rpa,olufsen,0.58,0.8,-0.22000000000000008,-0.2750000000000001,mpa_systolic,4250.552789406496,3942.837664265465,307.7151251410314,0.07804407671406313,-0.28379664259659315
alpha,rpa,olufsen,0.58,0.8,-0.22000000000000008,-0.2750000000000001,mpa_diastolic,-279.35783384051854,4.536308204188096,-283.89414204470665,-62.582639729506155,227.5732353800223
alpha,rpa,olufsen,0.58,0.8,-0.22000000000000008,-0.2750000000000001,mpa_mean,858.2951471221302,816.2097021608391,42.085444961291046,0.05156204937269644,-0.18749836135525974
alpha,rpa,olufsen,0.58,0.8,-0.22000000000000008,-0.2750000000000001,rpa_split,0.6623702834725896,0.5,0.16237028347258964,0.3247405669451793,-1.1808747888915607
alpha,rpa,olufsen,0.58,0.8,-0.22000000000000008,-0.2750000000000001,lpa_split,0.33762971652741036,0.5,-0.16237028347258964,-0.3247405669451793,1.1808747888915607
alpha,rpa,olufsen,0.6,0.8,-0.20000000000000007,-0.25000000000000006,mpa_systolic,4209.708016735696,3942.837664265465,266.8703524702314,0.06768484406267036,-0.2707393762506814
alpha,rpa,olufsen,0.6,0.8,-0.20000000000000007,-0.25000000000000006,mpa_diastolic,-245.64266663901992,4.536308204188096,-250.178974843208,-55.150347723779674,220.60139089511864
alpha,rpa,olufsen,0.6,0.8,-0.20000000000000007,-0.25000000000000006,mpa_mean,851.6468718013562,816.2097021608391,35.43716964051703,0.043416746390909616,-0.17366698556363844
alpha,rpa,olufsen,0.6,0.8,-0.20000000000000007,-0.25000000000000006,rpa_split,0.6525101046066202,0.5,0.15251010460662018,0.30502020921324036,-1.2200808368529612
alpha,rpa,olufsen,0.6,0.8,-0.20000000000000007,-0.25000000000000006,lpa_split,0.3474898953933798,0.5,-0.15251010460662018,-0.30502020921324036,1.2200808368529612
alpha,rpa,olufsen,0.62,0.8,-0.18000000000000005,-0.22500000000000006,mpa_systolic,4170.588581516613,3942.837664265465,227.75091725114817,0.05776319915863878,-0.25672532959395006
alpha,rpa,olufsen,0.62,0.8,-0.18000000000000005,-0.22500000000000006,mpa_diastolic,-212.12689188419935,4.536308204188096,-216.66320008838744,-47.76201050192215,212.27560223076506
alpha,rpa,olufsen,0.62,0.8,-0.18000000000000005,-0.22500000000000006,mpa_mean,845.6346738854716,816.2097021608391,29.424971724632428,0.03605074976042622,-0.16022555449078316
alpha,rpa,olufsen,0.62,0.8,-0.18000000000000005,-0.22500000000000006,rpa_split,0.6418714646783984,0.5,0.1418714646783984,0.2837429293567968,-1.2610796860302076
alpha,rpa,olufsen,0.62,0.8,-0.18000000000000005,-0.22500000000000006,lpa_split,0.3581285353216016,0.5,-0.1418714646783984,-0.2837429293567968,1.2610796860302076
alpha,rpa,olufsen,0.64,0.8,-0.16000000000000003,-0.20000000000000004,mpa_systolic,3943.962862247176,3942.837664265465,1.1251979817111533,0.00028537770953873984,-0.0014268885476936988
alpha,rpa,olufsen,0.64,0.8,-0.16000000000000003,-0.20000000000000004,mpa_diastolic,4.2451257208387965,4.536308204188096,-0.2911824833492993,-0.06418930774599228,0.3209465387299614
alpha,rpa,olufsen,0.64,0.8,-0.16000000000000003,-0.20000000000000004,mpa_mean,816.3637523669129,816.2097021608391,0.15405020607374809,0.00018873851372498332,-0.0009436925686249165
alpha,rpa,olufsen,0.64,0.8,-0.16000000000000003,-0.20000000000000004,rpa_split,0.5012177339156628,0.5,0.001217733915662822,0.002435467831325644,-0.012177339156628218
alpha,rpa,olufsen,0.64,0.8,-0.16000000000000003,-0.20000000000000004,lpa_split,0.4987822660843372,0.5,-0.001217733915662822,-0.002435467831325644,0.012177339156628218
alpha,rpa,olufsen,0.66,0.8,-0.14,-0.17500000000000002,mpa_systolic,3950.683266023036,3942.837664265465,7.84560175757133,0.001989836362951792,-0.011370493502581668
alpha,rpa,olufsen,0.66,0.8,-0.14,-0.17500000000000002,mpa_diastolic,1.3103578925728052,4.536308204188096,-3.2259503116152906,-0.7111400210058408,4.063657262890518
alpha,rpa,olufsen,0.66,0.8,-0.14,-0.17500000000000002,mpa_mean,816.9538800561014,816.2097021608391,0.7441778952622826,0.0009117484064354308,-0.0052099908939167465
alpha,rpa,olufsen,0.66,0.8,-0.14,-0.17500000000000002,rpa_split,0.5091931991640326,0.5,0.009193199164032606,0.018386398328065212,-0.10506513330322978
alpha,rpa,olufsen,0.66,0.8,-0.14,-0.17500000000000002,lpa_split,0.4908068008359674,0.5,-0.009193199164032606,-0.018386398328065212,0.10506513330322978
alpha,rpa,olufsen,0.68,0.8,-0.12,-0.15,mpa_systolic,3949.252330526974,3942.837664265465,6.41466626150941,0.001626916147130911,-0.010846107647539406
alpha,rpa,olufsen,0.68,0.8,-0.12,-0.15,mpa_diastolic,1.2102262410275613,4.536308204188096,-3.3260819631605347,-0.7332134002909606,4.8880893352730705
alpha,rpa,olufsen,0.68,0.8,-0.12,-0.15,mpa_mean,816.5048885072857,816.2097021608391,0.2951863464465987,0.00036165503260390114,-0.0024110335506926745
alpha,rpa,olufsen,0.68,0.8,-0.12,-0.15,rpa_split,0.5097469294675422,0.5,0.009746929467542187,0.019493858935084374,-0.12995905956722917
alpha,rpa,olufsen,0.68,0.8,-0.12,-0.15,lpa_split,0.4902530705324578,0.5,-0.009746929467542187,-0.019493858935084374,0.12995905956722917
alpha,rpa,olufsen,0.7,0.8,-0.10000000000000009,-0.1250000000000001,mpa_systolic,3945.752579020165,3942.837664265465,2.914914754700021,0.000739293626293148,-0.005914349010345179
alpha,rpa,olufsen,0.7,0.8,-0.10000000000000009,-0.1250000000000001,mpa_diastolic,4.186555878468005,4.536308204188096,-0.3497523257200905,-0.07710065321337417,0.6168052257069928
alpha,rpa,olufsen,0.7,0.8,-0.10000000000000009,-0.1250000000000001,mpa_mean,816.8521332161039,816.2097021608391,0.6424310552647512,0.0007870906870672755,-0.006296725496538199
alpha,rpa,olufsen,0.7,0.8,-0.10000000000000009,-0.1250000000000001,rpa_split,0.5010933728848309,0.5,0.001093372884830912,0.002186745769661824,-0.01749396615729458
alpha,rpa,olufsen,0.7,0.8,-0.10000000000000009,-0.1250000000000001,lpa_split,0.4989066271151691,0.5,-0.001093372884830912,-0.002186745769661824,0.01749396615729458
alpha,rpa,olufsen,0.72,0.8,-0.08000000000000007,-0.10000000000000009,mpa_systolic,3943.618419242604,3942.837664265465,0.7807549771391677,0.00019801854492140734,-0.0019801854492140715
alpha,rpa,olufsen,0.72,0.8,-0.08000000000000007,-0.10000000000000009,mpa_diastolic,4.53872152039512,4.536308204188096,0.0024133162070238967,0.0005320000534346033,-0.0053200005343460284
alpha,rpa,olufsen,0.72,0.8,-0.08000000000000007,-0.10000000000000009,mpa_mean,816.4471130684371,816.2097021608391,0.23741090759801864,0.00029086998962337177,-0.002908699896233715
alpha,rpa,olufsen,0.72,0.8,-0.08000000000000007,-0.10000000000000009,rpa_split,0.4997449536900655,0.5,-0.0002550463099345035,-0.000510092619869007,0.005100926198690066
alpha,rpa,olufsen,0.72,0.8,-0.08000000000000007,-0.10000000000000009,lpa_split,0.5002550463099344,0.5,0.000255046309934448,0.000510092619868896,-0.0051009261986889555
alpha,rpa,olufsen,0.74,0.8,-0.06000000000000005,-0.07500000000000007,mpa_systolic,3943.828068708611,3942.837664265465,0.9904044431464172,0.00025119077362038074,-0.003349210314938407
alpha,rpa,olufsen,0.74,0.8,-0.06000000000000005,-0.07500000000000007,mpa_diastolic,4.522848405478405,4.536308204188096,-0.013459798709690496,-0.0029671261527741627,0.0395616820369888
alpha,rpa,olufsen,0.74,0.8,-0.06000000000000005,-0.07500000000000007,mpa_mean,816.495930145732,816.2097021608391,0.28622798489288925,0.0003506794689344262,-0.004675726252459012
alpha,rpa,olufsen,0.74,0.8,-0.06000000000000005,-0.07500000000000007,rpa_split,0.49980718634736254,0.5,-0.00019281365263745798,-0.00038562730527491595,0.005141697403665542
alpha,rpa,olufsen,0.74,0.8,-0.06000000000000005,-0.07500000000000007,lpa_split,0.5001928136526375,0.5,0.00019281365263745798,0.00038562730527491595,-0.005141697403665542
alpha,rpa,olufsen,0.76,0.8,-0.040000000000000036,-0.050000000000000044,mpa_systolic,3942.9954804428103,3942.837664265465,0.1578161773454667,4.002603981791557e-05,-0.0008005207963583108
alpha,rpa,olufsen,0.76,0.8,-0.040000000000000036,-0.050000000000000044,mpa_diastolic,4.539050192470395,4.536308204188096,0.0027419882822989905,0.0006044537008679173,-0.012089074017358335
alpha,rpa,olufsen,0.76,0.8,-0.040000000000000036,-0.050000000000000044,mpa_mean,816.2606545951564,816.2097021608391,0.05095243431730978,6.242566607872702e-05,-0.0012485133215745393
alpha,rpa,olufsen,0.76,0.8,-0.040000000000000036,-0.050000000000000044,rpa_split,0.4999154143789354,0.5,-8.458562106461454e-05,-0.00016917124212922907,0.0033834248425845784
alpha,rpa,olufsen,0.76,0.8,-0.040000000000000036,-0.050000000000000044,lpa_split,0.5000845856210646,0.5,8.458562106461454e-05,0.00016917124212922907,-0.0033834248425845784
alpha,rpa,olufsen,0.78,0.8,-0.020000000000000018,-0.025000000000000022,mpa_systolic,3943.928998539322,3942.837664265465,1.0913342738572283,0.00027678904555167365,-0.011071561822066936
alpha,rpa,olufsen,0.78,0.8,-0.020000000000000018,-0.025000000000000022,mpa_diastolic,4.527695470808269,4.536308204188096,-0.008612733379826487,-0.001898621740884995,0.07594486963539973
alpha,rpa,olufsen,0.78,0.8,-0.020000000000000018,-0.025000000000000022,mpa_mean,816.5250388387215,816.2097021608391,0.31533667788232833,0.00038634272178767766,-0.015453708871507092
alpha,rpa,olufsen,0.78,0.8,-0.020000000000000018,-0.025000000000000022,rpa_split,0.49978806787213703,0.5,-0.00021193212786296822,-0.00042386425572593645,0.016954570229037444
alpha,rpa,olufsen,0.78,0.8,-0.020000000000000018,-0.025000000000000022,lpa_split,0.500211932127863,0.5,0.00021193212786296822,0.00042386425572593645,-0.016954570229037444
beta,lpa,olufsen,0.1,0.6,-0.5,-0.8333333333333334,mpa_systolic,4068.7491405060346,3942.837664265465,125.91147624056975,0.03193422782320574,-0.03832107338784689
beta,lpa,olufsen,0.1,0.6,-0.5,-0.8333333333333334,mpa_diastolic,-8.946213407461874,4.536308204188096,-13.48252161164997,-2.972135270527338,3.5665623246328053
beta,lpa,olufsen,0.1,0.6,-0.5,-0.8333333333333334,mpa_mean,844.403959537091,816.2097021608391,28.194257376251926,0.03454290888923552,-0.041451490667082626
beta,lpa,olufsen,0.1,0.6,-0.5,-0.8333333333333334,rpa_split,0.4806911301239331,0.5,-0.019308869876066892,-0.038617739752133784,0.04634128770256054
beta,lpa,olufsen,0.1,0.6,-0.5,-0.8333333333333334,lpa_split,0.5193088698760668,0.5,0.019308869876066836,0.03861773975213367,-0.04634128770256041
beta,lpa,olufsen,0.12,0.6,-0.48,-0.8,mpa_systolic,4020.004794676029,3942.837664265465,77.16713041056437,0.019571470342271954,-0.024464337927839943
beta,lpa,olufsen,0.12,0.6,-0.48,-0.8,mpa_diastolic,-1.6674012524992148,4.536308204188096,-6.20370945668731,-1.3675678938569042,1.7094598673211303
beta,lpa,olufsen,0.12,0.6,-0.48,-0.8,mpa_mean,834.7337260499592,816.2097021608391,18.52402388912003,0.022695177281131802,-0.02836897160141475
beta,lpa,olufsen,0.12,0.6,-0.48,-0.8,rpa_split,0.49306272259903655,0.5,-0.006937277400963449,-0.013874554801926897,0.01734319350240862
beta,lpa,olufsen,0.12,0.6,-0.48,-0.8,lpa_split,0.5069372774009635,0.5,0.006937277400963504,0.013874554801927008,-0.01734319350240876
beta,lpa,olufsen,0.14,0.6,-0.45999999999999996,-0.7666666666666666,mpa_systolic,4001.1229632687796,3942.837664265465,58.285299003314776,0.014782576399622858,-0.019281621390812426
beta,lpa,olufsen,0.14,0.6,-0.45999999999999996,-0.7666666666666666,mpa_diastolic,0.5632047303939439,4.536308204188096,-3.973103473794152,-0.875845135506011,1.1424066984861014
beta,lpa,olufsen,0.14,0.6,-0.45999999999999996,-0.7666666666666666,mpa_mean,830.7100098521166,816.2097021608391,14.500307691277499,0.017765419417202815,-0.0231722861963515
beta,lpa,olufsen,0.14,0.6,-0.45999999999999996,-0.7666666666666666,rpa_split,0.49692982029883026,0.5,-0.0030701797011697396,-0.006140359402339479,0.008009164437834103
beta,lpa,olufsen,0.14,0.6,-0.45999999999999996,-0.7666666666666666,lpa_split,0.5030701797011697,0.5,0.0030701797011697396,0.006140359402339479,-0.008009164437834103
beta,lpa,olufsen,0.16,0.6,-0.43999999999999995,-0.7333333333333333,mpa_systolic,3999.346925276847,3942.837664265465,56.50926101138202,0.01433212975607239,-0.01954381330373508
beta,lpa,olufsen,0.16,0.6,-0.43999999999999995,-0.7333333333333333,mpa_diastolic,0.70005184683379,4.536308204188096,-3.836256357354306,-0.8456780678641996,1.1531973652693632
beta,lpa,olufsen,0.16,0.6,-0.43999999999999995,-0.7333333333333333,mpa_mean,830.2930834057179,816.2097021608391,14.083381244878751,0.017254611416152383,-0.023529015567480525
beta,lpa,olufsen,0.16,0.6,-0.43999999999999995,-0.7333333333333333,rpa_split,0.49709958374572427,0.5,-0.0029004162542757284,-0.005800832508551457,0.007910226148024715
beta,lpa,olufsen,0.16,0.6,-0.43999999999999995,-0.7333333333333333,lpa_split,0.5029004162542757,0.5,0.0029004162542757284,0.005800832508551457,-0.007910226148024715
beta,lpa,olufsen,0.18,0.6,-0.42,-0.7,mpa_systolic,3983.0225201873704,3942.837664265465,40.18485592190564,0.010191861634605724,-0.014559802335151036
beta,lpa,olufsen,0.18,0.6,-0.42,-0.7,mpa_diastolic,2.3192979964297757,4.536308204188096,-2.21701020775832,-0.488725657068779,0.6981795100982557
beta,lpa,olufsen,0.18,0.6,-0.42,-0.7,mpa_mean,826.590619118472,816.2097021608391,10.380916957632849,0.012718443471267663,-0.018169204958953807
beta,lpa,olufsen,0.18,0.6,-0.42,-0.7,rpa_split,0.49965969701181223,0.5,-0.0003403029881877684,-0.0006806059763755368,0.0009722942519650526
beta,lpa,olufsen,0.18,0.6,-0.42,-0.7,lpa_split,0.5003403029881878,0.5,0.0003403029881877684,0.0006806059763755368,-0.0009722942519650526
beta,lpa,olufsen,0.2,0.6,-0.39999999999999997,-0.6666666666666666,mpa_systolic,3988.699268108831,3942.837664265465,45.86160384336608,0.01163162365496727,-0.017447435482450906
beta,lpa,olufsen,0.2,0.6,-0.39999999999999997,-0.6666666666666666,mpa_diastolic,1.7688222367119282,4.536308204188096,-2.7674859674761674,-0.6100745017547787,0.9151117526321682
beta,lpa,olufsen,0.2,0.6,-0.39999999999999997,-0.6666666666666666,mpa_mean,827.8968322911006,816.2097021608391,11.687130130261494,0.014318783640185734,-0.021478175460278602
beta,lpa,olufsen,0.2,0.6,-0.39999999999999997,-0.6666666666666666,rpa_split,0.49881661257927346,0.5,-0.001183387420726545,-0.00236677484145309,0.0035501622621796347
beta,lpa,olufsen,0.2,0.6,-0.39999999999999997,-0.6666666666666666,lpa_split,0.5011833874207265,0.5,0.001183387420726545,0.00236677484145309,-0.0035501622621796347
beta,lpa,olufsen,0.22,0.6,-0.38,-0.6333333333333334,mpa_systolic,3977.4841606508194,3942.837664265465,34.64649638535457,0.008787198291058496,-0.013874523617460782
beta,lpa,olufsen,0.22,0.6,-0.38,-0.6333333333333334,mpa_diastolic,2.7936704095777594,4.536308204188096,-1.7426377946103364,-0.3841533062064578,0.6065578519049333
beta,lpa,olufsen,0.22,0.6,-0.38,-0.6333333333333334,mpa_mean,825.2780222522887,816.2097021608391,9.06832009144955,0.01111028215842328,-0.01754255077645781
beta,lpa,olufsen,0.22,0.6,-0.38,-0.6333333333333334,rpa_split,0.5002931794508734,0.5,0.00029317945087337094,0.0005863589017467419,-0.0009258298448632765
beta,lpa,olufsen,0.22,0.6,-0.38,-0.6333333333333334,lpa_split,0.49970682054912663,0.5,-0.00029317945087337094,-0.0005863589017467419,0.0009258298448632765
beta,lpa,olufsen,0.24,0.6,-0.36,-0.6,mpa_systolic,3968.5844699245586,3942.837664265465,25.746805659093752,0.0065300192022717425,-0.01088336533711957
beta,lpa,olufsen,0.24,0.6,-0.36,-0.6,mpa_diastolic,3.4425195862017626,4.536308204188096,-1.0937886179863332,-0.24111867376570778,0.40186445627617967
beta,lpa,olufsen,0.24,0.6,-0.36,-0.6,mpa_mean,823.0733237083789,816.2097021608391,6.863621547539765,0.008409139868552122,-0.014015233114253537
beta,lpa,olufsen,0.24,0.6,-0.36,-0.6,rpa_split,0.5008475918065566,0.5,0.0008475918065565802,0.0016951836131131603,-0.0028253060218552672
beta,lpa,olufsen,0.24,0.6,-0.36,-0.6,lpa_split,0.4991524081934434,0.5,-0.0008475918065565802,-0.0016951836131131603,0.0028253060218552672
beta,lpa,olufsen,0.26,0.6,-0.33999999999999997,-0.5666666666666667,mpa_systolic,3977.3531561531195,3942.837664265465,34.51549188765466,0.008753972348512797,-0.015448186497375525
beta,lpa,olufsen,0.26,0.6,-0.33999999999999997,-0.5666666666666667,mpa_diastolic,2.799886941019159,4.536308204188096,-1.7364212631689369,-0.38278291178844626,0.6754992560972581
beta,lpa,olufsen,0.26,0.6,-0.33999999999999997,-0.5666666666666667,mpa_mean,825.2455786430613,816.2097021608391,9.035876482222193,0.011070533048431735,-0.01953623479135012
beta,lpa,olufsen,0.26,0.6,-0.33999999999999997,-0.5666666666666667,rpa_split,0.5002738131220883,0.5,0.00027381312208829556,0.0005476262441765911,-0.0009663992544292785
beta,lpa,olufsen,0.26,0.6,-0.33999999999999997,-0.5666666666666667,lpa_split,0.4997261868779117,0.5,-0.00027381312208829556,-0.0005476262441765911,0.0009663992544292785
beta,lpa,olufsen,0.28,0.6,-0.31999999999999995,-0.5333333333333333,mpa_systolic,3970.1792078424733,3942.837664265465,27.34154357700845,0.006934483715829593,-0.013002156967180486
beta,lpa,olufsen,0.28,0.6,-0.31999999999999995,-0.5333333333333333,mpa_diastolic,3.357551106602375,4.536308204188096,-1.178757097585721,-0.2598494292114999,0.48721767977156233
beta,lpa,olufsen,0.28,0.6,-0.31999999999999995,-0.5333333333333333,mpa_mean,823.4875411436076,816.2097021608391,7.277838982768458,0.008916628855919081,-0.01671867910484828
beta,lpa,olufsen,0.28,0.6,-0.31999999999999995,-0.5333333333333333,rpa_split,0.5008307502368006,0.5,0.0008307502368005704,0.0016615004736011407,-0.003115313388002139
beta,lpa,olufsen,0.28,0.6,-0.31999999999999995,-0.5333333333333333,lpa_split,0.49916924976319943,0.5,-0.0008307502368005704,-0.0016615004736011407,0.003115313388002139
beta,lpa,olufsen,0.3,0.6,-0.3,-0.5,mpa_systolic,3964.256093817088,3942.837664265465,21.418429551623376,0.005432237229988404,-0.010864474459976807
beta,lpa,olufsen,0.3,0.6,-0.3,-0.5,mpa_diastolic,3.7415266035294246,4.536308204188096,-0.7947816006586712,-0.17520449777307856,0.3504089955461571
beta,lpa,olufsen,0.3,0.6,-0.3,-0.5,mpa_mean,821.9797925567219,816.2097021608391,5.770090395882789,0.007069372467157659,-0.014138744934315318
beta,lpa,olufsen,0.3,0.6,-0.3,-0.5,rpa_split,0.5010058167451905,0.5,0.0010058167451905131,0.0020116334903810262,-0.0040232669807620525
beta,lpa,olufsen,0.3,0.6,-0.3,-0.5,lpa_split,0.4989941832548095,0.5,-0.0010058167451905131,-0.0020116334903810262,0.0040232669807620525
beta,lpa,olufsen,0.32,0.6,-0.27999999999999997,-0.4666666666666666,mpa_systolic,3968.184666190281,3942.837664265465,25.34700192481614,0.006428619203509153,-0.013775612578948186
beta,lpa,olufsen,0.32,0.6,-0.27999999999999997,-0.4666666666666666,mpa_diastolic,3.561366784577872,4.536308204188096,-0.9749414196102237,-0.21491957242017198,0.4605419409003686
beta,lpa,olufsen,0.32,0.6,-0.27999999999999997,-0.4666666666666666,mpa_mean,823.0137228886783,816.2097021608391,6.804020727839202,0.008336118413964195,-0.017863110887066134
beta,lpa,olufsen,0.32,0.6,-0.27999999999999997,-0.4666666666666666,rpa_split,0.5011028591673862,0.5,0.001102859167386172,0.002205718334772344,-0.004726539288797881
beta,lpa,olufsen,0.32,0.6,-0.27999999999999997,-0.4666666666666666,lpa_split,0.49889714083261383,0.5,-0.001102859167386172,-0.002205718334772344,0.004726539288797881
beta,lpa,olufsen,0.34,0.6,-0.25999999999999995,-0.4333333333333333,mpa_systolic,3962.6515323856793,3942.837664265465,19.813868120214465,0.0050252812333083235,-0.011596802846096132
beta,lpa,olufsen,0.34,0.6,-0.25999999999999995,-0.4333333333333333,mpa_diastolic,3.8998171740966634,4.536308204188096,-0.6364910300914324,-0.14031035843283293,0.3237931348449991
beta,lpa,olufsen,0.34,0.6,-0.25999999999999995,-0.4333333333333333,mpa_mean,821.5934645481793,816.2097021608391,5.383762387340198,0.006596052917635246,-0.015221660579158263
beta,lpa,olufsen,0.34,0.6,-0.25999999999999995,-0.4333333333333333,rpa_split,0.5012246538363502,0.5,0.0012246538363501758,0.0024493076727003515,-0.00565224847546235
beta,lpa,olufsen,0.34,0.6,-0.25999999999999995,-0.4333333333333333,lpa_split,0.4987753461636498,0.5,-0.0012246538363501758,-0.0024493076727003515,0.00565224847546235
beta,lpa,olufsen,0.36,0.6,-0.24,-0.4,mpa_systolic,3957.1311995742867,3942.837664265465,14.293535308821902,0.0036251899078590982,-0.009062974769647745
beta,lpa,olufsen,0.36,0.6,-0.24,-0.4,mpa_diastolic,4.166354328452758,4.536308204188096,-0.36995387573533733,-0.08155395512892655,0.20388488782231637
beta,lpa,olufsen,0.36,0.6,-0.24,-0.4,mpa_mean,820.1461283750789,816.2097021608391,3.9364262142397592,0.0048228123285210135,-0.012057030821302533
beta,lpa,olufsen,0.36,0.6,-0.24,-0.4,rpa_split,0.5012154572286868,0.5,0.001215457228686767,0.002430914457373534,-0.0060772861434338354
beta,lpa,olufsen,0.36,0.6,-0.24,-0.4,lpa_split,0.49878454277131323,0.5,-0.001215457228686767,-0.002430914457373534,0.0060772861434338354
beta,lpa,olufsen,0.38,0.6,-0.21999999999999997,-0.36666666666666664,mpa_systolic,3953.135680253102,3942.837664265465,10.298015987636973,0.002611828552052612,-0.007123168778325306
beta,lpa,olufsen,0.38,0.6,-0.21999999999999997,-0.36666666666666664,mpa_diastolic,4.291541301454963,4.536308204188096,-0.24476690273313295,-0.053957291197091646,0.14715624871934085
beta,lpa,olufsen,0.38,0.6,-0.21999999999999997,-0.36666666666666664,mpa_mean,819.059065735649,816.2097021608391,2.8493635748098995,0.0034909699887988037,-0.009520827242178556
beta,lpa,olufsen,0.38,0.6,-0.21999999999999997,-0.36666666666666664,rpa_split,0.5009516791845042,0.5,0.0009516791845042283,0.0019033583690084566,-0.005190977370023064
beta,lpa,olufsen,0.38,0.6,-0.21999999999999997,-0.36666666666666664,lpa_split,0.49904832081549577,0.5,-0.0009516791845042283,-0.0019033583690084566,0.005190977370023064
beta,lpa,olufsen,0.4,0.6,-0.19999999999999996,-0.33333333333333326,mpa_systolic,3955.9406535468356,3942.837664265465,13.10298928137081,0.0033232383367251426,-0.00996971501017543
beta,lpa,olufsen,0.4,0.6,-0.19999999999999996,-0.33333333333333326,mpa_diastolic,4.239465223238786,4.536308204188096,-0.29684298094931005,-0.06543712807592154,0.19631138422776467
beta,lpa,olufsen,0.4,0.6,-0.19999999999999996,-0.33333333333333326,mpa_mean,819.8446582238106,816.2097021608391,3.634956062971469,0.004453458533203246,-0.013360375599609741
beta,lpa,olufsen,0.4,0.6,-0.19999999999999996,-0.33333333333333326,rpa_split,0.5013089621330045,0.5,0.0013089621330044654,0.002617924266008931,-0.007853772798026794
beta,lpa,olufsen,0.4,0.6,-0.19999999999999996,-0.33333333333333326,lpa_split,0.49869103786699553,0.5,-0.0013089621330044654,-0.002617924266008931,0.007853772798026794
beta,lpa,olufsen,0.42,0.6,-0.18,-0.3,mpa_systolic,3952.3762457664116,3942.837664265465,9.538581500946748,0.002419217404610988,-0.00806405801536996
beta,lpa,olufsen,0.42,0.6,-0.18,-0.3,mpa_diastolic,4.34302309950044,4.536308204188096,-0.19328510468765536,-0.04260845956392625,0.14202819854642082
beta,lpa,olufsen,0.42,0.6,-0.18,-0.3,mpa_mean,818.8706219713221,816.2097021608391,2.6609198104829375,0.003260093335620001,-0.010866977785400004
beta,lpa,olufsen,0.42,0.6,-0.18,-0.3,rpa_split,0.5010532927593757,0.5,0.0010532927593757124,0.002106585518751425,-0.007021951729171416
beta,lpa,olufsen,0.42,0.6,-0.18,-0.3,lpa_split,0.4989467072406243,0.5,-0.0010532927593757124,-0.002106585518751425,0.007021951729171416
beta,lpa,olufsen,0.44,0.6,-0.15999999999999998,-0.26666666666666666,mpa_systolic,3949.1266159204547,3942.837664265465,6.288951654989887,0.0015950318502807278,-0.005981369438552729
beta,lpa,olufsen,0.44,0.6,-0.15999999999999998,-0.26666666666666666,mpa_diastolic,4.414184453759602,4.536308204188096,-0.12212375042849377,-0.026921396195202167,0.10095523573200813
beta,lpa,olufsen,0.44,0.6,-0.15999999999999998,-0.26666666666666666,mpa_mean,817.9675218341067,816.2097021608391,1.7578196732675906,0.0021536373172408104,-0.008076139939653039
beta,lpa,olufsen,0.44,0.6,-0.15999999999999998,-0.26666666666666666,rpa_split,0.500719001680094,0.5,0.000719001680093978,0.001438003360187956,-0.005392512600704835
beta,lpa,olufsen,0.44,0.6,-0.15999999999999998,-0.26666666666666666,lpa_split,0.499280998319906,0.5,-0.000719001680093978,-0.001438003360187956,0.005392512600704835
beta,lpa,olufsen,0.46,0.6,-0.13999999999999996,-0.23333333333333328,mpa_systolic,3949.3399364549473,3942.837664265465,6.502272189482483,0.001649135151673517,-0.0070677220786007884
beta,lpa,olufsen,0.46,0.6,-0.13999999999999996,-0.23333333333333328,mpa_diastolic,4.422825459374696,4.536308204188096,-0.1134827448133997,-0.02501654202168804,0.1072137515215202
beta,lpa,olufsen,0.46,0.6,-0.13999999999999996,-0.23333333333333328,mpa_mean,818.0386677778578,816.2097021608391,1.828965617018639,0.0022408035731217393,-0.009603443884807456
beta,lpa,olufsen,0.46,0.6,-0.13999999999999996,-0.23333333333333328,rpa_split,0.5008287583293168,0.5,0.0008287583293168366,0.0016575166586336731,-0.007103642822715744
beta,lpa,olufsen,0.46,0.6,-0.13999999999999996,-0.23333333333333328,lpa_split,0.49917124167068316,0.5,-0.0008287583293168366,-0.0016575166586336731,0.007103642822715744
beta,lpa,olufsen,0.48,0.6,-0.12,-0.2,mpa_systolic,3948.3727581027,3942.837664265465,5.5350938372353085,0.0014038350823825953,-0.007019175411912976
beta,lpa,olufsen,0.48,0.6,-0.12,-0.2,mpa_diastolic,4.447612023528599,4.536308204188096,-0.0886961806594968,-0.019552503195794557,0.09776251597897277
beta,lpa,olufsen,0.48,0.6,-0.12,-0.2,mpa_mean,817.770526399955,816.2097021608391,1.5608242391158456,0.0019122833690701161,-0.009561416845350581
beta,lpa,olufsen,0.48,0.6,-0.12,-0.2,rpa_split,0.500742799747204,0.5,0.0007427997472040371,0.0014855994944080742,-0.007427997472040371
beta,lpa,olufsen,0.48,0.6,-0.12,-0.2,lpa_split,0.49925720025279596,0.5,-0.0007427997472040371,-0.0014855994944080742,0.007427997472040371
beta,lpa,olufsen,0.5,0.6,-0.09999999999999998,-0.16666666666666663,mpa_systolic,3948.2396243965763,3942.837664265465,5.401960131111537,0.0013700691205398385,-0.008220414723239033
beta,lpa,olufsen,0.5,0.6,-0.09999999999999998,-0.16666666666666663,mpa_diastolic,4.456871751916015,4.536308204188096,-0.07943645227208052,-0.01751125556212025,0.10506753337272152
beta,lpa,olufsen,0.5,0.6,-0.09999999999999998,-0.16666666666666663,mpa_mean,817.7387535102573,816.2097021608391,1.5290513494181823,0.001873356008106938,-0.01124013604864163
beta,lpa,olufsen,0.5,0.6,-0.09999999999999998,-0.16666666666666663,rpa_split,0.5007684633838848,0.5,0.0007684633838848098,0.0015369267677696197,-0.00922156060661772
beta,lpa,olufsen,0.5,0.6,-0.09999999999999998,-0.16666666666666663,lpa_split,0.4992315366161152,0.5,-0.0007684633838848098,-0.0015369267677696197,0.00922156060661772
beta,lpa,olufsen,0.52,0.6,-0.07999999999999996,-0.13333333333333328,mpa_systolic,3946.2368232082054,3942.837664265465,3.3991589427405415,0.0008621097879701298,-0.006465823409775976
beta,lpa,olufsen,0.52,0.6,-0.07999999999999996,-0.13333333333333328,mpa_diastolic,4.4894150177168495,4.536308204188096,-0.046893186471246295,-0.010337301691263545,0.07752976268447662
beta,lpa,olufsen,0.52,0.6,-0.07999999999999996,-0.13333333333333328,mpa_mean,817.1736019504506,816.2097021608391,0.9638997896114461,0.0011809462532234194,-0.008857096899175649
beta,lpa,olufsen,0.52,0.6,-0.07999999999999996,-0.13333333333333328,rpa_split,0.5004989256450303,0.5,0.0004989256450302904,0.0009978512900605807,-0.007483884675454359
beta,lpa,olufsen,0.52,0.6,-0.07999999999999996,-0.13333333333333328,lpa_split,0.4995010743549697,0.5,-0.0004989256450302904,-0.0009978512900605807,0.007483884675454359
beta,lpa,olufsen,0.54,0.6,-0.05999999999999994,-0.09999999999999991,mpa_systolic,3944.749667183594,3942.837664265465,1.9120029181290192,0.0004849306720025,-0.004849306720025004
beta,lpa,olufsen,0.54,0.6,-0.05999999999999994,-0.09999999999999991,mpa_diastolic,4.512596182307972,4.536308204188096,-0.023712021880124112,-0.005227162885059761,0.05227162885059766
beta,lpa,olufsen,0.54,0.6,-0.05999999999999994,-0.09999999999999991,mpa_mean,816.7538936870468,816.2097021608391,0.5441915262076691,0.0006667300385758374,-0.00666730038575838
beta,lpa,olufsen,0.54,0.6,-0.05999999999999994,-0.09999999999999991,rpa_split,0.5003010767398809,0.5,0.00030107673988089,0.00060215347976178,-0.006021534797617805
beta,lpa,olufsen,0.54,0.6,-0.05999999999999994,-0.09999999999999991,lpa_split,0.4996989232601191,0.5,-0.00030107673988089,-0.00060215347976178,0.006021534797617805
beta,lpa,olufsen,0.56,0.6,-0.039999999999999925,-0.06666666666666654,mpa_systolic,3944.663557940474,3942.837664265465,1.8258936750094108,0.0004630912633197562,-0.006946368949796356
beta,lpa,olufsen,0.56,0.6,-0.039999999999999925,-0.06666666666666654,mpa_diastolic,4.513957931039523,4.536308204188096,-0.02235027314857252,-0.00492697412577432,0.07390461188661494
beta,lpa,olufsen,0.56,0.6,-0.039999999999999925,-0.06666666666666654,mpa_mean,816.7294021600687,816.2097021608391,0.5196999992296014,0.0006367236236640463,-0.009550854354960711
beta,lpa,olufsen,0.56,0.6,-0.039999999999999925,-0.06666666666666654,rpa_split,0.5002855509249154,0.5,0.0002855509249154453,0.0005711018498308906,-0.008566527747463375
beta,lpa,olufsen,0.56,0.6,-0.039999999999999925,-0.06666666666666654,lpa_split,0.49971444907508455,0.5,-0.0002855509249154453,-0.0005711018498308906,0.008566527747463375
beta,lpa,olufsen,0.58,0.6,-0.020000000000000018,-0.03333333333333337,mpa_systolic,3943.038383377873,3942.837664265465,0.20071911240802365,5.0907272756160206e-05,-0.0015272181826848047
beta,lpa,olufsen,0.58,0.6,-0.020000000000000018,-0.03333333333333337,mpa_diastolic,4.531841867985011,4.536308204188096,-0.004466336203084786,-0.0009845751218934577,0.0295372536568037
beta,lpa,olufsen,0.58,0.6,-0.020000000000000018,-0.03333333333333337,mpa_mean,816.2647208986837,816.2097021608391,0.05501873784453437,6.740760088844496e-05,-0.0020222280266533467
beta,lpa,olufsen,0.58,0.6,-0.020000000000000018,-0.03333333333333337,rpa_split,0.5000168245256577,0.5,1.682452565765491e-05,3.364905131530982e-05,-0.0010094715394592935
beta,lpa,olufsen,0.58,0.6,-0.020000000000000018,-0.03333333333333337,lpa_split,0.49998317547434235,0.5,-1.682452565765491e-05,-3.364905131530982e-05,0.0010094715394592935
beta,lpa,olufsen,0.6,0.6,0.0,0.0,mpa_systolic,3942.837664265465,3942.837664265465,0.0,0.0,0.0
beta,lpa,olufsen,0.6,0.6,0.0,0.0,mpa_diastolic,4.536308204188096,4.536308204188096,0.0,0.0,0.0
beta,lpa,olufsen,0.6,0.6,0.0,0.0,mpa_mean,816.2097021608391,816.2097021608391,0.0,0.0,0.0
beta,lpa,olufsen,0.6,0.6,0.0,0.0,rpa_split,0.5,0.5,0.0,0.0,0.0
beta,lpa,olufsen,0.6,0.6,0.0,0.0,lpa_split,0.5,0.5,0.0,0.0,0.0
beta,lpa,olufsen,0.62,0.6,0.020000000000000018,0.03333333333333337,mpa_systolic,3942.2231173799087,3942.837664265465,-0.6145468855561376,-0.00015586411054299018,-0.0046759233162897
beta,lpa,olufsen,0.62,0.6,0.020000000000000018,0.03333333333333337,mpa_diastolic,4.54118707055043,4.536308204188096,0.0048788663623344775,0.00107551474519084,0.03226544235572517
beta,lpa,olufsen,0.62,0.6,0.020000000000000018,0.03333333333333337,mpa_mean,816.0327845029523,816.2097021608391,-0.17691765788686098,-0.0002167551517930845,-0.006502654553792528
beta,lpa,olufsen,0.62,0.6,0.020000000000000018,0.03333333333333337,rpa_split,0.49988558775708875,0.5,-0.00011441224291125485,-0.0002288244858225097,-0.006864734574675284
beta,lpa,olufsen,0.62,0.6,0.020000000000000018,0.03333333333333337,lpa_split,0.5001144122429113,0.5,0.00011441224291131036,0.00022882448582262072,0.0068647345746786145
beta,lpa,olufsen,0.64,0.6,0.040000000000000036,0.06666666666666674,mpa_systolic,3941.9237449446564,3942.837664265465,-0.913919320808418,-0.0002317922771945209,-0.00347688415791781
beta,lpa,olufsen,0.64,0.6,0.040000000000000036,0.06666666666666674,mpa_diastolic,4.542941614307505,4.536308204188096,0.006633410119409433,0.0014622926443325019,0.021934389664987505
beta,lpa,olufsen,0.64,0.6,0.040000000000000036,0.06666666666666674,mpa_mean,815.9465565903116,816.2097021608391,-0.263145570527513,-0.0003223994640480989,-0.0048359919607214785
beta,lpa,olufsen,0.64,0.6,0.040000000000000036,0.06666666666666674,rpa_split,0.4998253753801908,0.5,-0.00017462461980921606,-0.00034924923961843213,-0.005238738594276477
beta,lpa,olufsen,0.64,0.6,0.040000000000000036,0.06666666666666674,lpa_split,0.5001746246198092,0.5,0.00017462461980921606,0.00034924923961843213,0.005238738594276477
beta,lpa,olufsen,0.66,0.6,0.06000000000000005,0.10000000000000009,mpa_systolic,3941.0767512471352,3942.837664265465,-1.7609130183295747,-0.0004466105805696735,-0.004466105805696731
beta,lpa,olufsen,0.66,0.6,0.06000000000000005,0.10000000000000009,mpa_diastolic,4.549008718491839,4.536308204188096,0.012700514303743304,0.0027997467835227103,0.02799746783522708
beta,lpa,olufsen,0.66,0.6,0.06000000000000005,0.10000000000000009,mpa_mean,815.7020895174951,816.2097021608391,-0.5076126433440322,-0.000621914493297709,-0.006219144932977085
beta,lpa,olufsen,0.66,0.6,0.06000000000000005,0.10000000000000009,rpa_split,0.499660957440556,0.5,-0.00033904255944400274,-0.0006780851188880055,-0.006780851188880049
beta,lpa,olufsen,0.66,0.6,0.06000000000000005,0.10000000000000009,lpa_split,0.5003390425594441,0.5,0.00033904255944405826,0.0006780851188881165,0.006780851188881159
beta,lpa,olufsen,0.68,0.6,0.08000000000000007,0.13333333333333347,mpa_systolic,3940.8863659833833,3942.837664265465,-1.9512982820815523,-0.0004948969367332732,-0.003711727025499545
beta,lpa,olufsen,0.68,0.6,0.08000000000000007,0.13333333333333347,mpa_diastolic,4.5492206812709135,4.536308204188096,0.01291247708281773,0.0028464726164100645,0.021348544623075463
beta,lpa,olufsen,0.68,0.6,0.08000000000000007,0.13333333333333347,mpa_mean,815.6459973708347,816.2097021608391,-0.5637047900044081,-0.0006906372081979082,-0.005179779061484306
beta,lpa,olufsen,0.68,0.6,0.08000000000000007,0.13333333333333347,rpa_split,0.4996130281546822,0.5,-0.00038697184531777395,-0.0007739436906355479,-0.005804577679766603
beta,lpa,olufsen,0.68,0.6,0.08000000000000007,0.13333333333333347,lpa_split,0.5003869718453178,0.5,0.00038697184531777395,0.0007739436906355479,0.005804577679766603
beta,lpa,olufsen,0.7,0.6,0.09999999999999998,0.16666666666666663,mpa_systolic,3940.4215658040184,3942.837664265465,-2.4160984614463814,-0.0006127816225719481,-0.003676689735431689
beta,lpa,olufsen,0.7,0.6,0.09999999999999998,0.16666666666666663,mpa_diastolic,4.552293916602632,4.536308204188096,0.015985712414535946,0.003523947601218391,0.02114368560731035
beta,lpa,olufsen,0.7,0.6,0.09999999999999998,0.16666666666666663,mpa_mean,815.511166434417,816.2097021608391,-0.6985357264221648,-0.0008558287466724011,-0.005134972480034408
beta,lpa,olufsen,0.7,0.6,0.09999999999999998,0.16666666666666663,rpa_split,0.4995169268944541,0.5,-0.0004830731055459059,-0.0009661462110918118,-0.005796877266550871
beta,lpa,olufsen,0.7,0.6,0.09999999999999998,0.16666666666666663,lpa_split,0.5004830731055459,0.5,0.00048307310554585037,0.0009661462110917007,0.005796877266550205
beta,lpa,olufsen,0.72,0.6,0.12,0.2,mpa_systolic,3940.051422661346,3942.837664265465,-2.7862416041189135,-0.0007066589703580859,-0.003533294851790429
beta,lpa,olufsen,0.72,0.6,0.12,0.2,mpa_diastolic,4.552802337396164,4.536308204188096,0.016494133208068362,0.0036360256987918805,0.0181801284939594
beta,lpa,olufsen,0.72,0.6,0.12,0.2,mpa_mean,815.401986787366,816.2097021608391,-0.8077153734731155,-0.0009895929579552465,-0.004947964789776232
beta,lpa,olufsen,0.72,0.6,0.12,0.2,rpa_split,0.49942294798934694,0.5,-0.0005770520106530563,-0.0011541040213061127,-0.005770520106530563
beta,lpa,olufsen,0.72,0.6,0.12,0.2,lpa_split,0.5005770520106531,0.5,0.0005770520106530563,0.0011541040213061127,0.005770520106530563
beta,lpa,olufsen,0.74,0.6,0.14,0.23333333333333336,mpa_systolic,3939.7865135503152,3942.837664265465,-3.0511507151495607,-0.0007738463956562559,-0.003316484552812525
beta,lpa,olufsen,0.74,0.6,0.14,0.23333333333333336,mpa_diastolic,4.549951622807676,4.536308204188096,0.013643418619579961,0.0030076039822390876,0.012889731352453231
beta,lpa,olufsen,0.74,0.6,0.14,0.23333333333333336,mpa_mean,815.3212857660628,816.2097021608391,-0.8884163947763,-0.0010884658592323767,-0.004664853682424471
beta,lpa,olufsen,0.74,0.6,0.14,0.23333333333333336,rpa_split,0.49932985363996585,0.5,-0.0006701463600341517,-0.0013402927200683035,-0.005744111657435586
beta,lpa,olufsen,0.74,0.6,0.14,0.23333333333333336,lpa_split,0.5006701463600342,0.5,0.0006701463600341517,0.0013402927200683035,0.005744111657435586
beta,lpa,olufsen,0.76,0.6,0.16000000000000003,0.2666666666666667,mpa_systolic,3939.52627057011,3942.837664265465,-3.3113936953550365,-0.0008398503761305466,-0.0031494389104895493
beta,lpa,olufsen,0.76,0.6,0.16000000000000003,0.2666666666666667,mpa_diastolic,4.541394490087555,4.536308204188096,0.005086285899459142,0.0011212390495785286,0.004204646435919481
beta,lpa,olufsen,0.76,0.6,0.16000000000000003,0.2666666666666667,mpa_mean,815.2376938580879,816.2097021608391,-0.9720083027511919,-0.0011908806035726977,-0.004465802263397616
beta,lpa,olufsen,0.76,0.6,0.16000000000000003,0.2666666666666667,rpa_split,0.49919717832647603,0.5,-0.0008028216735239679,-0.0016056433470479359,-0.006021162551429759
beta,lpa,olufsen,0.76,0.6,0.16000000000000003,0.2666666666666667,lpa_split,0.500802821673524,0.5,0.0008028216735239679,0.0016056433470479359,0.006021162551429759
beta,lpa,olufsen,0.78,0.6,0.18000000000000005,0.3000000000000001,mpa_systolic,3939.217541937475,3942.837664265465,-3.620122327989975,-0.0009181515031165732,-0.0030605050103885765
beta,lpa,olufsen,0.78,0.6,0.18000000000000005,0.3000000000000001,mpa_diastolic,4.533550185021969,4.536308204188096,-0.002758019166126502,-0.0006079876062169214,-0.002026625354056404
beta,lpa,olufsen,0.78,0.6,0.18000000000000005,0.3000000000000001,mpa_mean,815.1411856800603,816.2097021608391,-1.0685164807788397,-0.0013091200434766235,-0.00436373347825541
beta,lpa,olufsen,0.78,0.6,0.18000000000000005,0.3000000000000001,rpa_split,0.4990661370751804,0.5,-0.0009338629248196173,-0.0018677258496392346,-0.00622575283213078
beta,lpa,olufsen,0.78,0.6,0.18000000000000005,0.3000000000000001,lpa_split,0.5009338629248197,0.5,0.0009338629248196728,0.0018677258496393456,0.00622575283213115
beta,rpa,olufsen,0.1,0.6,-0.5,-0.8333333333333334,mpa_systolic,4068.749140506035,3942.837664265465,125.91147624057021,0.03193422782320586,-0.03832107338784703
beta,rpa,olufsen,0.1,0.6,-0.5,-0.8333333333333334,mpa_diastolic,-8.946213407461883,4.536308204188096,-13.482521611649979,-2.9721352705273403,3.566562324632808
beta,rpa,olufsen,0.1,0.6,-0.5,-0.8333333333333334,mpa_mean,844.403959537091,816.2097021608391,28.194257376251926,0.03454290888923552,-0.041451490667082626
beta,rpa,olufsen,0.1,0.6,-0.5,-0.8333333333333334,rpa_split,0.5193088698760668,0.5,0.019308869876066836,0.03861773975213367,-0.04634128770256041
beta,rpa,olufsen,0.1,0.6,-0.5,-0.8333333333333334,lpa_split,0.48069113012393316,0.5,-0.019308869876066836,-0.03861773975213367,0.04634128770256041
beta,rpa,olufsen,0.12,0.6,-0.48,-0.8,mpa_systolic,4020.00479467603,3942.837664265465,77.16713041056528,0.019571470342272183,-0.024464337927840227
beta,rpa,olufsen,0.12,0.6,-0.48,-0.8,mpa_diastolic,-1.6674012524992137,4.536308204188096,-6.203709456687309,-1.3675678938569042,1.7094598673211303
beta,rpa,olufsen,0.12,0.6,-0.48,-0.8,mpa_mean,834.7337260499592,816.2097021608391,18.52402388912003,0.022695177281131802,-0.02836897160141475
beta,rpa,olufsen,0.12,0.6,-0.48,-0.8,rpa_split,0.5069372774009636,0.5,0.006937277400963615,0.01387455480192723,-0.017343193502409038
beta,rpa,olufsen,0.12,0.6,-0.48,-0.8,lpa_split,0.4930627225990364,0.5,-0.006937277400963615,-0.01387455480192723,0.017343193502409038
beta,rpa,olufsen,0.14,0.6,-0.45999999999999996,-0.7666666666666666,mpa_systolic,4001.1229632687796,3942.837664265465,58.285299003314776,0.014782576399622858,-0.019281621390812426
beta,rpa,olufsen,0.14,0.6,-0.45999999999999996,-0.7666666666666666,mpa_diastolic,0.5632047303939437,4.536308204188096,-3.973103473794152,-0.875845135506011,1.1424066984861014
beta,rpa,olufsen,0.14,0.6,-0.45999999999999996,-0.7666666666666666,mpa_mean,830.7100098521166,816.2097021608391,14.500307691277499,0.017765419417202815,-0.0231722861963515
beta,rpa,olufsen,0.14,0.6,-0.45999999999999996,-0.7666666666666666,rpa_split,0.5030701797011697,0.5,0.0030701797011697396,0.006140359402339479,-0.008009164437834103
beta,rpa,olufsen,0.14,0.6,-0.45999999999999996,-0.7666666666666666,lpa_split,0.49692982029883026,0.5,-0.0030701797011697396,-0.006140359402339479,0.008009164437834103
beta,rpa,olufsen,0.16,0.6,-0.43999999999999995,-0.7333333333333333,mpa_systolic,3999.346925276847,3942.837664265465,56.50926101138202,0.01433212975607239,-0.01954381330373508
beta,rpa,olufsen,0.16,0.6,-0.43999999999999995,-0.7333333333333333,mpa_diastolic,0.7000518468337892,4.536308204188096,-3.8362563573543067,-0.8456780678641997,1.1531973652693635
beta,rpa,olufsen,0.16,0.6,-0.43999999999999995,-0.7333333333333333,mpa_mean,830.2930834057179,816.2097021608391,14.083381244878751,0.017254611416152383,-0.023529015567480525
beta,rpa,olufsen,0.16,0.6,-0.43999999999999995,-0.7333333333333333,rpa_split,0.5029004162542757,0.5,0.0029004162542757284,0.005800832508551457,-0.007910226148024715
beta,rpa,olufsen,0.16,0.6,-0.43999999999999995,-0.7333333333333333,lpa_split,0.49709958374572427,0.5,-0.0029004162542757284,-0.005800832508551457,0.007910226148024715
beta,rpa,olufsen,0.18,0.6,-0.42,-0.7,mpa_systolic,3983.0225201873704,3942.837664265465,40.18485592190564,0.010191861634605724,-0.014559802335151036
beta,rpa,olufsen,0.18,0.6,-0.42,-0.7,mpa_diastolic,2.3192979964297757,4.536308204188096,-2.21701020775832,-0.488725657068779,0.6981795100982557
beta,rpa,olufsen,0.18,0.6,-0.42,-0.7,mpa_mean,826.590619118472,816.2097021608391,10.380916957632849,0.012718443471267663,-0.018169204958953807
beta,rpa,olufsen,0.18,0.6,-0.42,-0.7,rpa_split,0.5003403029881878,0.5,0.0003403029881877684,0.0006806059763755368,-0.0009722942519650526
beta,rpa,olufsen,0.18,0.6,-0.42,-0.7,lpa_split,0.49965969701181223,0.5,-0.0003403029881877684,-0.0006806059763755368,0.0009722942519650526
beta,rpa,olufsen,0.2,0.6,-0.39999999999999997,-0.6666666666666666,mpa_systolic,3988.699268108831,3942.837664265465,45.86160384336608,0.01163162365496727,-0.017447435482450906
beta,rpa,olufsen,0.2,0.6,-0.39999999999999997,-0.6666666666666666,mpa_diastolic,1.7688222367119282,4.536308204188096,-2.7674859674761674,-0.6100745017547787,0.9151117526321682
beta,rpa,olufsen,0.2,0.6,-0.39999999999999997,-0.6666666666666666,mpa_mean,827.8968322911006,816.2097021608391,11.687130130261494,0.014318783640185734,-0.021478175460278602
beta,rpa,olufsen,0.2,0.6,-0.39999999999999997,-0.6666666666666666,rpa_split,0.5011833874207265,0.5,0.001183387420726545,0.00236677484145309,-0.0035501622621796347
beta,rpa,olufsen,0.2,0.6,-0.39999999999999997,-0.6666666666666666,lpa_split,0.49881661257927346,0.5,-0.001183387420726545,-0.00236677484145309,0.0035501622621796347
beta,rpa,olufsen,0.22,0.6,-0.38,-0.6333333333333334,mpa_systolic,3977.4841606508194,3942.837664265465,34.64649638535457,0.008787198291058496,-0.013874523617460782
beta,rpa,olufsen,0.22,0.6,-0.38,-0.6333333333333334,mpa_diastolic,2.7936704095777594,4.536308204188096,-1.7426377946103364,-0.3841533062064578,0.6065578519049333
beta,rpa,olufsen,0.22,0.6,-0.38,-0.6333333333333334,mpa_mean,825.2780222522887,816.2097021608391,9.06832009144955,0.01111028215842328,-0.01754255077645781
beta,rpa,olufsen,0.22,0.6,-0.38,-0.6333333333333334,rpa_split,0.4997068205491266,0.5,-0.00029317945087342645,-0.0005863589017468529,0.0009258298448634519
beta,rpa,olufsen,0.22,0.6,-0.38,-0.6333333333333334,lpa_split,0.5002931794508734,0.5,0.00029317945087337094,0.0005863589017467419,-0.0009258298448632765
beta,rpa,olufsen,0.24,0.6,-0.36,-0.6,mpa_systolic,3968.5844699245586,3942.837664265465,25.746805659093752,0.0065300192022717425,-0.01088336533711957
beta,rpa,olufsen,0.24,0.6,-0.36,-0.6,mpa_diastolic,3.442519586201764,4.536308204188096,-1.0937886179863319,-0.2411186737657075,0.40186445627617917
beta,rpa,olufsen,0.24,0.6,-0.36,-0.6,mpa_mean,823.0733237083789,816.2097021608391,6.863621547539765,0.008409139868552122,-0.014015233114253537
beta,rpa,olufsen,0.24,0.6,-0.36,-0.6,rpa_split,0.49915240819344336,0.5,-0.0008475918065566357,-0.0016951836131132714,0.0028253060218554524
beta,rpa,olufsen,0.24,0.6,-0.36,-0.6,lpa_split,0.5008475918065567,0.5,0.0008475918065566912,0.0016951836131133824,-0.0028253060218556376
beta,rpa,olufsen,0.26,0.6,-0.33999999999999997,-0.5666666666666667,mpa_systolic,3977.3531561531195,3942.837664265465,34.51549188765466,0.008753972348512797,-0.015448186497375525
beta,rpa,olufsen,0.26,0.6,-0.33999999999999997,-0.5666666666666667,mpa_diastolic,2.799886941019159,4.536308204188096,-1.7364212631689369,-0.38278291178844626,0.6754992560972581
beta,rpa,olufsen,0.26,0.6,-0.33999999999999997,-0.5666666666666667,mpa_mean,825.2455786430613,816.2097021608391,9.035876482222193,0.011070533048431735,-0.01953623479135012
beta,rpa,olufsen,0.26,0.6,-0.33999999999999997,-0.5666666666666667,rpa_split,0.49972618687791176,0.5,-0.00027381312208824005,-0.0005476262441764801,0.0009663992544290826
beta,rpa,olufsen,0.26,0.6,-0.33999999999999997,-0.5666666666666667,lpa_split,0.5002738131220883,0.5,0.00027381312208829556,0.0005476262441765911,-0.0009663992544292785
beta,rpa,olufsen,0.28,0.6,-0.31999999999999995,-0.5333333333333333,mpa_systolic,3970.1792078424733,3942.837664265465,27.34154357700845,0.006934483715829593,-0.013002156967180486
beta,rpa,olufsen,0.28,0.6,-0.31999999999999995,-0.5333333333333333,mpa_diastolic,3.3575511066023753,4.536308204188096,-1.1787570975857204,-0.25984942921149984,0.4872176797715622
beta,rpa,olufsen,0.28,0.6,-0.31999999999999995,-0.5333333333333333,mpa_mean,823.4875411436076,816.2097021608391,7.277838982768458,0.008916628855919081,-0.01671867910484828
beta,rpa,olufsen,0.28,0.6,-0.31999999999999995,-0.5333333333333333,rpa_split,0.4991692497631994,0.5,-0.0008307502368006259,-0.0016615004736012517,0.003115313388002347
beta,rpa,olufsen,0.28,0.6,-0.31999999999999995,-0.5333333333333333,lpa_split,0.5008307502368006,0.5,0.0008307502368005704,0.0016615004736011407,-0.003115313388002139
beta,rpa,olufsen,0.3,0.6,-0.3,-0.5,mpa_systolic,3964.256093817088,3942.837664265465,21.418429551623376,0.005432237229988404,-0.010864474459976807
beta,rpa,olufsen,0.3,0.6,-0.3,-0.5,mpa_diastolic,3.7415266035294255,4.536308204188096,-0.7947816006586703,-0.17520449777307837,0.35040899554615673
beta,rpa,olufsen,0.3,0.6,-0.3,-0.5,mpa_mean,821.9797925567219,816.2097021608391,5.770090395882789,0.007069372467157659,-0.014138744934315318
beta,rpa,olufsen,0.3,0.6,-0.3,-0.5,rpa_split,0.49899418325480943,0.5,-0.0010058167451905686,-0.0020116334903811373,0.0040232669807622745
beta,rpa,olufsen,0.3,0.6,-0.3,-0.5,lpa_split,0.5010058167451905,0.5,0.0010058167451905131,0.0020116334903810262,-0.0040232669807620525
beta,rpa,olufsen,0.32,0.6,-0.27999999999999997,-0.4666666666666666,mpa_systolic,3968.184666190281,3942.837664265465,25.34700192481614,0.006428619203509153,-0.013775612578948186
beta,rpa,olufsen,0.32,0.6,-0.27999999999999997,-0.4666666666666666,mpa_diastolic,3.5613667845778725,4.536308204188096,-0.9749414196102233,-0.21491957242017187,0.4605419409003683
beta,rpa,olufsen,0.32,0.6,-0.27999999999999997,-0.4666666666666666,mpa_mean,823.0137228886783,816.2097021608391,6.804020727839202,0.008336118413964195,-0.017863110887066134
beta,rpa,olufsen,0.32,0.6,-0.27999999999999997,-0.4666666666666666,rpa_split,0.4988971408326138,0.5,-0.0011028591673862276,-0.002205718334772455,0.004726539288798118
beta,rpa,olufsen,0.32,0.6,-0.27999999999999997,-0.4666666666666666,lpa_split,0.5011028591673863,0.5,0.001102859167386283,0.002205718334772566,-0.004726539288798357
beta,rpa,olufsen,0.34,0.6,-0.25999999999999995,-0.4333333333333333,mpa_systolic,3962.6515323856793,3942.837664265465,19.813868120214465,0.0050252812333083235,-0.011596802846096132
beta,rpa,olufsen,0.34,0.6,-0.25999999999999995,-0.4333333333333333,mpa_diastolic,3.8998171740966643,4.536308204188096,-0.6364910300914315,-0.14031035843283274,0.32379313484499866
beta,rpa,olufsen,0.34,0.6,-0.25999999999999995,-0.4333333333333333,mpa_mean,821.5934645481793,816.2097021608391,5.383762387340198,0.006596052917635246,-0.015221660579158263
beta,rpa,olufsen,0.34,0.6,-0.25999999999999995,-0.4333333333333333,rpa_split,0.4987753461636496,0.5,-0.0012246538363503978,-0.0024493076727007956,0.005652248475463375
beta,rpa,olufsen,0.34,0.6,-0.25999999999999995,-0.4333333333333333,lpa_split,0.5012246538363504,0.5,0.0012246538363503978,0.0024493076727007956,-0.005652248475463375
beta,rpa,olufsen,0.36,0.6,-0.24,-0.4,mpa_systolic,3957.1311995742867,3942.837664265465,14.293535308821902,0.0036251899078590982,-0.009062974769647745
beta,rpa,olufsen,0.36,0.6,-0.24,-0.4,mpa_diastolic,4.166354328452758,4.536308204188096,-0.36995387573533733,-0.08155395512892655,0.20388488782231637
beta,rpa,olufsen,0.36,0.6,-0.24,-0.4,mpa_mean,820.1461283750788,816.2097021608391,3.9364262142396456,0.004822812328520874,-0.012057030821302184
beta,rpa,olufsen,0.36,0.6,-0.24,-0.4,rpa_split,0.4987845427713131,0.5,-0.0012154572286868781,-0.0024309144573737562,0.0060772861434343906
beta,rpa,olufsen,0.36,0.6,-0.24,-0.4,lpa_split,0.5012154572286869,0.5,0.0012154572286868781,0.0024309144573737562,-0.0060772861434343906
beta,rpa,olufsen,0.38,0.6,-0.21999999999999997,-0.36666666666666664,mpa_systolic,3953.135680253102,3942.837664265465,10.298015987636973,0.002611828552052612,-0.007123168778325306
beta,rpa,olufsen,0.38,0.6,-0.21999999999999997,-0.36666666666666664,mpa_diastolic,4.291541301454964,4.536308204188096,-0.24476690273313206,-0.05395729119709145,0.14715624871934033
beta,rpa,olufsen,0.38,0.6,-0.21999999999999997,-0.36666666666666664,mpa_mean,819.059065735649,816.2097021608391,2.8493635748098995,0.0034909699887988037,-0.009520827242178556
beta,rpa,olufsen,0.38,0.6,-0.21999999999999997,-0.36666666666666664,rpa_split,0.49904832081549566,0.5,-0.0009516791845043393,-0.0019033583690086786,0.005190977370023669
beta,rpa,olufsen,0.38,0.6,-0.21999999999999997,-0.36666666666666664,lpa_split,0.5009516791845043,0.5,0.0009516791845043393,0.0019033583690086786,-0.005190977370023669
beta,rpa,olufsen,0.4,0.6,-0.19999999999999996,-0.33333333333333326,mpa_systolic,3955.940653546836,3942.837664265465,13.102989281371265,0.003323238336725258,-0.009969715010175776
beta,rpa,olufsen,0.4,0.6,-0.19999999999999996,-0.33333333333333326,mpa_diastolic,4.239465223238786,4.536308204188096,-0.29684298094931005,-0.06543712807592154,0.19631138422776467
beta,rpa,olufsen,0.4,0.6,-0.19999999999999996,-0.33333333333333326,mpa_mean,819.8446582238106,816.2097021608391,3.634956062971469,0.004453458533203246,-0.013360375599609741
beta,rpa,olufsen,0.4,0.6,-0.19999999999999996,-0.33333333333333326,rpa_split,0.4986910378669954,0.5,-0.0013089621330045764,-0.002617924266009153,0.00785377279802746
beta,rpa,olufsen,0.4,0.6,-0.19999999999999996,-0.33333333333333326,lpa_split,0.5013089621330046,0.5,0.0013089621330045764,0.002617924266009153,-0.00785377279802746
beta,rpa,olufsen,0.42,0.6,-0.18,-0.3,mpa_systolic,3952.3762457664116,3942.837664265465,9.538581500946748,0.002419217404610988,-0.00806405801536996
beta,rpa,olufsen,0.42,0.6,-0.18,-0.3,mpa_diastolic,4.34302309950044,4.536308204188096,-0.19328510468765536,-0.04260845956392625,0.14202819854642082
beta,rpa,olufsen,0.42,0.6,-0.18,-0.3,mpa_mean,818.8706219713221,816.2097021608391,2.6609198104829375,0.003260093335620001,-0.010866977785400004
beta,rpa,olufsen,0.42,0.6,-0.18,-0.3,rpa_split,0.4989467072406243,0.5,-0.0010532927593757124,-0.002106585518751425,0.007021951729171416
beta,rpa,olufsen,0.42,0.6,-0.18,-0.3,lpa_split,0.5010532927593757,0.5,0.0010532927593757124,0.002106585518751425,-0.007021951729171416
beta,rpa,olufsen,0.44,0.6,-0.15999999999999998,-0.26666666666666666,mpa_systolic,3949.1266159204547,3942.837664265465,6.288951654989887,0.0015950318502807278,-0.005981369438552729
beta,rpa,olufsen,0.44,0.6,-0.15999999999999998,-0.26666666666666666,mpa_diastolic,4.414184453759602,4.536308204188096,-0.12212375042849377,-0.026921396195202167,0.10095523573200813
beta,rpa,olufsen,0.44,0.6,-0.15999999999999998,-0.26666666666666666,mpa_mean,817.9675218341067,816.2097021608391,1.7578196732675906,0.0021536373172408104,-0.008076139939653039
beta,rpa,olufsen,0.44,0.6,-0.15999999999999998,-0.26666666666666666,rpa_split,0.499280998319906,0.5,-0.000719001680093978,-0.001438003360187956,0.005392512600704835
beta,rpa,olufsen,0.44,0.6,-0.15999999999999998,-0.26666666666666666,lpa_split,0.500719001680094,0.5,0.000719001680093978,0.001438003360187956,-0.005392512600704835
beta,rpa,olufsen,0.46,0.6,-0.13999999999999996,-0.23333333333333328,mpa_systolic,3949.3399364549473,3942.837664265465,6.502272189482483,0.001649135151673517,-0.0070677220786007884
beta,rpa,olufsen,0.46,0.6,-0.13999999999999996,-0.23333333333333328,mpa_diastolic,4.422825459374695,4.536308204188096,-0.1134827448134006,-0.025016542021688234,0.10721375152152103
beta,rpa,olufsen,0.46,0.6,-0.13999999999999996,-0.23333333333333328,mpa_mean,818.0386677778578,816.2097021608391,1.828965617018639,0.0022408035731217393,-0.009603443884807456
beta,rpa,olufsen,0.46,0.6,-0.13999999999999996,-0.23333333333333328,rpa_split,0.49917124167068316,0.5,-0.0008287583293168366,-0.0016575166586336731,0.007103642822715744
beta,rpa,olufsen,0.46,0.6,-0.13999999999999996,-0.23333333333333328,lpa_split,0.5008287583293168,0.5,0.0008287583293168366,0.0016575166586336731,-0.007103642822715744
beta,rpa,olufsen,0.48,0.6,-0.12,-0.2,mpa_systolic,3948.3727581027,3942.837664265465,5.5350938372353085,0.0014038350823825953,-0.007019175411912976
beta,rpa,olufsen,0.48,0.6,-0.12,-0.2,mpa_diastolic,4.447612023528599,4.536308204188096,-0.0886961806594968,-0.019552503195794557,0.09776251597897277
beta,rpa,olufsen,0.48,0.6,-0.12,-0.2,mpa_mean,817.770526399955,816.2097021608391,1.5608242391158456,0.0019122833690701161,-0.009561416845350581
beta,rpa,olufsen,0.48,0.6,-0.12,-0.2,rpa_split,0.49925720025279585,0.5,-0.0007427997472041481,-0.0014855994944082962,0.007427997472041481
beta,rpa,olufsen,0.48,0.6,-0.12,-0.2,lpa_split,0.5007427997472041,0.5,0.0007427997472041481,0.0014855994944082962,-0.007427997472041481
beta,rpa,olufsen,0.5,0.6,-0.09999999999999998,-0.16666666666666663,mpa_systolic,3948.2396243965763,3942.837664265465,5.401960131111537,0.0013700691205398385,-0.008220414723239033
beta,rpa,olufsen,0.5,0.6,-0.09999999999999998,-0.16666666666666663,mpa_diastolic,4.4568717519160135,4.536308204188096,-0.07943645227208229,-0.01751125556212064,0.10506753337272387
beta,rpa,olufsen,0.5,0.6,-0.09999999999999998,-0.16666666666666663,mpa_mean,817.7387535102573,816.2097021608391,1.5290513494181823,0.001873356008106938,-0.01124013604864163
beta,rpa,olufsen,0.5,0.6,-0.09999999999999998,-0.16666666666666663,rpa_split,0.49923153661611525,0.5,-0.0007684633838847543,-0.0015369267677695087,0.009221560606617054
beta,rpa,olufsen,0.5,0.6,-0.09999999999999998,-0.16666666666666663,lpa_split,0.5007684633838847,0.5,0.0007684633838846988,0.0015369267677693976,-0.009221560606616388
beta,rpa,olufsen,0.52,0.6,-0.07999999999999996,-0.13333333333333328,mpa_systolic,3946.2368232082054,3942.837664265465,3.3991589427405415,0.0008621097879701298,-0.006465823409775976
beta,rpa,olufsen,0.52,0.6,-0.07999999999999996,-0.13333333333333328,mpa_diastolic,4.48941501771685,4.536308204188096,-0.04689318647124541,-0.010337301691263349,0.07752976268447515
beta,rpa,olufsen,0.52,0.6,-0.07999999999999996,-0.13333333333333328,mpa_mean,817.1736019504506,816.2097021608391,0.9638997896114461,0.0011809462532234194,-0.008857096899175649
beta,rpa,olufsen,0.52,0.6,-0.07999999999999996,-0.13333333333333328,rpa_split,0.4995010743549696,0.5,-0.0004989256450304014,-0.0009978512900608028,0.007483884675456024
beta,rpa,olufsen,0.52,0.6,-0.07999999999999996,-0.13333333333333328,lpa_split,0.5004989256450304,0.5,0.0004989256450304014,0.0009978512900608028,-0.007483884675456024
beta,rpa,olufsen,0.54,0.6,-0.05999999999999994,-0.09999999999999991,mpa_systolic,3944.749667183594,3942.837664265465,1.9120029181290192,0.0004849306720025,-0.004849306720025004
beta,rpa,olufsen,0.54,0.6,-0.05999999999999994,-0.09999999999999991,mpa_diastolic,4.5125961823079725,4.536308204188096,-0.023712021880123224,-0.005227162885059566,0.052271628850595706
beta,rpa,olufsen,0.54,0.6,-0.05999999999999994,-0.09999999999999991,mpa_mean,816.753893687047,816.2097021608391,0.5441915262078965,0.0006667300385761161,-0.006667300385761167
beta,rpa,olufsen,0.54,0.6,-0.05999999999999994,-0.09999999999999991,rpa_split,0.499698923260119,0.5,-0.00030107673988100103,-0.0006021534797620021,0.006021534797620026
beta,rpa,olufsen,0.54,0.6,-0.05999999999999994,-0.09999999999999991,lpa_split,0.500301076739881,0.5,0.00030107673988100103,0.0006021534797620021,-0.006021534797620026
beta,rpa,olufsen,0.56,0.6,-0.039999999999999925,-0.06666666666666654,mpa_systolic,3944.663557940474,3942.837664265465,1.8258936750094108,0.0004630912633197562,-0.006946368949796356
beta,rpa,olufsen,0.56,0.6,-0.039999999999999925,-0.06666666666666654,mpa_diastolic,4.513957931039523,4.536308204188096,-0.02235027314857252,-0.00492697412577432,0.07390461188661494
beta,rpa,olufsen,0.56,0.6,-0.039999999999999925,-0.06666666666666654,mpa_mean,816.7294021600687,816.2097021608391,0.5196999992296014,0.0006367236236640463,-0.009550854354960711
beta,rpa,olufsen,0.56,0.6,-0.039999999999999925,-0.06666666666666654,rpa_split,0.49971444907508455,0.5,-0.0002855509249154453,-0.0005711018498308906,0.008566527747463375
beta,rpa,olufsen,0.56,0.6,-0.039999999999999925,-0.06666666666666654,lpa_split,0.5002855509249154,0.5,0.0002855509249154453,0.0005711018498308906,-0.008566527747463375
beta,rpa,olufsen,0.58,0.6,-0.020000000000000018,-0.03333333333333337,mpa_systolic,3943.038383377873,3942.837664265465,0.20071911240802365,5.0907272756160206e-05,-0.0015272181826848047
beta,rpa,olufsen,0.58,0.6,-0.020000000000000018,-0.03333333333333337,mpa_diastolic,4.53184186798501,4.536308204188096,-0.004466336203085675,-0.0009845751218936535,0.029537253656809575
beta,rpa,olufsen,0.58,0.6,-0.020000000000000018,-0.03333333333333337,mpa_mean,816.2647208986837,816.2097021608391,0.05501873784453437,6.740760088844496e-05,-0.0020222280266533467
beta,rpa,olufsen,0.58,0.6,-0.020000000000000018,-0.03333333333333337,rpa_split,0.4999831754743425,0.5,-1.6824525657488376e-05,-3.364905131497675e-05,0.0010094715394493015
beta,rpa,olufsen,0.58,0.6,-0.020000000000000018,-0.03333333333333337,lpa_split,0.5000168245256575,0.5,1.6824525657543887e-05,3.3649051315087775e-05,-0.0010094715394526322
beta,rpa,olufsen,0.6,0.6,0.0,0.0,mpa_systolic,3942.837664265465,3942.837664265465,0.0,0.0,0.0
beta,rpa,olufsen,0.6,0.6,0.0,0.0,mpa_diastolic,4.536308204188096,4.536308204188096,0.0,0.0,0.0
beta,rpa,olufsen,0.6,0.6,0.0,0.0,mpa_mean,816.2097021608391,816.2097021608391,0.0,0.0,0.0
beta,rpa,olufsen,0.6,0.6,0.0,0.0,rpa_split,0.5,0.5,0.0,0.0,0.0
beta,rpa,olufsen,0.6,0.6,0.0,0.0,lpa_split,0.5,0.5,0.0,0.0,0.0
beta,rpa,olufsen,0.62,0.6,0.020000000000000018,0.03333333333333337,mpa_systolic,3942.2231173799087,3942.837664265465,-0.6145468855561376,-0.00015586411054299018,-0.0046759233162897
beta,rpa,olufsen,0.62,0.6,0.020000000000000018,0.03333333333333337,mpa_diastolic,4.541187070550431,4.536308204188096,0.004878866362335366,0.001075514745191036,0.03226544235573105
beta,rpa,olufsen,0.62,0.6,0.020000000000000018,0.03333333333333337,mpa_mean,816.032784502952,816.2097021608391,-0.17691765788708835,-0.00021675515179336307,-0.006502654553800885
beta,rpa,olufsen,0.62,0.6,0.020000000000000018,0.03333333333333337,rpa_split,0.5001144122429111,0.5,0.00011441224291108831,0.00022882448582217663,0.006864734574665292
beta,rpa,olufsen,0.62,0.6,0.020000000000000018,0.03333333333333337,lpa_split,0.4998855877570889,0.5,-0.00011441224291108831,-0.00022882448582217663,-0.006864734574665292
beta,rpa,olufsen,0.64,0.6,0.040000000000000036,0.06666666666666674,mpa_systolic,3941.9237449446564,3942.837664265465,-0.913919320808418,-0.0002317922771945209,-0.00347688415791781
beta,rpa,olufsen,0.64,0.6,0.040000000000000036,0.06666666666666674,mpa_diastolic,4.542941614307505,4.536308204188096,0.006633410119409433,0.0014622926443325019,0.021934389664987505
beta,rpa,olufsen,0.64,0.6,0.040000000000000036,0.06666666666666674,mpa_mean,815.9465565903116,816.2097021608391,-0.263145570527513,-0.0003223994640480989,-0.0048359919607214785
beta,rpa,olufsen,0.64,0.6,0.040000000000000036,0.06666666666666674,rpa_split,0.5001746246198091,0.5,0.00017462461980910504,0.0003492492396182101,0.005238738594273146
beta,rpa,olufsen,0.64,0.6,0.040000000000000036,0.06666666666666674,lpa_split,0.4998253753801909,0.5,-0.00017462461980910504,-0.0003492492396182101,-0.005238738594273146
beta,rpa,olufsen,0.66,0.6,0.06000000000000005,0.10000000000000009,mpa_systolic,3941.0767512471352,3942.837664265465,-1.7609130183295747,-0.0004466105805696735,-0.004466105805696731
beta,rpa,olufsen,0.66,0.6,0.06000000000000005,0.10000000000000009,mpa_diastolic,4.549008718491841,4.536308204188096,0.01270051430374508,0.002799746783523102,0.027997467835230994
beta,rpa,olufsen,0.66,0.6,0.06000000000000005,0.10000000000000009,mpa_mean,815.7020895174951,816.2097021608391,-0.5076126433440322,-0.000621914493297709,-0.006219144932977085
beta,rpa,olufsen,0.66,0.6,0.06000000000000005,0.10000000000000009,rpa_split,0.5003390425594441,0.5,0.00033904255944405826,0.0006780851188881165,0.006780851188881159
beta,rpa,olufsen,0.66,0.6,0.06000000000000005,0.10000000000000009,lpa_split,0.49966095744055594,0.5,-0.00033904255944405826,-0.0006780851188881165,-0.006780851188881159
beta,rpa,olufsen,0.68,0.6,0.08000000000000007,0.13333333333333347,mpa_systolic,3940.8863659833833,3942.837664265465,-1.9512982820815523,-0.0004948969367332732,-0.003711727025499545
beta,rpa,olufsen,0.68,0.6,0.08000000000000007,0.13333333333333347,mpa_diastolic,4.549220681270915,4.536308204188096,0.012912477082819507,0.002846472616410456,0.0213485446230784
beta,rpa,olufsen,0.68,0.6,0.08000000000000007,0.13333333333333347,mpa_mean,815.6459973708347,816.2097021608391,-0.5637047900044081,-0.0006906372081979082,-0.005179779061484306
beta,rpa,olufsen,0.68,0.6,0.08000000000000007,0.13333333333333347,rpa_split,0.5003869718453178,0.5,0.00038697184531777395,0.0007739436906355479,0.005804577679766603
beta,rpa,olufsen,0.68,0.6,0.08000000000000007,0.13333333333333347,lpa_split,0.4996130281546822,0.5,-0.00038697184531777395,-0.0007739436906355479,-0.005804577679766603
beta,rpa,olufsen,0.7,0.6,0.09999999999999998,0.16666666666666663,mpa_systolic,3940.4215658040184,3942.837664265465,-2.4160984614463814,-0.0006127816225719481,-0.003676689735431689
beta,rpa,olufsen,0.7,0.6,0.09999999999999998,0.16666666666666663,mpa_diastolic,4.552293916602631,4.536308204188096,0.015985712414535058,0.003523947601218195,0.021143685607309174
beta,rpa,olufsen,0.7,0.6,0.09999999999999998,0.16666666666666663,mpa_mean,815.511166434417,816.2097021608391,-0.6985357264221648,-0.0008558287466724011,-0.005134972480034408
beta,rpa,olufsen,0.7,0.6,0.09999999999999998,0.16666666666666663,rpa_split,0.5004830731055457,0.5,0.00048307310554573935,0.0009661462110914787,0.005796877266548873
beta,rpa,olufsen,0.7,0.6,0.09999999999999998,0.16666666666666663,lpa_split,0.49951692689445426,0.5,-0.00048307310554573935,-0.0009661462110914787,-0.005796877266548873
beta,rpa,olufsen,0.72,0.6,0.12,0.2,mpa_systolic,3940.051422661346,3942.837664265465,-2.7862416041189135,-0.0007066589703580859,-0.003533294851790429
beta,rpa,olufsen,0.72,0.6,0.12,0.2,mpa_diastolic,4.552802337396164,4.536308204188096,0.016494133208068362,0.0036360256987918805,0.0181801284939594
beta,rpa,olufsen,0.72,0.6,0.12,0.2,mpa_mean,815.4019867873658,816.2097021608391,-0.8077153734733429,-0.000989592957955525,-0.004947964789777625
beta,rpa,olufsen,0.72,0.6,0.12,0.2,rpa_split,0.500577052010653,0.5,0.0005770520106529453,0.0011541040213058906,0.005770520106529453
beta,rpa,olufsen,0.72,0.6,0.12,0.2,lpa_split,0.49942294798934705,0.5,-0.0005770520106529453,-0.0011541040213058906,-0.005770520106529453
beta,rpa,olufsen,0.74,0.6,0.14,0.23333333333333336,mpa_systolic,3939.7865135503152,3942.837664265465,-3.0511507151495607,-0.0007738463956562559,-0.003316484552812525
beta,rpa,olufsen,0.74,0.6,0.14,0.23333333333333336,mpa_diastolic,4.549951622807677,4.536308204188096,0.01364341861958085,0.0030076039822392836,0.012889731352454071
beta,rpa,olufsen,0.74,0.6,0.14,0.23333333333333336,mpa_mean,815.3212857660628,816.2097021608391,-0.8884163947763,-0.0010884658592323767,-0.004664853682424471
beta,rpa,olufsen,0.74,0.6,0.14,0.23333333333333336,rpa_split,0.5006701463600339,0.5,0.0006701463600339297,0.0013402927200678594,0.005744111657433683
beta,rpa,olufsen,0.74,0.6,0.14,0.23333333333333336,lpa_split,0.49932985363996607,0.5,-0.0006701463600339297,-0.0013402927200678594,-0.005744111657433683
beta,rpa,olufsen,0.76,0.6,0.16000000000000003,0.2666666666666667,mpa_systolic,3939.52627057011,3942.837664265465,-3.3113936953550365,-0.0008398503761305466,-0.0031494389104895493
beta,rpa,olufsen,0.76,0.6,0.16000000000000003,0.2666666666666667,mpa_diastolic,4.541394490087557,4.536308204188096,0.005086285899460918,0.0011212390495789202,0.00420464643592095
beta,rpa,olufsen,0.76,0.6,0.16000000000000003,0.2666666666666667,mpa_mean,815.2376938580879,816.2097021608391,-0.9720083027511919,-0.0011908806035726977,-0.004465802263397616
beta,rpa,olufsen,0.76,0.6,0.16000000000000003,0.2666666666666667,rpa_split,0.5008028216735241,0.5,0.000802821673524079,0.001605643347048158,0.006021162551430591
beta,rpa,olufsen,0.76,0.6,0.16000000000000003,0.2666666666666667,lpa_split,0.4991971783264759,0.5,-0.000802821673524079,-0.001605643347048158,-0.006021162551430591
beta,rpa,olufsen,0.78,0.6,0.18000000000000005,0.3000000000000001,mpa_systolic,3939.2175419374753,3942.837664265465,-3.6201223279895203,-0.0009181515031164579,-0.003060505010388192
beta,rpa,olufsen,0.78,0.6,0.18000000000000005,0.3000000000000001,mpa_diastolic,4.533550185021969,4.536308204188096,-0.002758019166126502,-0.0006079876062169214,-0.002026625354056404
beta,rpa,olufsen,0.78,0.6,0.18000000000000005,0.3000000000000001,mpa_mean,815.1411856800603,816.2097021608391,-1.0685164807788397,-0.0013091200434766235,-0.00436373347825541
beta,rpa,olufsen,0.78,0.6,0.18000000000000005,0.3000000000000001,rpa_split,0.5009338629248195,0.5,0.0009338629248194508,0.0018677258496389015,0.00622575283212967
beta,rpa,olufsen,0.78,0.6,0.18000000000000005,0.3000000000000001,lpa_split,0.49906613707518055,0.5,-0.0009338629248194508,-0.0018677258496389015,-0.00622575283212967
lrr,lpa,olufsen,2.0,10.0,-8.0,-0.8,mpa_systolic,3934.4994772208997,3942.837664265465,-8.338187044565075,-0.0021147680311911716,0.0026434600389889642
lrr,lpa,olufsen,2.0,10.0,-8.0,-0.8,mpa_diastolic,4.571547848995744,4.536308204188096,0.03523964480764796,0.007768353299961708,-0.009710441624952134
lrr,lpa,olufsen,2.0,10.0,-8.0,-0.8,mpa_mean,813.7856585508083,816.2097021608391,-2.4240436100308216,-0.0029698784560063325,0.0037123480700079156
lrr,lpa,olufsen,2.0,10.0,-8.0,-0.8,rpa_split,0.4982309409450292,0.5,-0.001769059054970823,-0.003538118109941646,0.004422647637427057
lrr,lpa,olufsen,2.0,10.0,-8.0,-0.8,lpa_split,0.5017690590549708,0.5,0.001769059054970823,0.003538118109941646,-0.004422647637427057
lrr,lpa,olufsen,4.0,10.0,-6.0,-0.6,mpa_systolic,3938.939771243757,3942.837664265465,-3.8978930217076595,-0.0009886009401388382,0.0016476682335647304
lrr,lpa,olufsen,4.0,10.0,-6.0,-0.6,mpa_diastolic,3.9170015420658952,4.536308204188096,-0.6193066621222005,-0.1365221749153712,0.22753695819228534
lrr,lpa,olufsen,4.0,10.0,-6.0,-0.6,mpa_mean,815.0318085249146,816.2097021608391,-1.1778936359245336,-0.0014431262368067544,0.002405210394677924
lrr,lpa,olufsen,4.0,10.0,-6.0,-0.6,rpa_split,0.4987455153491474,0.5,-0.0012544846508525942,-0.0025089693017051884,0.004181615502841981
lrr,lpa,olufsen,4.0,10.0,-6.0,-0.6,lpa_split,0.5012544846508526,0.5,0.0012544846508526497,0.0025089693017052994,-0.004181615502842166
lrr,lpa,olufsen,6.0,10.0,-4.0,-0.4,mpa_systolic,3940.22628575946,3942.837664265465,-2.611378506004712,-0.0006623094147831728,0.0016557735369579318
lrr,lpa,olufsen,6.0,10.0,-4.0,-0.4,mpa_diastolic,4.605531132920458,4.536308204188096,0.06922292873236202,0.01525974991479916,-0.0381493747869979
lrr,lpa,olufsen,6.0,10.0,-4.0,-0.4,mpa_mean,815.5115139264874,816.2097021608391,-0.6981882343517327,-0.0008554030079565881,0.00213850751989147
lrr,lpa,olufsen,6.0,10.0,-4.0,-0.4,rpa_split,0.5000365057170787,0.5,3.650571707869421e-05,7.301143415738842e-05,-0.00018252858539347105
lrr,lpa,olufsen,6.0,10.0,-4.0,-0.4,lpa_split,0.4999634942829213,0.5,-3.650571707869421e-05,-7.301143415738842e-05,0.00018252858539347105
lrr,lpa,olufsen,8.0,10.0,-2.0,-0.2,mpa_systolic,3941.444310747782,3942.837664265465,-1.3933535176829537,-0.0003533885075490497,0.0017669425377452486
lrr,lpa,olufsen,8.0,10.0,-2.0,-0.2,mpa_diastolic,4.566902025117972,4.536308204188096,0.030593820929876614,0.0067442112733061685,-0.03372105636653084
lrr,lpa,olufsen,8.0,10.0,-2.0,-0.2,mpa_mean,815.8302294360635,816.2097021608391,-0.37947272477561,-0.0004649206248969981,0.00232460312448499
lrr,lpa,olufsen,8.0,10.0,-2.0,-0.2,rpa_split,0.499962456941082,0.5,-3.754305891801035e-05,-7.50861178360207e-05,0.0003754305891801035
lrr,lpa,olufsen,8.0,10.0,-2.0,-0.2,lpa_split,0.500037543058918,0.5,3.754305891801035e-05,7.50861178360207e-05,-0.0003754305891801035
lrr,lpa,olufsen,10.0,10.0,0.0,0.0,mpa_systolic,3942.837664265465,3942.837664265465,0.0,0.0,0.0
lrr,lpa,olufsen,10.0,10.0,0.0,0.0,mpa_diastolic,4.536308204188096,4.536308204188096,0.0,0.0,0.0
lrr,lpa,olufsen,10.0,10.0,0.0,0.0,mpa_mean,816.2097021608391,816.2097021608391,0.0,0.0,0.0
lrr,lpa,olufsen,10.0,10.0,0.0,0.0,rpa_split,0.5,0.5,0.0,0.0,0.0
lrr,lpa,olufsen,10.0,10.0,0.0,0.0,lpa_split,0.5,0.5,0.0,0.0,0.0
lrr,lpa,olufsen,12.0,10.0,2.0,0.2,mpa_systolic,3943.7442756125542,3942.837664265465,0.9066113470894379,0.00022993879644252004,0.0011496939822126001
lrr,lpa,olufsen,12.0,10.0,2.0,0.2,mpa_diastolic,4.5680932010344595,4.536308204188096,0.03178499684636371,0.007006798351359497,0.03503399175679748
lrr,lpa,olufsen,12.0,10.0,2.0,0.2,mpa_mean,816.5025594716143,816.2097021608391,0.29285731077516175,0.00035880155553143916,0.0017940077776571958
lrr,lpa,olufsen,12.0,10.0,2.0,0.2,rpa_split,0.5004808723370844,0.5,0.0004808723370843815,0.000961744674168763,0.004808723370843815
lrr,lpa,olufsen,12.0,10.0,2.0,0.2,lpa_split,0.4995191276629156,0.5,-0.0004808723370843815,-0.000961744674168763,-0.004808723370843815
lrr,lpa,olufsen,14.0,10.0,4.0,0.4,mpa_systolic,3944.742471995136,3942.837664265465,1.9048077296711199,0.00048310579634933517,0.001207764490873338
lrr,lpa,olufsen,14.0,10.0,4.0,0.4,mpa_diastolic,4.5483181118761475,4.536308204188096,0.012009907688051769,0.002647506991911122,0.0066187674797778045
lrr,lpa,olufsen,14.0,10.0,4.0,0.4,mpa_mean,816.7806707326982,816.2097021608391,0.5709685718591118,0.00069953661460716,0.0017488415365179
lrr,lpa,olufsen,14.0,10.0,4.0,0.4,rpa_split,0.5005572407323028,0.5,0.0005572407323027884,0.0011144814646055767,0.002786203661513942
lrr,lpa,olufsen,14.0,10.0,4.0,0.4,lpa_split,0.4994427592676972,0.5,-0.0005572407323027884,-0.0011144814646055767,-0.002786203661513942
lrr,lpa,olufsen,16.0,10.0,6.0,0.6,mpa_systolic,3945.5678956946203,3942.837664265465,2.7302314291555376,0.0006924534210221331,0.0011540890350368884
lrr,lpa,olufsen,16.0,10.0,6.0,0.6,mpa_diastolic,4.564150894709193,4.536308204188096,0.02784269052109689,0.006137742249389369,0.01022957041564895
lrr,lpa,olufsen,16.0,10.0,6.0,0.6,mpa_mean,817.0406241290447,816.2097021608391,0.83092196820553,0.0010180251055650791,0.001696708509275132
lrr,lpa,olufsen,16.0,10.0,6.0,0.6,rpa_split,0.500915174321365,0.5,0.0009151743213650088,0.0018303486427300175,0.003050581071216696
lrr,lpa,olufsen,16.0,10.0,6.0,0.6,lpa_split,0.499084825678635,0.5,-0.0009151743213650088,-0.0018303486427300175,-0.003050581071216696
lrr,lpa,olufsen,18.0,10.0,8.0,0.8,mpa_systolic,3946.349947590271,3942.837664265465,3.5122833248060488,0.0008908008961764784,0.0011135011202205978
lrr,lpa,olufsen,18.0,10.0,8.0,0.8,mpa_diastolic,4.554549034874984,4.536308204188096,0.018240830686888643,0.004021073936300889,0.005026342420376111
lrr,lpa,olufsen,18.0,10.0,8.0,0.8,mpa_mean,817.2599510336842,816.2097021608391,1.0502488728450317,0.0012867390207009248,0.001608423775876156
lrr,lpa,olufsen,18.0,10.0,8.0,0.8,rpa_split,0.5010109313407456,0.5,0.001010931340745591,0.002021862681491182,0.0025273283518639778
lrr,lpa,olufsen,18.0,10.0,8.0,0.8,lpa_split,0.4989890686592544,0.5,-0.001010931340745591,-0.002021862681491182,-0.0025273283518639778
lrr,lpa,olufsen,20.0,10.0,10.0,1.0,mpa_systolic,3947.2594310942936,3942.837664265465,4.421766828828822,0.001121468141816734,0.001121468141816734
lrr,lpa,olufsen,20.0,10.0,10.0,1.0,mpa_diastolic,4.537807946584279,4.536308204188096,0.0014997423961835565,0.00033060857611018053,0.00033060857611018053
lrr,lpa,olufsen,20.0,10.0,10.0,1.0,mpa_mean,817.5103852275291,816.2097021608391,1.3006830666899987,0.0015935648194900912,0.0015935648194900912
lrr,lpa,olufsen,20.0,10.0,10.0,1.0,rpa_split,0.5010709513157695,0.5,0.0010709513157695083,0.0021419026315390166,0.0021419026315390166
lrr,lpa,olufsen,20.0,10.0,10.0,1.0,lpa_split,0.4989290486842305,0.5,-0.0010709513157695083,-0.0021419026315390166,-0.0021419026315390166
lrr,rpa,olufsen,2.0,10.0,-8.0,-0.8,mpa_systolic,3934.4994772208997,3942.837664265465,-8.338187044565075,-0.0021147680311911716,0.0026434600389889642
lrr,rpa,olufsen,2.0,10.0,-8.0,-0.8,mpa_diastolic,4.571547848995744,4.536308204188096,0.03523964480764796,0.007768353299961708,-0.009710441624952134
lrr,rpa,olufsen,2.0,10.0,-8.0,-0.8,mpa_mean,813.7856585508083,816.2097021608391,-2.4240436100308216,-0.0029698784560063325,0.0037123480700079156
lrr,rpa,olufsen,2.0,10.0,-8.0,-0.8,rpa_split,0.5017690590549707,0.5,0.001769059054970712,0.003538118109941424,-0.00442264763742678
lrr,rpa,olufsen,2.0,10.0,-8.0,-0.8,lpa_split,0.4982309409450293,0.5,-0.001769059054970712,-0.003538118109941424,0.00442264763742678
lrr,rpa,olufsen,4.0,10.0,-6.0,-0.6,mpa_systolic,3938.9397712437562,3942.837664265465,-3.897893021708569,-0.0009886009401390689,0.0016476682335651149
lrr,rpa,olufsen,4.0,10.0,-6.0,-0.6,mpa_diastolic,3.9170015420659374,4.536308204188096,-0.6193066621221583,-0.1365221749153619,0.22753695819226982
lrr,rpa,olufsen,4.0,10.0,-6.0,-0.6,mpa_mean,815.0318085249146,816.2097021608391,-1.1778936359245336,-0.0014431262368067544,0.002405210394677924
lrr,rpa,olufsen,4.0,10.0,-6.0,-0.6,rpa_split,0.5012544846508524,0.5,0.0012544846508524277,0.0025089693017048553,-0.004181615502841426
lrr,rpa,olufsen,4.0,10.0,-6.0,-0.6,lpa_split,0.4987455153491476,0.5,-0.0012544846508524277,-0.0025089693017048553,0.004181615502841426
lrr,rpa,olufsen,6.0,10.0,-4.0,-0.4,mpa_systolic,3940.22628575946,3942.837664265465,-2.611378506004712,-0.0006623094147831728,0.0016557735369579318
lrr,rpa,olufsen,6.0,10.0,-4.0,-0.4,mpa_diastolic,4.605531132920459,4.536308204188096,0.06922292873236291,0.015259749914799356,-0.03814937478699839
lrr,rpa,olufsen,6.0,10.0,-4.0,-0.4,mpa_mean,815.5115139264875,816.2097021608391,-0.698188234351619,-0.0008554030079564489,0.002138507519891122
lrr,rpa,olufsen,6.0,10.0,-4.0,-0.4,rpa_split,0.4999634942829213,0.5,-3.650571707869421e-05,-7.301143415738842e-05,0.00018252858539347105
lrr,rpa,olufsen,6.0,10.0,-4.0,-0.4,lpa_split,0.5000365057170787,0.5,3.650571707869421e-05,7.301143415738842e-05,-0.00018252858539347105
lrr,rpa,olufsen,8.0,10.0,-2.0,-0.2,mpa_systolic,3941.444310747782,3942.837664265465,-1.3933535176829537,-0.0003533885075490497,0.0017669425377452486
lrr,rpa,olufsen,8.0,10.0,-2.0,-0.2,mpa_diastolic,4.566902025117973,4.536308204188096,0.030593820929877502,0.006744211273306364,-0.03372105636653182
lrr,rpa,olufsen,8.0,10.0,-2.0,-0.2,mpa_mean,815.8302294360635,816.2097021608391,-0.37947272477561,-0.0004649206248969981,0.00232460312448499
lrr,rpa,olufsen,8.0,10.0,-2.0,-0.2,rpa_split,0.5000375430589181,0.5,3.7543058918121375e-05,7.508611783624275e-05,-0.00037543058918121375
lrr,rpa,olufsen,8.0,10.0,-2.0,-0.2,lpa_split,0.4999624569410819,0.5,-3.7543058918121375e-05,-7.508611783624275e-05,0.00037543058918121375
lrr,rpa,olufsen,10.0,10.0,0.0,0.0,mpa_systolic,3942.837664265465,3942.837664265465,0.0,0.0,0.0
lrr,rpa,olufsen,10.0,10.0,0.0,0.0,mpa_diastolic,4.536308204188096,4.536308204188096,0.0,0.0,0.0
lrr,rpa,olufsen,10.0,10.0,0.0,0.0,mpa_mean,816.2097021608391,816.2097021608391,0.0,0.0,0.0
lrr,rpa,olufsen,10.0,10.0,0.0,0.0,rpa_split,0.5,0.5,0.0,0.0,0.0
lrr,rpa,olufsen,10.0,10.0,0.0,0.0,lpa_split,0.5,0.5,0.0,0.0,0.0
lrr,rpa,olufsen,12.0,10.0,2.0,0.2,mpa_systolic,3943.7442756125542,3942.837664265465,0.9066113470894379,0.00022993879644252004,0.0011496939822126001
lrr,rpa,olufsen,12.0,10.0,2.0,0.2,mpa_diastolic,4.568093201034459,4.536308204188096,0.03178499684636282,0.007006798351359302,0.03503399175679651
lrr,rpa,olufsen,12.0,10.0,2.0,0.2,mpa_mean,816.5025594716143,816.2097021608391,0.29285731077516175,0.00035880155553143916,0.0017940077776571958
lrr,rpa,olufsen,12.0,10.0,2.0,0.2,rpa_split,0.49951912766291573,0.5,-0.00048087233708427046,-0.0009617446741685409,-0.004808723370842705
lrr,rpa,olufsen,12.0,10.0,2.0,0.2,lpa_split,0.5004808723370843,0.5,0.00048087233708427046,0.0009617446741685409,0.004808723370842705
lrr,rpa,olufsen,14.0,10.0,4.0,0.4,mpa_systolic,3944.742471995136,3942.837664265465,1.9048077296711199,0.00048310579634933517,0.001207764490873338
lrr,rpa,olufsen,14.0,10.0,4.0,0.4,mpa_diastolic,4.5483181118761475,4.536308204188096,0.012009907688051769,0.002647506991911122,0.0066187674797778045
lrr,rpa,olufsen,14.0,10.0,4.0,0.4,mpa_mean,816.7806707326982,816.2097021608391,0.5709685718591118,0.00069953661460716,0.0017488415365179
lrr,rpa,olufsen,14.0,10.0,4.0,0.4,rpa_split,0.4994427592676973,0.5,-0.0005572407323026773,-0.0011144814646053547,-0.0027862036615133867
lrr,rpa,olufsen,14.0,10.0,4.0,0.4,lpa_split,0.5005572407323027,0.5,0.0005572407323026773,0.0011144814646053547,0.0027862036615133867
lrr,rpa,olufsen,16.0,10.0,6.0,0.6,mpa_systolic,3945.5678956946203,3942.837664265465,2.7302314291555376,0.0006924534210221331,0.0011540890350368884
lrr,rpa,olufsen,16.0,10.0,6.0,0.6,mpa_diastolic,4.5641508947091936,4.536308204188096,0.02784269052109778,0.006137742249389564,0.010229570415649274
lrr,rpa,olufsen,16.0,10.0,6.0,0.6,mpa_mean,817.0406241290447,816.2097021608391,0.83092196820553,0.0010180251055650791,0.001696708509275132
lrr,rpa,olufsen,16.0,10.0,6.0,0.6,rpa_split,0.49908482567863494,0.5,-0.0009151743213650643,-0.0018303486427301285,-0.003050581071216881
lrr,rpa,olufsen,16.0,10.0,6.0,0.6,lpa_split,0.5009151743213651,0.5,0.0009151743213651198,0.0018303486427302396,0.0030505810712170662
lrr,rpa,olufsen,18.0,10.0,8.0,0.8,mpa_systolic,3946.349947590271,3942.837664265465,3.5122833248060488,0.0008908008961764784,0.0011135011202205978
lrr,rpa,olufsen,18.0,10.0,8.0,0.8,mpa_diastolic,4.5545490348749835,4.536308204188096,0.018240830686887755,0.004021073936300693,0.0050263424203758665
lrr,rpa,olufsen,18.0,10.0,8.0,0.8,mpa_mean,817.2599510336842,816.2097021608391,1.0502488728450317,0.0012867390207009248,0.001608423775876156
lrr,rpa,olufsen,18.0,10.0,8.0,0.8,rpa_split,0.4989890686592544,0.5,-0.001010931340745591,-0.002021862681491182,-0.0025273283518639778
lrr,rpa,olufsen,18.0,10.0,8.0,0.8,lpa_split,0.5010109313407456,0.5,0.001010931340745591,0.002021862681491182,0.0025273283518639778
lrr,rpa,olufsen,20.0,10.0,10.0,1.0,mpa_systolic,3947.2594310942936,3942.837664265465,4.421766828828822,0.001121468141816734,0.001121468141816734
lrr,rpa,olufsen,20.0,10.0,10.0,1.0,mpa_diastolic,4.537807946584278,4.536308204188096,0.0014997423961826684,0.0003306085761099848,0.0003306085761099848
lrr,rpa,olufsen,20.0,10.0,10.0,1.0,mpa_mean,817.5103852275291,816.2097021608391,1.3006830666899987,0.0015935648194900912,0.0015935648194900912
lrr,rpa,olufsen,20.0,10.0,10.0,1.0,rpa_split,0.49892904868423055,0.5,-0.0010709513157694528,-0.0021419026315389056,-0.0021419026315389056
lrr,rpa,olufsen,20.0,10.0,10.0,1.0,lpa_split,0.5010709513157694,0.5,0.0010709513157693973,0.0021419026315387946,0.0021419026315387946
olufsen_k1,lpa,olufsen,9996250.0,19992500.0,-9996250.0,-0.5,mpa_systolic,3942.839360473452,3942.837664265465,0.0016962079871518654,4.3019980318359423e-07,-8.603996063671885e-07
olufsen_k1,lpa,olufsen,9996250.0,19992500.0,-9996250.0,-0.5,mpa_diastolic,4.536695331824514,4.536308204188096,0.00038712763641779446,8.533980033816556e-05,-0.00017067960067633113
olufsen_k1,lpa,olufsen,9996250.0,19992500.0,-9996250.0,-0.5,mpa_mean,816.2105418555931,816.2097021608391,0.0008396947539495159,1.0287733063286337e-06,-2.0575466126572674e-06
olufsen_k1,lpa,olufsen,9996250.0,19992500.0,-9996250.0,-0.5,rpa_split,0.5000040478587308,0.5,4.04785873076019e-06,8.09571746152038e-06,-1.619143492304076e-05
olufsen_k1,lpa,olufsen,9996250.0,19992500.0,-9996250.0,-0.5,lpa_split,0.49999595214126924,0.5,-4.04785873076019e-06,-8.09571746152038e-06,1.619143492304076e-05
olufsen_k1,lpa,olufsen,11662291.666666666,19992500.0,-8330208.333333334,-0.4166666666666667,mpa_systolic,3942.838809139101,3942.837664265465,0.0011448736363490752,2.9036793645481233e-07,-6.968830474915496e-07
olufsen_k1,lpa,olufsen,11662291.666666666,19992500.0,-8330208.333333334,-0.4166666666666667,mpa_diastolic,4.536574339204028,4.536308204188096,0.00026613501593253375,5.866775447197957e-05,-0.00014080261073275095
olufsen_k1,lpa,olufsen,11662291.666666666,19992500.0,-8330208.333333334,-0.4166666666666667,mpa_mean,816.2102711934373,816.2097021608391,0.0005690325981504429,6.971647073588836e-07,-1.6731952976613205e-06
olufsen_k1,lpa,olufsen,11662291.666666666,19992500.0,-8330208.333333334,-0.4166666666666667,rpa_split,0.5000028031803289,0.5,2.8031803288586232e-06,5.6063606577172465e-06,-1.3455265578521391e-05
olufsen_k1,lpa,olufsen,11662291.666666666,19992500.0,-8330208.333333334,-0.4166666666666667,lpa_split,0.49999719681967114,0.5,-2.8031803288586232e-06,-5.6063606577172465e-06,1.3455265578521391e-05
olufsen_k1,lpa,olufsen,13328333.333333334,19992500.0,-6664166.666666666,-0.3333333333333333,mpa_systolic,3942.8383943840377,3942.837664265465,0.0007301185728465498,1.8517591516985978e-07,-5.555277455095793e-07
olufsen_k1,lpa,olufsen,13328333.333333334,19992500.0,-6664166.666666666,-0.3333333333333333,mpa_diastolic,4.5364816136895065,4.536308204188096,0.0001734095014107595,3.8227010512791245e-05,-0.00011468103153837374
olufsen_k1,lpa,olufsen,13328333.333333334,19992500.0,-6664166.666666666,-0.3333333333333333,mpa_mean,816.2100664584692,816.2097021608391,0.00036429763008527516,4.4632847308826535e-07,-1.3389854192647962e-06
olufsen_k1,lpa,olufsen,13328333.333333334,19992500.0,-6664166.666666666,-0.3333333333333333,rpa_split,0.5000018432165698,0.5,1.8432165698190062e-06,3.6864331396380123e-06,-1.1059299418914037e-05
olufsen_k1,lpa,olufsen,13328333.333333334,19992500.0,-6664166.666666666,-0.3333333333333333,lpa_split,0.4999981567834302,0.5,-1.8432165698190062e-06,-3.6864331396380123e-06,1.1059299418914037e-05
olufsen_k1,lpa,olufsen,14994375.0,19992500.0,-4998125.0,-0.25,mpa_systolic,3942.838090923829,3942.837664265465,0.00042665836417654646,1.0821098926882429e-07,-4.3284395707529716e-07
olufsen_k1,lpa,olufsen,14994375.0,19992500.0,-4998125.0,-0.25,mpa_diastolic,4.536412128073553,4.536308204188096,0.00010392388545721332,2.2909352887721947e-05,-9.163741155088779e-05
olufsen_k1,lpa,olufsen,14994375.0,19992500.0,-4998125.0,-0.25,mpa_mean,816.209915797387,816.2097021608391,0.00021363654786910047,2.617422303404598e-07,-1.0469689213618393e-06
olufsen_k1,lpa,olufsen,14994375.0,19992500.0,-4998125.0,-0.25,rpa_split,0.5000011183575117,0.5,1.1183575117090783e-06,2.2367150234181565e-06,-8.946860093672626e-06
olufsen_k1,lpa,olufsen,14994375.0,19992500.0,-4998125.0,-0.25,lpa_split,0.4999988816424883,0.5,-1.1183575117090783e-06,-2.2367150234181565e-06,8.946860093672626e-06
olufsen_k1,lpa,olufsen,16660416.666666668,19992500.0,-3332083.333333332,-0.1666666666666666,mpa_systolic,3942.8378781336755,3942.837664265465,0.00021386821072155726,5.424220547040961e-08,-3.254532328224578e-07
olufsen_k1,lpa,olufsen,16660416.666666668,19992500.0,-3332083.333333332,-0.1666666666666666,mpa_diastolic,4.536362005131183,4.536308204188096,5.380094308726768e-05,1.1860072258228963e-05,-7.116043354937381e-05
olufsen_k1,lpa,olufsen,16660416.666666668,19992500.0,-3332083.333333332,-0.1666666666666666,mpa_mean,816.2098096075646,816.2097021608391,0.00010744672545115463,1.3164107847125493e-07,-7.898464708275299e-07
olufsen_k1,lpa,olufsen,16660416.666666668,19992500.0,-3332083.333333332,-0.1666666666666666,rpa_split,0.5000005893099501,0.5,5.893099500609011e-07,1.1786199001218023e-06,-7.071719400730816e-06
olufsen_k1,lpa,olufsen,16660416.666666668,19992500.0,-3332083.333333332,-0.1666666666666666,lpa_split,0.49999941069004994,0.5,-5.893099500609011e-07,-1.1786199001218023e-06,7.071719400730816e-06
olufsen_k1,lpa,olufsen,18326458.333333336,19992500.0,-1666041.6666666642,-0.0833333333333332,mpa_systolic,3942.837740058765,3942.837664265465,7.579330031148857e-05,1.9223033450860716e-08,-2.3067640141032896e-07
olufsen_k1,lpa,olufsen,18326458.333333336,19992500.0,-1666041.6666666642,-0.0833333333333332,mpa_diastolic,4.536328285576738,4.536308204188096,2.008138864262321e-05,4.426813112936923e-06,-5.3121757355243164e-05
olufsen_k1,lpa,olufsen,18326458.333333336,19992500.0,-1666041.6666666642,-0.0833333333333332,mpa_mean,816.2097403401101,816.2097021608391,3.8179270973159873e-05,4.677630132560764e-08,-5.613156159072925e-07
olufsen_k1,lpa,olufsen,18326458.333333336,19992500.0,-1666041.6666666642,-0.0833333333333332,rpa_split,0.5000002249338066,0.5,2.2493380658072937e-07,4.4986761316145873e-07,-5.398411357937513e-06
olufsen_k1,lpa,olufsen,18326458.333333336,19992500.0,-1666041.6666666642,-0.0833333333333332,lpa_split,0.4999997750661934,0.5,-2.2493380658072937e-07,-4.4986761316145873e-07,5.398411357937513e-06
olufsen_k1,lpa,olufsen,19992500.0,19992500.0,0.0,0.0,mpa_systolic,3942.837664265465,3942.837664265465,0.0,0.0,0.0
olufsen_k1,lpa,olufsen,19992500.0,19992500.0,0.0,0.0,mpa_diastolic,4.536308204188096,4.536308204188096,0.0,0.0,0.0
olufsen_k1,lpa,olufsen,19992500.0,19992500.0,0.0,0.0,mpa_mean,816.2097021608391,816.2097021608391,0.0,0.0,0.0
olufsen_k1,lpa,olufsen,19992500.0,19992500.0,0.0,0.0,rpa_split,0.5,0.5,0.0,0.0,0.0
olufsen_k1,lpa,olufsen,19992500.0,19992500.0,0.0,0.0,lpa_split,0.5,0.5,0.0,0.0,0.0
olufsen_k1,lpa,olufsen,21658541.666666668,19992500.0,1666041.666666668,0.0833333333333334,mpa_systolic,3942.8376399992244,3942.837664265465,-2.4266240416181972e-05,-6.154511669630882e-09,-7.385414003557053e-08
olufsen_k1,lpa,olufsen,21658541.666666668,19992500.0,1666041.666666668,0.0833333333333334,mpa_diastolic,4.5363001575356945,4.536308204188096,-8.046652401283438e-06,-1.773832825965056e-06,-2.1285993911580656e-05
olufsen_k1,lpa,olufsen,21658541.666666668,19992500.0,1666041.666666668,0.0833333333333334,mpa_mean,816.2096899756477,816.2097021608391,-1.2185191394564754e-05,-1.4928996019412162e-08,-1.791479522329458e-07
olufsen_k1,lpa,olufsen,21658541.666666668,19992500.0,1666041.666666668,0.0833333333333334,rpa_split,0.4999998944276028,0.5,-1.05572397213205e-07,-2.1114479442641e-07,-2.5337375331169177e-06
olufsen_k1,lpa,olufsen,21658541.666666668,19992500.0,1666041.666666668,0.0833333333333334,lpa_split,0.5000001055723973,0.5,1.0557239726871614e-07,2.111447945374323e-07,2.5337375344491854e-06
olufsen_k1,lpa,olufsen,23324583.333333336,19992500.0,3332083.333333336,0.1666666666666668,mpa_systolic,3942.837658637157,3942.837664265465,-5.628307917504571e-06,-1.4274764514184235e-09,-8.564858708510534e-09
olufsen_k1,lpa,olufsen,23324583.333333336,19992500.0,3332083.333333336,0.1666666666666668,mpa_diastolic,4.536302214047876,4.536308204188096,-5.990140219402917e-06,-1.3204879275778897e-06,-7.922927565467333e-06
olufsen_k1,lpa,olufsen,23324583.333333336,19992500.0,3332083.333333336,0.1666666666666668,mpa_mean,816.2096997789125,816.2097021608391,-2.381926606176421e-06,-2.918277741456016e-09,-1.750966644873608e-08
olufsen_k1,lpa,olufsen,23324583.333333336,19992500.0,3332083.333333336,0.1666666666666668,rpa_split,0.4999998909817036,0.5,-1.0901829639031746e-07,-2.1803659278063492e-07,-1.3082195566838085e-06
olufsen_k1,lpa,olufsen,23324583.333333336,19992500.0,3332083.333333336,0.1666666666666668,lpa_split,0.5000001090182964,0.5,1.0901829639031746e-07,2.1803659278063492e-07,1.3082195566838085e-06
olufsen_k1,lpa,olufsen,24990625.0,19992500.0,4998125.0,0.25,mpa_systolic,3942.8377135578407,3942.837664265465,4.92923759338737e-05,1.2501751309879677e-08,5.0007005239518707e-08
olufsen_k1,lpa,olufsen,24990625.0,19992500.0,4998125.0,0.25,mpa_diastolic,4.536312803207674,4.536308204188096,4.599019578499508e-06,1.0138243195763275e-06,4.05529727830531e-06
olufsen_k1,lpa,olufsen,24990625.0,19992500.0,4998125.0,0.25,mpa_mean,816.2097281490969,816.2097021608391,2.5988257789322233e-05,3.184017259353906e-08,1.2736069037415625e-07
olufsen_k1,lpa,olufsen,24990625.0,19992500.0,4998125.0,0.25,rpa_split,0.49999997387390677,0.5,-2.6126093233269643e-08,-5.2252186466539285e-08,-2.0900874586615714e-07
olufsen_k1,lpa,olufsen,24990625.0,19992500.0,4998125.0,0.25,lpa_split,0.5000000261260933,0.5,2.6126093288780794e-08,5.225218657756159e-08,2.0900874631024635e-07
olufsen_k1,lpa,olufsen,26656666.666666668,19992500.0,6664166.666666668,0.33333333333333337,mpa_systolic,3942.837798964573,3942.837664265465,0.00013469910800267826,3.4162986019809204e-08,1.024889580594276e-07
olufsen_k1,lpa,olufsen,26656666.666666668,19992500.0,6664166.666666668,0.33333333333333337,mpa_diastolic,4.536331063034268,4.536308204188096,2.2858846172368885e-05,5.039085781531491e-06,1.5117257344594471e-05
olufsen_k1,lpa,olufsen,26656666.666666668,19992500.0,6664166.666666668,0.33333333333333337,mpa_mean,816.2097724375787,816.2097021608391,7.027673962056724e-05,8.610132841415157e-08,2.583039852424547e-07
olufsen_k1,lpa,olufsen,26656666.666666668,19992500.0,6664166.666666668,0.33333333333333337,rpa_split,0.5000001330549836,0.5,1.3305498358651136e-07,2.661099671730227e-07,7.98329901519068e-07
olufsen_k1,lpa,olufsen,26656666.666666668,19992500.0,6664166.666666668,0.33333333333333337,lpa_split,0.4999998669450164,0.5,-1.3305498358651136e-07,-2.661099671730227e-07,-7.98329901519068e-07
olufsen_k1,lpa,olufsen,28322708.333333336,19992500.0,8330208.333333336,0.4166666666666668,mpa_systolic,3942.8379091542647,3942.837664265465,0.00024488879989803536,6.210978507116832e-08,1.4906348417080393e-07
olufsen_k1,lpa,olufsen,28322708.333333336,19992500.0,8330208.333333336,0.4166666666666668,mpa_diastolic,4.536355826472093,4.536308204188096,4.7622283997128534e-05,1.0498026556740963e-05,2.51952637361783e-05
olufsen_k1,lpa,olufsen,28322708.333333336,19992500.0,8330208.333333336,0.4166666666666668,mpa_mean,816.2098300696737,816.2097021608391,0.00012790883454272262,1.5671074995077354e-07,3.761057998818564e-07
olufsen_k1,lpa,olufsen,28322708.333333336,19992500.0,8330208.333333336,0.4166666666666668,rpa_split,0.5000003576133215,0.5,3.576133215110744e-07,7.152266430221488e-07,1.7165439432531566e-06
olufsen_k1,lpa,olufsen,28322708.333333336,19992500.0,8330208.333333336,0.4166666666666668,lpa_split,0.4999996423866785,0.5,-3.576133215110744e-07,-7.152266430221488e-07,-1.7165439432531566e-06
olufsen_k1,lpa,olufsen,29988750.0,19992500.0,9996250.0,0.5,mpa_systolic,3942.8380410489526,3942.837664265465,0.00037678348780900706,9.556150161186013e-08,1.9112300322372027e-07
olufsen_k1,lpa,olufsen,29988750.0,19992500.0,9996250.0,0.5,mpa_diastolic,4.536386067541855,4.536308204188096,7.786335375925546e-05,1.716447610137446e-05,3.432895220274892e-05
olufsen_k1,lpa,olufsen,29988750.0,19992500.0,9996250.0,0.5,mpa_mean,816.2098992047976,816.2097021608391,0.00019704395845110412,2.4141339894569813e-07,4.828267978913963e-07
olufsen_k1,lpa,olufsen,29988750.0,19992500.0,9996250.0,0.5,rpa_split,0.5000006378529313,0.5,6.378529312511816e-07,1.2757058625023632e-06,2.5514117250047263e-06
olufsen_k1,lpa,olufsen,29988750.0,19992500.0,9996250.0,0.5,lpa_split,0.49999936214706875,0.5,-6.378529312511816e-07,-1.2757058625023632e-06,-2.5514117250047263e-06
olufsen_k1,rpa,olufsen,9996250.0,19992500.0,-9996250.0,-0.5,mpa_systolic,3942.839360473452,3942.837664265465,0.0016962079871518654,4.3019980318359423e-07,-8.603996063671885e-07
olufsen_k1,rpa,olufsen,9996250.0,19992500.0,-9996250.0,-0.5,mpa_diastolic,4.536695331824514,4.536308204188096,0.00038712763641779446,8.533980033816556e-05,-0.00017067960067633113
olufsen_k1,rpa,olufsen,9996250.0,19992500.0,-9996250.0,-0.5,mpa_mean,816.2105418555931,816.2097021608391,0.0008396947539495159,1.0287733063286337e-06,-2.0575466126572674e-06
olufsen_k1,rpa,olufsen,9996250.0,19992500.0,-9996250.0,-0.5,rpa_split,0.49999595214126913,0.5,-4.047858730871212e-06,-8.095717461742424e-06,1.619143492348485e-05
olufsen_k1,rpa,olufsen,9996250.0,19992500.0,-9996250.0,-0.5,lpa_split,0.5000040478587309,0.5,4.047858730871212e-06,8.095717461742424e-06,-1.619143492348485e-05
olufsen_k1,rpa,olufsen,11662291.666666666,19992500.0,-8330208.333333334,-0.4166666666666667,mpa_systolic,3942.838809139101,3942.837664265465,0.0011448736363490752,2.9036793645481233e-07,-6.968830474915496e-07
olufsen_k1,rpa,olufsen,11662291.666666666,19992500.0,-8330208.333333334,-0.4166666666666667,mpa_diastolic,4.536574339204029,4.536308204188096,0.0002661350159334219,5.866775447217536e-05,-0.00014080261073322087
olufsen_k1,rpa,olufsen,11662291.666666666,19992500.0,-8330208.333333334,-0.4166666666666667,mpa_mean,816.2102711934373,816.2097021608391,0.0005690325981504429,6.971647073588836e-07,-1.6731952976613205e-06
olufsen_k1,rpa,olufsen,11662291.666666666,19992500.0,-8330208.333333334,-0.4166666666666667,rpa_split,0.49999719681967103,0.5,-2.8031803289696455e-06,-5.606360657939291e-06,1.3455265579054299e-05
olufsen_k1,rpa,olufsen,11662291.666666666,19992500.0,-8330208.333333334,-0.4166666666666667,lpa_split,0.500002803180329,0.5,2.8031803289696455e-06,5.606360657939291e-06,-1.3455265579054299e-05
olufsen_k1,rpa,olufsen,13328333.333333334,19992500.0,-6664166.666666666,-0.3333333333333333,mpa_systolic,3942.8383943840377,3942.837664265465,0.0007301185728465498,1.8517591516985978e-07,-5.555277455095793e-07
olufsen_k1,rpa,olufsen,13328333.333333334,19992500.0,-6664166.666666666,-0.3333333333333333,mpa_diastolic,4.5364816136895065,4.536308204188096,0.0001734095014107595,3.8227010512791245e-05,-0.00011468103153837374
olufsen_k1,rpa,olufsen,13328333.333333334,19992500.0,-6664166.666666666,-0.3333333333333333,mpa_mean,816.2100664584692,816.2097021608391,0.00036429763008527516,4.4632847308826535e-07,-1.3389854192647962e-06
olufsen_k1,rpa,olufsen,13328333.333333334,19992500.0,-6664166.666666666,-0.3333333333333333,rpa_split,0.4999981567834299,0.5,-1.843216570096562e-06,-3.686433140193124e-06,1.1059299420579372e-05
olufsen_k1,rpa,olufsen,13328333.333333334,19992500.0,-6664166.666666666,-0.3333333333333333,lpa_split,0.50000184321657,0.5,1.8432165700410508e-06,3.6864331400821015e-06,-1.1059299420246305e-05
olufsen_k1,rpa,olufsen,14994375.0,19992500.0,-4998125.0,-0.25,mpa_systolic,3942.838090923829,3942.837664265465,0.00042665836417654646,1.0821098926882429e-07,-4.3284395707529716e-07
olufsen_k1,rpa,olufsen,14994375.0,19992500.0,-4998125.0,-0.25,mpa_diastolic,4.536412128073552,4.536308204188096,0.00010392388545632514,2.2909352887526153e-05,-9.163741155010461e-05
olufsen_k1,rpa,olufsen,14994375.0,19992500.0,-4998125.0,-0.25,mpa_mean,816.209915797387,816.2097021608391,0.00021363654786910047,2.617422303404598e-07,-1.0469689213618393e-06
olufsen_k1,rpa,olufsen,14994375.0,19992500.0,-4998125.0,-0.25,rpa_split,0.49999888164248824,0.5,-1.1183575117645894e-06,-2.236715023529179e-06,8.946860094116715e-06
olufsen_k1,rpa,olufsen,14994375.0,19992500.0,-4998125.0,-0.25,lpa_split,0.5000011183575117,0.5,1.1183575117090783e-06,2.2367150234181565e-06,-8.946860093672626e-06
olufsen_k1,rpa,olufsen,16660416.666666668,19992500.0,-3332083.333333332,-0.1666666666666666,mpa_systolic,3942.8378781336755,3942.837664265465,0.00021386821072155726,5.424220547040961e-08,-3.254532328224578e-07
olufsen_k1,rpa,olufsen,16660416.666666668,19992500.0,-3332083.333333332,-0.1666666666666666,mpa_diastolic,4.536362005131183,4.536308204188096,5.380094308726768e-05,1.1860072258228963e-05,-7.116043354937381e-05
olufsen_k1,rpa,olufsen,16660416.666666668,19992500.0,-3332083.333333332,-0.1666666666666666,mpa_mean,816.2098096075646,816.2097021608391,0.00010744672545115463,1.3164107847125493e-07,-7.898464708275299e-07
olufsen_k1,rpa,olufsen,16660416.666666668,19992500.0,-3332083.333333332,-0.1666666666666666,rpa_split,0.49999941069004983,0.5,-5.893099501719234e-07,-1.1786199003438469e-06,7.071719402063084e-06
olufsen_k1,rpa,olufsen,16660416.666666668,19992500.0,-3332083.333333332,-0.1666666666666666,lpa_split,0.5000005893099502,0.5,5.893099501719234e-07,1.1786199003438469e-06,-7.071719402063084e-06
olufsen_k1,rpa,olufsen,18326458.333333336,19992500.0,-1666041.6666666642,-0.0833333333333332,mpa_systolic,3942.837740058765,3942.837664265465,7.579330031148857e-05,1.9223033450860716e-08,-2.3067640141032896e-07
olufsen_k1,rpa,olufsen,18326458.333333336,19992500.0,-1666041.6666666642,-0.0833333333333332,mpa_diastolic,4.5363282855767375,4.536308204188096,2.0081388641735032e-05,4.426813112741131e-06,-5.312175735289365e-05
olufsen_k1,rpa,olufsen,18326458.333333336,19992500.0,-1666041.6666666642,-0.0833333333333332,mpa_mean,816.2097403401101,816.2097021608391,3.8179270973159873e-05,4.677630132560764e-08,-5.613156159072925e-07
olufsen_k1,rpa,olufsen,18326458.333333336,19992500.0,-1666041.6666666642,-0.0833333333333332,rpa_split,0.4999997750661936,0.5,-2.2493380641419591e-07,-4.4986761282839183e-07,5.39841135394071e-06
olufsen_k1,rpa,olufsen,18326458.333333336,19992500.0,-1666041.6666666642,-0.0833333333333332,lpa_split,0.5000002249338065,0.5,2.2493380646970706e-07,4.4986761293941413e-07,-5.398411355272978e-06
olufsen_k1,rpa,olufsen,19992500.0,19992500.0,0.0,0.0,mpa_systolic,3942.837664265465,3942.837664265465,0.0,0.0,0.0
olufsen_k1,rpa,olufsen,19992500.0,19992500.0,0.0,0.0,mpa_diastolic,4.536308204188096,4.536308204188096,0.0,0.0,0.0
olufsen_k1,rpa,olufsen,19992500.0,19992500.0,0.0,0.0,mpa_mean,816.2097021608391,816.2097021608391,0.0,0.0,0.0
olufsen_k1,rpa,olufsen,19992500.0,19992500.0,0.0,0.0,rpa_split,0.5,0.5,0.0,0.0,0.0
olufsen_k1,rpa,olufsen,19992500.0,19992500.0,0.0,0.0,lpa_split,0.5,0.5,0.0,0.0,0.0
olufsen_k1,rpa,olufsen,21658541.666666668,19992500.0,1666041.666666668,0.0833333333333334,mpa_systolic,3942.8376399992244,3942.837664265465,-2.4266240416181972e-05,-6.154511669630882e-09,-7.385414003557053e-08
olufsen_k1,rpa,olufsen,21658541.666666668,19992500.0,1666041.666666668,0.0833333333333334,mpa_diastolic,4.5363001575356945,4.536308204188096,-8.046652401283438e-06,-1.773832825965056e-06,-2.1285993911580656e-05
olufsen_k1,rpa,olufsen,21658541.666666668,19992500.0,1666041.666666668,0.0833333333333334,mpa_mean,816.2096899756477,816.2097021608391,-1.2185191394564754e-05,-1.4928996019412162e-08,-1.791479522329458e-07
olufsen_k1,rpa,olufsen,21658541.666666668,19992500.0,1666041.666666668,0.0833333333333334,rpa_split,0.5000001055723972,0.5,1.0557239715769384e-07,2.1114479431538768e-07,2.53373753178465e-06
olufsen_k1,rpa,olufsen,21658541.666666668,19992500.0,1666041.666666668,0.0833333333333334,lpa_split,0.49999989442760284,0.5,-1.0557239715769384e-07,-2.1114479431538768e-07,-2.53373753178465e-06
olufsen_k1,rpa,olufsen,23324583.333333336,19992500.0,3332083.333333336,0.1666666666666668,mpa_systolic,3942.837658637157,3942.837664265465,-5.628307917504571e-06,-1.4274764514184235e-09,-8.564858708510534e-09
olufsen_k1,rpa,olufsen,23324583.333333336,19992500.0,3332083.333333336,0.1666666666666668,mpa_diastolic,4.536302214047877,4.536308204188096,-5.990140218514739e-06,-1.3204879273820966e-06,-7.922927564292574e-06
olufsen_k1,rpa,olufsen,23324583.333333336,19992500.0,3332083.333333336,0.1666666666666668,mpa_mean,816.2096997789125,816.2097021608391,-2.381926606176421e-06,-2.918277741456016e-09,-1.750966644873608e-08
olufsen_k1,rpa,olufsen,23324583.333333336,19992500.0,3332083.333333336,0.1666666666666668,rpa_split,0.5000001090182964,0.5,1.0901829639031746e-07,2.1803659278063492e-07,1.3082195566838085e-06
olufsen_k1,rpa,olufsen,23324583.333333336,19992500.0,3332083.333333336,0.1666666666666668,lpa_split,0.4999998909817036,0.5,-1.0901829639031746e-07,-2.1803659278063492e-07,-1.3082195566838085e-06
olufsen_k1,rpa,olufsen,24990625.0,19992500.0,4998125.0,0.25,mpa_systolic,3942.8377135578407,3942.837664265465,4.92923759338737e-05,1.2501751309879677e-08,5.0007005239518707e-08
olufsen_k1,rpa,olufsen,24990625.0,19992500.0,4998125.0,0.25,mpa_diastolic,4.536312803207673,4.536308204188096,4.59901957761133e-06,1.0138243193805342e-06,4.055297277522137e-06
olufsen_k1,rpa,olufsen,24990625.0,19992500.0,4998125.0,0.25,mpa_mean,816.2097281490967,816.2097021608391,2.5988257561948558e-05,3.184017231496644e-08,1.2736068925986577e-07
olufsen_k1,rpa,olufsen,24990625.0,19992500.0,4998125.0,0.25,rpa_split,0.5000000261260932,0.5,2.612609317775849e-08,5.225218635551698e-08,2.0900874542206793e-07
olufsen_k1,rpa,olufsen,24990625.0,19992500.0,4998125.0,0.25,lpa_split,0.4999999738739068,0.5,-2.612609317775849e-08,-5.225218635551698e-08,-2.0900874542206793e-07
olufsen_k1,rpa,olufsen,26656666.666666668,19992500.0,6664166.666666668,0.33333333333333337,mpa_systolic,3942.837798964573,3942.837664265465,0.00013469910800267826,3.4162986019809204e-08,1.024889580594276e-07
olufsen_k1,rpa,olufsen,26656666.666666668,19992500.0,6664166.666666668,0.33333333333333337,mpa_diastolic,4.536331063034268,4.536308204188096,2.2858846172368885e-05,5.039085781531491e-06,1.5117257344594471e-05
olufsen_k1,rpa,olufsen,26656666.666666668,19992500.0,6664166.666666668,0.33333333333333337,mpa_mean,816.2097724375787,816.2097021608391,7.027673962056724e-05,8.610132841415157e-08,2.583039852424547e-07
olufsen_k1,rpa,olufsen,26656666.666666668,19992500.0,6664166.666666668,0.33333333333333337,rpa_split,0.49999986694501636,0.5,-1.330549836420225e-07,-2.66109967284045e-07,-7.983299018521349e-07
olufsen_k1,rpa,olufsen,26656666.666666668,19992500.0,6664166.666666668,0.33333333333333337,lpa_split,0.5000001330549837,0.5,1.3305498369753366e-07,2.661099673950673e-07,7.983299021852018e-07
olufsen_k1,rpa,olufsen,28322708.333333336,19992500.0,8330208.333333336,0.4166666666666668,mpa_systolic,3942.8379091542647,3942.837664265465,0.00024488879989803536,6.210978507116832e-08,1.4906348417080393e-07
olufsen_k1,rpa,olufsen,28322708.333333336,19992500.0,8330208.333333336,0.4166666666666668,mpa_diastolic,4.536355826472093,4.536308204188096,4.7622283997128534e-05,1.0498026556740963e-05,2.51952637361783e-05
olufsen_k1,rpa,olufsen,28322708.333333336,19992500.0,8330208.333333336,0.4166666666666668,mpa_mean,816.2098300696737,816.2097021608391,0.00012790883454272262,1.5671074995077354e-07,3.761057998818564e-07
olufsen_k1,rpa,olufsen,28322708.333333336,19992500.0,8330208.333333336,0.4166666666666668,rpa_split,0.4999996423866785,0.5,-3.576133215110744e-07,-7.152266430221488e-07,-1.7165439432531566e-06
olufsen_k1,rpa,olufsen,28322708.333333336,19992500.0,8330208.333333336,0.4166666666666668,lpa_split,0.5000003576133215,0.5,3.576133215110744e-07,7.152266430221488e-07,1.7165439432531566e-06
olufsen_k1,rpa,olufsen,29988750.0,19992500.0,9996250.0,0.5,mpa_systolic,3942.8380410489526,3942.837664265465,0.00037678348780900706,9.556150161186013e-08,1.9112300322372027e-07
olufsen_k1,rpa,olufsen,29988750.0,19992500.0,9996250.0,0.5,mpa_diastolic,4.536386067541855,4.536308204188096,7.786335375925546e-05,1.716447610137446e-05,3.432895220274892e-05
olufsen_k1,rpa,olufsen,29988750.0,19992500.0,9996250.0,0.5,mpa_mean,816.2098992047976,816.2097021608391,0.00019704395845110412,2.4141339894569813e-07,4.828267978913963e-07
olufsen_k1,rpa,olufsen,29988750.0,19992500.0,9996250.0,0.5,rpa_split,0.4999993621470687,0.5,-6.378529313066927e-07,-1.2757058626133855e-06,-2.551411725226771e-06
olufsen_k1,rpa,olufsen,29988750.0,19992500.0,9996250.0,0.5,lpa_split,0.5000006378529314,0.5,6.378529313622039e-07,1.2757058627244078e-06,2.5514117254488156e-06
olufsen_k2,lpa,olufsen,-38.29005,-25.5267,-12.763349999999999,0.49999999999999994,mpa_systolic,3942.842016118414,3942.837664265465,0.004351852949184831,1.1037362731482287e-06,2.207472546296458e-06
olufsen_k2,lpa,olufsen,-38.29005,-25.5267,-12.763349999999999,0.49999999999999994,mpa_diastolic,4.537444384764525,4.536308204188096,0.0011361805764291688,0.0002504637086563481,0.0005009274173126963
olufsen_k2,lpa,olufsen,-38.29005,-25.5267,-12.763349999999999,0.49999999999999994,mpa_mean,816.2119942241819,816.2097021608391,0.0022920633427929715,2.808179487115808e-06,5.616358974231617e-06
olufsen_k2,lpa,olufsen,-38.29005,-25.5267,-12.763349999999999,0.49999999999999994,rpa_split,0.5000115022129105,0.5,1.1502212910463605e-05,2.300442582092721e-05,4.600885164185443e-05
olufsen_k2,lpa,olufsen,-38.29005,-25.5267,-12.763349999999999,0.49999999999999994,lpa_split,0.49998849778708954,0.5,-1.1502212910463605e-05,-2.300442582092721e-05,-4.600885164185443e-05
olufsen_k2,lpa,olufsen,-36.162825,-25.5267,-10.636124999999996,0.4166666666666665,mpa_systolic,3942.8409546410217,3942.837664265465,0.003290375556844083,8.345196624921323e-07,2.002847189981118e-06
olufsen_k2,lpa,olufsen,-36.162825,-25.5267,-10.636124999999996,0.4166666666666665,mpa_diastolic,4.537244568486391,4.536308204188096,0.0009363642982949116,0.000206415493865788,0.0004953971852778914
olufsen_k2,lpa,olufsen,-36.162825,-25.5267,-10.636124999999996,0.4166666666666665,mpa_mean,816.2114996086455,816.2097021608391,0.0017974478063251809,2.202188728664466e-06,5.28525294879472e-06
olufsen_k2,lpa,olufsen,-36.162825,-25.5267,-10.636124999999996,0.4166666666666665,rpa_split,0.5000094400637756,0.5,9.440063775567609e-06,1.8880127551135217e-05,4.5312306122724537e-05
olufsen_k2,lpa,olufsen,-36.162825,-25.5267,-10.636124999999996,0.4166666666666665,lpa_split,0.49999055993622443,0.5,-9.440063775567609e-06,-1.8880127551135217e-05,-4.5312306122724537e-05
olufsen_k2,lpa,olufsen,-34.0356,-25.5267,-8.5089,0.3333333333333333,mpa_systolic,3942.8398237912934,3942.837664265465,0.0021595258285742602,5.477085318897022e-07,1.6431255956691067e-06
olufsen_k2,lpa,olufsen,-34.0356,-25.5267,-8.5089,0.3333333333333333,mpa_diastolic,4.5370220589312815,4.536308204188096,0.0007138547431857489,0.0001573646919595742,0.0004720940758787226
olufsen_k2,lpa,olufsen,-34.0356,-25.5267,-8.5089,0.3333333333333333,mpa_mean,816.2109643548549,816.2097021608391,0.0012621940157941935,1.5464089834421872e-06,4.639226950326562e-06
olufsen_k2,lpa,olufsen,-34.0356,-25.5267,-8.5089,0.3333333333333333,rpa_split,0.500007150314342,0.5,7.150314341952679e-06,1.4300628683905359e-05,4.2901886051716076e-05
olufsen_k2,lpa,olufsen,-34.0356,-25.5267,-8.5089,0.3333333333333333,lpa_split,0.49999284968565805,0.5,-7.150314341952679e-06,-1.4300628683905359e-05,-4.2901886051716076e-05
olufsen_k2,lpa,olufsen,-31.908375,-25.5267,-6.381674999999998,0.2499999999999999,mpa_systolic,3942.8387021633685,3942.837664265465,0.0010378979036431701,2.6323627600745427e-07,1.0529451040298175e-06
olufsen_k2,lpa,olufsen,-31.908375,-25.5267,-6.381674999999998,0.2499999999999999,mpa_diastolic,4.536785087185163,4.536308204188096,0.0004768829970673849,0.00010512579295805078,0.0004205031718322033
olufsen_k2,lpa,olufsen,-31.908375,-25.5267,-6.381674999999998,0.2499999999999999,mpa_mean,816.2104197479506,816.2097021608391,0.0007175871114668553,8.791700338370277e-07,3.5166801353481125e-06
olufsen_k2,lpa,olufsen,-31.908375,-25.5267,-6.381674999999998,0.2499999999999999,rpa_split,0.5000047240752464,0.5,4.724075246431703e-06,9.448150492863405e-06,3.7792601971453635e-05
olufsen_k2,lpa,olufsen,-31.908375,-25.5267,-6.381674999999998,0.2499999999999999,lpa_split,0.49999527592475357,0.5,-4.724075246431703e-06,-9.448150492863405e-06,-3.7792601971453635e-05
olufsen_k2,lpa,olufsen,-29.781150000000004,-25.5267,-4.254450000000002,0.16666666666666674,mpa_systolic,3942.8377453890885,3942.837664265465,8.112362365864101e-05,2.0574933732087604e-08,1.2344960239252557e-07
olufsen_k2,lpa,olufsen,-29.781150000000004,-25.5267,-4.254450000000002,0.16666666666666674,mpa_diastolic,4.536553892130267,4.536308204188096,0.00024568794217127987,5.416032842399272e-05,0.00032496197054395615
olufsen_k2,lpa,olufsen,-29.781150000000004,-25.5267,-4.254450000000002,0.16666666666666674,mpa_mean,816.209930776488,816.2097021608391,0.00022861564889353758,2.8009425554278384e-07,1.6805655332567023e-06
olufsen_k2,lpa,olufsen,-29.781150000000004,-25.5267,-4.254450000000002,0.16666666666666674,rpa_split,0.5000023755180089,0.5,2.375518008856936e-06,4.751036017713872e-06,2.850621610628322e-05
olufsen_k2,lpa,olufsen,-29.781150000000004,-25.5267,-4.254450000000002,0.16666666666666674,lpa_split,0.49999762448199114,0.5,-2.375518008856936e-06,-4.751036017713872e-06,-2.850621610628322e-05
olufsen_k2,lpa,olufsen,-27.653925,-25.5267,-2.1272249999999993,0.0833333333333333,mpa_systolic,3942.8372372717513,3942.837664265465,-0.0004269937135177315,-1.0829604205814515e-07,-1.2995525046977422e-06
olufsen_k2,lpa,olufsen,-27.653925,-25.5267,-2.1272249999999993,0.0833333333333333,mpa_diastolic,4.536369794257843,4.536308204188096,6.15900697473748e-05,1.3577135189031569e-05,0.00016292562226837888
olufsen_k2,lpa,olufsen,-27.653925,-25.5267,-2.1272249999999993,0.0833333333333333,mpa_mean,816.2096199177153,816.2097021608391,-8.224312387028476e-05,-1.007622473153085e-07,-1.2091469677837024e-06
olufsen_k2,lpa,olufsen,-27.653925,-25.5267,-2.1272249999999993,0.0833333333333333,rpa_split,0.5000005371948734,0.5,5.371948733623455e-07,1.074389746724691e-06,1.2892676960696297e-05
olufsen_k2,lpa,olufsen,-27.653925,-25.5267,-2.1272249999999993,0.0833333333333333,lpa_split,0.49999946280512664,0.5,-5.371948733623455e-07,-1.074389746724691e-06,-1.2892676960696297e-05
olufsen_k2,lpa,olufsen,-25.5267,-25.5267,0.0,-0.0,mpa_systolic,3942.837664265465,3942.837664265465,0.0,0.0,0.0
olufsen_k2,lpa,olufsen,-25.5267,-25.5267,0.0,-0.0,mpa_diastolic,4.536308204188096,4.536308204188096,0.0,0.0,0.0
olufsen_k2,lpa,olufsen,-25.5267,-25.5267,0.0,-0.0,mpa_mean,816.2097021608391,816.2097021608391,0.0,0.0,0.0
olufsen_k2,lpa,olufsen,-25.5267,-25.5267,0.0,-0.0,rpa_split,0.5,0.5,0.0,0.0,0.0
olufsen_k2,lpa,olufsen,-25.5267,-25.5267,0.0,-0.0,lpa_split,0.5,0.5,0.0,0.0,0.0
olufsen_k2,lpa,olufsen,-23.399475000000002,-25.5267,2.1272249999999993,-0.0833333333333333,mpa_systolic,3942.839803198946,3942.837664265465,0.0021389334810919536,5.424858092630675e-07,-6.509829711156813e-06
olufsen_k2,lpa,olufsen,-23.399475000000002,-25.5267,2.1272249999999993,-0.0833333333333333,mpa_diastolic,4.536499013049554,4.536308204188096,0.00019080886145861342,4.2062587652763824e-05,-0.0005047510518331661
olufsen_k2,lpa,olufsen,-23.399475000000002,-25.5267,2.1272249999999993,-0.0833333333333333,mpa_mean,816.2105296752618,816.2097021608391,0.0008275144226672637,1.0138502647989805e-06,-1.2166203177587771e-05
olufsen_k2,lpa,olufsen,-23.399475000000002,-25.5267,2.1272249999999993,-0.0833333333333333,rpa_split,0.5000021167495681,0.5,2.1167495680707304e-06,4.233499136141461e-06,-5.080198963369755e-05
olufsen_k2,lpa,olufsen,-23.399475000000002,-25.5267,2.1272249999999993,-0.0833333333333333,lpa_split,0.49999788325043193,0.5,-2.1167495680707304e-06,-4.233499136141461e-06,5.080198963369755e-05
olufsen_k2,lpa,olufsen,-21.272250000000003,-25.5267,4.2544499999999985,-0.1666666666666666,mpa_systolic,3942.8448086164326,3942.837664265465,0.007144350967791979,1.8119820231358534e-06,-1.0871892138815124e-05
olufsen_k2,lpa,olufsen,-21.272250000000003,-25.5267,4.2544499999999985,-0.1666666666666666,mpa_diastolic,4.5371409392741935,4.536308204188096,0.0008327350860977134,0.00018357109980510143,-0.001101426598830609
olufsen_k2,lpa,olufsen,-21.272250000000003,-25.5267,4.2544499999999985,-0.1666666666666666,mpa_mean,816.2126365960575,816.2097021608391,0.002934435218321596,3.5951976686297067e-06,-2.1571186011778247e-05
olufsen_k2,lpa,olufsen,-21.272250000000003,-25.5267,4.2544499999999985,-0.1666666666666666,rpa_split,0.500008991268505,0.5,8.991268504954242e-06,1.7982537009908484e-05,-0.00010789522205945094
olufsen_k2,lpa,olufsen,-21.272250000000003,-25.5267,4.2544499999999985,-0.1666666666666666,lpa_split,0.49999100873149505,0.5,-8.991268504954242e-06,-1.7982537009908484e-05,0.00010789522205945094
olufsen_k2,lpa,olufsen,-19.145025000000004,-25.5267,6.381674999999998,-0.2499999999999999,mpa_systolic,3942.8543166551003,3942.837664265465,0.01665238963551019,4.223453018731489e-06,-1.6893812074925963e-05
olufsen_k2,lpa,olufsen,-19.145025000000004,-25.5267,6.381674999999998,-0.2499999999999999,mpa_diastolic,4.5385029580752265,4.536308204188096,0.0021947538871307515,0.0004838193941726599,-0.0019352775766906406
olufsen_k2,lpa,olufsen,-19.145025000000004,-25.5267,6.381674999999998,-0.2499999999999999,mpa_mean,816.2167779973653,816.2097021608391,0.007075836526155399,8.66914042729801e-06,-3.4676561709192056e-05
olufsen_k2,lpa,olufsen,-19.145025000000004,-25.5267,6.381674999999998,-0.2499999999999999,rpa_split,0.5000235689477096,0.5,2.3568947709606825e-05,4.713789541921365e-05,-0.00018855158167685468
olufsen_k2,lpa,olufsen,-19.145025000000004,-25.5267,6.381674999999998,-0.2499999999999999,lpa_split,0.4999764310522904,0.5,-2.3568947709606825e-05,-4.713789541921365e-05,0.00018855158167685468
olufsen_k2,lpa,olufsen,-17.017800000000005,-25.5267,8.508899999999997,-0.3333333333333332,mpa_systolic,3942.8709041508773,3942.837664265465,0.033239885412513104,8.430447368850922e-06,-2.5291342106552775e-05
olufsen_k2,lpa,olufsen,-17.017800000000005,-25.5267,8.508899999999997,-0.3333333333333332,mpa_diastolic,4.540878323562013,4.536308204188096,0.004570119373917159,0.0010074534551461577,-0.003022360365438474
olufsen_k2,lpa,olufsen,-17.017800000000005,-25.5267,8.508899999999997,-0.3333333333333332,mpa_mean,816.2240411678453,816.2097021608391,0.014339007006128668,1.7567797795306136e-05,-5.270339338591843e-05
olufsen_k2,lpa,olufsen,-17.017800000000005,-25.5267,8.508899999999997,-0.3333333333333332,rpa_split,0.5000494717127322,0.5,4.947171273217421e-05,9.894342546434842e-05,-0.0002968302763930454
olufsen_k2,lpa,olufsen,-17.017800000000005,-25.5267,8.508899999999997,-0.3333333333333332,lpa_split,0.4999505282872678,0.5,-4.947171273217421e-05,-9.894342546434842e-05,0.0002968302763930454
olufsen_k2,lpa,olufsen,-14.890575000000005,-25.5267,10.636124999999996,-0.4166666666666665,mpa_systolic,3942.9002865591683,3942.837664265465,0.06262229370349814,1.58825442576684e-05,-3.811810621840418e-05
olufsen_k2,lpa,olufsen,-14.890575000000005,-25.5267,10.636124999999996,-0.4166666666666665,mpa_diastolic,4.544479254960445,4.536308204188096,0.00817105077234892,0.0018012556476663312,-0.004323013554399196
olufsen_k2,lpa,olufsen,-14.890575000000005,-25.5267,10.636124999999996,-0.4166666666666665,mpa_mean,816.2364213038999,816.2097021608391,0.02671914306074541,3.2735635205032444e-05,-7.856552449207789e-05
olufsen_k2,lpa,olufsen,-14.890575000000005,-25.5267,10.636124999999996,-0.4166666666666665,rpa_split,0.5000907939172732,0.5,9.079391727317976e-05,0.00018158783454635952,-0.000435810802911263
olufsen_k2,lpa,olufsen,-14.890575000000005,-25.5267,10.636124999999996,-0.4166666666666665,lpa_split,0.4999092060827268,0.5,-9.079391727317976e-05,-0.00018158783454635952,0.000435810802911263
olufsen_k2,lpa,olufsen,-12.76335,-25.5267,12.76335,-0.5,mpa_systolic,3942.958085217646,3942.837664265465,0.12042095218112081,3.054169672581606e-05,-6.108339345163213e-05
olufsen_k2,lpa,olufsen,-12.76335,-25.5267,12.76335,-0.5,mpa_diastolic,4.5493011684480305,4.536308204188096,0.01299296425993468,0.002864215497513831,-0.005728430995027662
olufsen_k2,lpa,olufsen,-12.76335,-25.5267,12.76335,-0.5,mpa_mean,816.2586893734458,816.2097021608391,0.04898721260667571,6.0017924899675454e-05,-0.00012003584979935091
olufsen_k2,lpa,olufsen,-12.76335,-25.5267,12.76335,-0.5,rpa_split,0.5001528059500686,0.5,0.00015280595006861297,0.00030561190013722594,-0.0006112238002744519
olufsen_k2,lpa,olufsen,-12.76335,-25.5267,12.76335,-0.5,lpa_split,0.4998471940499314,0.5,-0.00015280595006861297,-0.00030561190013722594,0.0006112238002744519
olufsen_k2,rpa,olufsen,-38.29005,-25.5267,-12.763349999999999,0.49999999999999994,mpa_systolic,3942.842016118414,3942.837664265465,0.004351852949184831,1.1037362731482287e-06,2.207472546296458e-06
olufsen_k2,rpa,olufsen,-38.29005,-25.5267,-12.763349999999999,0.49999999999999994,mpa_diastolic,4.537444384764526,4.536308204188096,0.001136180576430057,0.0002504637086565439,0.0005009274173130879
olufsen_k2,rpa,olufsen,-38.29005,-25.5267,-12.763349999999999,0.49999999999999994,mpa_mean,816.2119942241819,816.2097021608391,0.0022920633427929715,2.808179487115808e-06,5.616358974231617e-06
olufsen_k2,rpa,olufsen,-38.29005,-25.5267,-12.763349999999999,0.49999999999999994,rpa_split,0.4999884977870894,0.5,-1.1502212910574627e-05,-2.3004425821149255e-05,-4.6008851642298516e-05
olufsen_k2,rpa,olufsen,-38.29005,-25.5267,-12.763349999999999,0.49999999999999994,lpa_split,0.5000115022129106,0.5,1.1502212910574627e-05,2.3004425821149255e-05,4.6008851642298516e-05
olufsen_k2,rpa,olufsen,-36.162825,-25.5267,-10.636124999999996,0.4166666666666665,mpa_systolic,3942.840954641022,3942.837664265465,0.0032903755572988302,8.345196626074673e-07,2.0028471902579224e-06
olufsen_k2,rpa,olufsen,-36.162825,-25.5267,-10.636124999999996,0.4166666666666665,mpa_diastolic,4.5372445684863925,4.536308204188096,0.000936364298296688,0.00020641549386617958,0.0004953971852788312
olufsen_k2,rpa,olufsen,-36.162825,-25.5267,-10.636124999999996,0.4166666666666665,mpa_mean,816.2114996086455,816.2097021608391,0.0017974478063251809,2.202188728664466e-06,5.28525294879472e-06
olufsen_k2,rpa,olufsen,-36.162825,-25.5267,-10.636124999999996,0.4166666666666665,rpa_split,0.49999055993622427,0.5,-9.440063775734142e-06,-1.8880127551468284e-05,-4.53123061235239e-05
olufsen_k2,rpa,olufsen,-36.162825,-25.5267,-10.636124999999996,0.4166666666666665,lpa_split,0.5000094400637758,0.5,9.440063775789653e-06,1.8880127551579307e-05,4.5312306123790355e-05
olufsen_k2,rpa,olufsen,-34.0356,-25.5267,-8.5089,0.3333333333333333,mpa_systolic,3942.8398237912934,3942.837664265465,0.0021595258285742602,5.477085318897022e-07,1.6431255956691067e-06
olufsen_k2,rpa,olufsen,-34.0356,-25.5267,-8.5089,0.3333333333333333,mpa_diastolic,4.5370220589312815,4.536308204188096,0.0007138547431857489,0.0001573646919595742,0.0004720940758787226
olufsen_k2,rpa,olufsen,-34.0356,-25.5267,-8.5089,0.3333333333333333,mpa_mean,816.2109643548549,816.2097021608391,0.0012621940157941935,1.5464089834421872e-06,4.639226950326562e-06
olufsen_k2,rpa,olufsen,-34.0356,-25.5267,-8.5089,0.3333333333333333,rpa_split,0.4999928496856578,0.5,-7.150314342174724e-06,-1.4300628684349448e-05,-4.2901886053048344e-05
olufsen_k2,rpa,olufsen,-34.0356,-25.5267,-8.5089,0.3333333333333333,lpa_split,0.5000071503143422,0.5,7.150314342174724e-06,1.4300628684349448e-05,4.2901886053048344e-05
olufsen_k2,rpa,olufsen,-31.908375,-25.5267,-6.381674999999998,0.2499999999999999,mpa_systolic,3942.8387021633685,3942.837664265465,0.0010378979036431701,2.6323627600745427e-07,1.0529451040298175e-06
olufsen_k2,rpa,olufsen,-31.908375,-25.5267,-6.381674999999998,0.2499999999999999,mpa_diastolic,4.536785087185164,4.536308204188096,0.0004768829970682731,0.00010512579295824657,0.00042050317183298645
olufsen_k2,rpa,olufsen,-31.908375,-25.5267,-6.381674999999998,0.2499999999999999,mpa_mean,816.2104197479504,816.2097021608391,0.0007175871112394816,8.791700335584551e-07,3.516680134233822e-06
olufsen_k2,rpa,olufsen,-31.908375,-25.5267,-6.381674999999998,0.2499999999999999,rpa_split,0.4999952759247537,0.5,-4.72407524632068e-06,-9.44815049264136e-06,-3.7792601970565456e-05
olufsen_k2,rpa,olufsen,-31.908375,-25.5267,-6.381674999999998,0.2499999999999999,lpa_split,0.5000047240752463,0.5,4.72407524632068e-06,9.44815049264136e-06,3.7792601970565456e-05
olufsen_k2,rpa,olufsen,-29.781150000000004,-25.5267,-4.254450000000002,0.16666666666666674,mpa_systolic,3942.8377453890885,3942.837664265465,8.112362365864101e-05,2.0574933732087604e-08,1.2344960239252557e-07
olufsen_k2,rpa,olufsen,-29.781150000000004,-25.5267,-4.254450000000002,0.16666666666666674,mpa_diastolic,4.536553892130269,4.536308204188096,0.00024568794217305623,5.41603284243843e-05,0.00032496197054630567
olufsen_k2,rpa,olufsen,-29.781150000000004,-25.5267,-4.254450000000002,0.16666666666666674,mpa_mean,816.209930776488,816.2097021608391,0.00022861564889353758,2.8009425554278384e-07,1.6805655332567023e-06
olufsen_k2,rpa,olufsen,-29.781150000000004,-25.5267,-4.254450000000002,0.16666666666666674,rpa_split,0.4999976244819911,0.5,-2.3755180089124472e-06,-4.7510360178248945e-06,-2.8506216106949353e-05
olufsen_k2,rpa,olufsen,-29.781150000000004,-25.5267,-4.254450000000002,0.16666666666666674,lpa_split,0.500002375518009,0.5,2.3755180089679584e-06,4.751036017935917e-06,2.8506216107615487e-05
olufsen_k2,rpa,olufsen,-27.653925,-25.5267,-2.1272249999999993,0.0833333333333333,mpa_systolic,3942.8372372717513,3942.837664265465,-0.0004269937135177315,-1.0829604205814515e-07,-1.2995525046977422e-06
olufsen_k2,rpa,olufsen,-27.653925,-25.5267,-2.1272249999999993,0.0833333333333333,mpa_diastolic,4.536369794257843,4.536308204188096,6.15900697473748e-05,1.3577135189031569e-05,0.00016292562226837888
olufsen_k2,rpa,olufsen,-27.653925,-25.5267,-2.1272249999999993,0.0833333333333333,mpa_mean,816.2096199177153,816.2097021608391,-8.224312387028476e-05,-1.007622473153085e-07,-1.2091469677837024e-06
olufsen_k2,rpa,olufsen,-27.653925,-25.5267,-2.1272249999999993,0.0833333333333333,rpa_split,0.4999994628051266,0.5,-5.371948734178567e-07,-1.0743897468357133e-06,-1.2892676962028565e-05
olufsen_k2,rpa,olufsen,-27.653925,-25.5267,-2.1272249999999993,0.0833333333333333,lpa_split,0.5000005371948735,0.5,5.371948734733678e-07,1.0743897469467356e-06,1.2892676963360832e-05
olufsen_k2,rpa,olufsen,-25.5267,-25.5267,0.0,-0.0,mpa_systolic,3942.837664265465,3942.837664265465,0.0,0.0,0.0
olufsen_k2,rpa,olufsen,-25.5267,-25.5267,0.0,-0.0,mpa_diastolic,4.536308204188096,4.536308204188096,0.0,0.0,0.0
olufsen_k2,rpa,olufsen,-25.5267,-25.5267,0.0,-0.0,mpa_mean,816.2097021608391,816.2097021608391,0.0,0.0,0.0
olufsen_k2,rpa,olufsen,-25.5267,-25.5267,0.0,-0.0,rpa_split,0.5,0.5,0.0,0.0,0.0
olufsen_k2,rpa,olufsen,-25.5267,-25.5267,0.0,-0.0,lpa_split,0.5,0.5,0.0,0.0,0.0
olufsen_k2,rpa,olufsen,-23.399475000000002,-25.5267,2.1272249999999993,-0.0833333333333333,mpa_systolic,3942.839803198946,3942.837664265465,0.0021389334810919536,5.424858092630675e-07,-6.509829711156813e-06
olufsen_k2,rpa,olufsen,-23.399475000000002,-25.5267,2.1272249999999993,-0.0833333333333333,mpa_diastolic,4.536499013049554,4.536308204188096,0.00019080886145861342,4.2062587652763824e-05,-0.0005047510518331661
olufsen_k2,rpa,olufsen,-23.399475000000002,-25.5267,2.1272249999999993,-0.0833333333333333,mpa_mean,816.2105296752618,816.2097021608391,0.0008275144226672637,1.0138502647989805e-06,-1.2166203177587771e-05
olufsen_k2,rpa,olufsen,-23.399475000000002,-25.5267,2.1272249999999993,-0.0833333333333333,rpa_split,0.4999978832504318,0.5,-2.1167495681817527e-06,-4.2334991363635055e-06,5.0801989636362086e-05
olufsen_k2,rpa,olufsen,-23.399475000000002,-25.5267,2.1272249999999993,-0.0833333333333333,lpa_split,0.5000021167495682,0.5,2.1167495681817527e-06,4.2334991363635055e-06,-5.0801989636362086e-05
olufsen_k2,rpa,olufsen,-21.272250000000003,-25.5267,4.2544499999999985,-0.1666666666666666,mpa_systolic,3942.8448086164326,3942.837664265465,0.007144350967791979,1.8119820231358534e-06,-1.0871892138815124e-05
olufsen_k2,rpa,olufsen,-21.272250000000003,-25.5267,4.2544499999999985,-0.1666666666666666,mpa_diastolic,4.537140939274194,4.536308204188096,0.0008327350860986016,0.00018357109980529724,-0.0011014265988317838
olufsen_k2,rpa,olufsen,-21.272250000000003,-25.5267,4.2544499999999985,-0.1666666666666666,mpa_mean,816.2126365960575,816.2097021608391,0.002934435218321596,3.5951976686297067e-06,-2.1571186011778247e-05
olufsen_k2,rpa,olufsen,-21.272250000000003,-25.5267,4.2544499999999985,-0.1666666666666666,rpa_split,0.499991008731495,0.5,-8.991268505009753e-06,-1.7982537010019506e-05,0.00010789522206011708
olufsen_k2,rpa,olufsen,-21.272250000000003,-25.5267,4.2544499999999985,-0.1666666666666666,lpa_split,0.5000089912685051,0.5,8.991268505065264e-06,1.7982537010130528e-05,-0.00010789522206078321
olufsen_k2,rpa,olufsen,-19.145025000000004,-25.5267,6.381674999999998,-0.2499999999999999,mpa_systolic,3942.8543166551003,3942.837664265465,0.01665238963551019,4.223453018731489e-06,-1.6893812074925963e-05
olufsen_k2,rpa,olufsen,-19.145025000000004,-25.5267,6.381674999999998,-0.2499999999999999,mpa_diastolic,4.5385029580752265,4.536308204188096,0.0021947538871307515,0.0004838193941726599,-0.0019352775766906406
olufsen_k2,rpa,olufsen,-19.145025000000004,-25.5267,6.381674999999998,-0.2499999999999999,mpa_mean,816.2167779973653,816.2097021608391,0.007075836526155399,8.66914042729801e-06,-3.4676561709192056e-05
olufsen_k2,rpa,olufsen,-19.145025000000004,-25.5267,6.381674999999998,-0.2499999999999999,rpa_split,0.4999764310522904,0.5,-2.3568947709606825e-05,-4.713789541921365e-05,0.00018855158167685468
olufsen_k2,rpa,olufsen,-19.145025000000004,-25.5267,6.381674999999998,-0.2499999999999999,lpa_split,0.5000235689477096,0.5,2.3568947709606825e-05,4.713789541921365e-05,-0.00018855158167685468
olufsen_k2,rpa,olufsen,-17.017800000000005,-25.5267,8.508899999999997,-0.3333333333333332,mpa_systolic,3942.870904150878,3942.837664265465,0.03323988541296785,8.430447368966258e-06,-2.529134210689878e-05
olufsen_k2,rpa,olufsen,-17.017800000000005,-25.5267,8.508899999999997,-0.3333333333333332,mpa_diastolic,4.540878323562012,4.536308204188096,0.00457011937391627,0.0010074534551459619,-0.003022360365437887
olufsen_k2,rpa,olufsen,-17.017800000000005,-25.5267,8.508899999999997,-0.3333333333333332,mpa_mean,816.2240411678454,816.2097021608391,0.014339007006242355,1.7567797795445422e-05,-5.270339338633629e-05
olufsen_k2,rpa,olufsen,-17.017800000000005,-25.5267,8.508899999999997,-0.3333333333333332,rpa_split,0.4999505282872678,0.5,-4.947171273217421e-05,-9.894342546434842e-05,0.0002968302763930454
olufsen_k2,rpa,olufsen,-17.017800000000005,-25.5267,8.508899999999997,-0.3333333333333332,lpa_split,0.5000494717127322,0.5,4.947171273217421e-05,9.894342546434842e-05,-0.0002968302763930454
olufsen_k2,rpa,olufsen,-14.890575000000005,-25.5267,10.636124999999996,-0.4166666666666665,mpa_systolic,3942.9002865591683,3942.837664265465,0.06262229370349814,1.58825442576684e-05,-3.811810621840418e-05
olufsen_k2,rpa,olufsen,-14.890575000000005,-25.5267,10.636124999999996,-0.4166666666666665,mpa_diastolic,4.544479254960443,4.536308204188096,0.008171050772347144,0.0018012556476659396,-0.004323013554398257
olufsen_k2,rpa,olufsen,-14.890575000000005,-25.5267,10.636124999999996,-0.4166666666666665,mpa_mean,816.2364213038999,816.2097021608391,0.02671914306074541,3.2735635205032444e-05,-7.856552449207789e-05
olufsen_k2,rpa,olufsen,-14.890575000000005,-25.5267,10.636124999999996,-0.4166666666666665,rpa_split,0.49990920608272676,0.5,-9.079391727323527e-05,-0.00018158783454647054,0.00043581080291152943
olufsen_k2,rpa,olufsen,-14.890575000000005,-25.5267,10.636124999999996,-0.4166666666666665,lpa_split,0.5000907939172732,0.5,9.079391727317976e-05,0.00018158783454635952,-0.000435810802911263
olufsen_k2,rpa,olufsen,-12.76335,-25.5267,12.76335,-0.5,mpa_systolic,3942.958085217646,3942.837664265465,0.12042095218112081,3.054169672581606e-05,-6.108339345163213e-05
olufsen_k2,rpa,olufsen,-12.76335,-25.5267,12.76335,-0.5,mpa_diastolic,4.5493011684480305,4.536308204188096,0.01299296425993468,0.002864215497513831,-0.005728430995027662
olufsen_k2,rpa,olufsen,-12.76335,-25.5267,12.76335,-0.5,mpa_mean,816.2586893734458,816.2097021608391,0.04898721260667571,6.0017924899675454e-05,-0.00012003584979935091
olufsen_k2,rpa,olufsen,-12.76335,-25.5267,12.76335,-0.5,rpa_split,0.4998471940499314,0.5,-0.00015280595006861297,-0.00030561190013722594,0.0006112238002744519
olufsen_k2,rpa,olufsen,-12.76335,-25.5267,12.76335,-0.5,lpa_split,0.5001528059500686,0.5,0.00015280595006861297,0.00030561190013722594,-0.0006112238002744519
olufsen_k3,lpa,olufsen,552265.7454545,1104531.490909,-552265.7454545,-0.5,mpa_systolic,3940.28665022859,3942.837664265465,-2.551014036874676,-0.0006469995100216534,0.0012939990200433067
olufsen_k3,lpa,olufsen,552265.7454545,1104531.490909,-552265.7454545,-0.5,mpa_diastolic,4.574785832634387,4.536308204188096,0.03847762844629088,0.00848214599060241,-0.01696429198120482
olufsen_k3,lpa,olufsen,552265.7454545,1104531.490909,-552265.7454545,-0.5,mpa_mean,815.4908404267078,816.2097021608391,-0.7188617341313375,-0.0008807316700943618,0.0017614633401887235
olufsen_k3,lpa,olufsen,552265.7454545,1104531.490909,-552265.7454545,-0.5,rpa_split,0.49969050307610496,0.5,-0.00030949692389503625,-0.0006189938477900725,0.001237987695580145
olufsen_k3,lpa,olufsen,552265.7454545,1104531.490909,-552265.7454545,-0.5,lpa_split,0.500309496923895,0.5,0.00030949692389503625,0.0006189938477900725,-0.001237987695580145
olufsen_k3,lpa,olufsen,644310.0363635833,1104531.490909,-460221.45454541664,-0.4166666666666667,mpa_systolic,3940.8402739416483,3942.837664265465,-1.9973903238164894,-0.0005065870050697599,0.0012158088121674237
olufsen_k3,lpa,olufsen,644310.0363635833,1104531.490909,-460221.45454541664,-0.4166666666666667,mpa_diastolic,4.577743933915906,4.536308204188096,0.04143572972781051,0.009134240413725734,-0.02192217699294176
olufsen_k3,lpa,olufsen,644310.0363635833,1104531.490909,-460221.45454541664,-0.4166666666666667,mpa_mean,815.6562182077026,816.2097021608391,-0.5534839531364923,-0.0006781148909051132,0.0016274757381722715
olufsen_k3,lpa,olufsen,644310.0363635833,1104531.490909,-460221.45454541664,-0.4166666666666667,rpa_split,0.49984785591207775,0.5,-0.00015214408792224576,-0.0003042881758444915,0.0007302916220267797
olufsen_k3,lpa,olufsen,644310.0363635833,1104531.490909,-460221.45454541664,-0.4166666666666667,lpa_split,0.5001521440879222,0.5,0.00015214408792219025,0.0003042881758443805,-0.0007302916220265132
olufsen_k3,lpa,olufsen,736354.3272726666,1104531.490909,-368177.1636363333,-0.3333333333333333,mpa_systolic,3941.226662327115,3942.837664265465,-1.6110019383500003,-0.0004085894666551339,0.0012257683999654019
olufsen_k3,lpa,olufsen,736354.3272726666,1104531.490909,-368177.1636363333,-0.3333333333333333,mpa_diastolic,4.582469104979378,4.536308204188096,0.04616090079128199,0.010175874017701102,-0.030527622053103307
olufsen_k3,lpa,olufsen,736354.3272726666,1104531.490909,-368177.1636363333,-0.3333333333333333,mpa_mean,815.7736367990199,816.2097021608391,-0.43606536181926003,-0.0005342565282730867,0.0016027695848192603
olufsen_k3,lpa,olufsen,736354.3272726666,1104531.490909,-368177.1636363333,-0.3333333333333333,rpa_split,0.49998747588693637,0.5,-1.2524113063627773e-05,-2.5048226127255546e-05,7.514467838176664e-05
olufsen_k3,lpa,olufsen,736354.3272726666,1104531.490909,-368177.1636363333,-0.3333333333333333,lpa_split,0.5000125241130636,0.5,1.2524113063627773e-05,2.5048226127255546e-05,-7.514467838176664e-05
olufsen_k3,lpa,olufsen,828398.61818175,1104531.490909,-276132.87272725,-0.25,mpa_systolic,3941.619874530964,3942.837664265465,-1.2177897345009114,-0.00030886124111523136,0.0012354449644609254
olufsen_k3,lpa,olufsen,828398.61818175,1104531.490909,-276132.87272725,-0.25,mpa_diastolic,4.578665584506208,4.536308204188096,0.04235738031811209,0.009337412365192936,-0.037349649460771746
olufsen_k3,lpa,olufsen,828398.61818175,1104531.490909,-276132.87272725,-0.25,mpa_mean,815.8861163452514,816.2097021608391,-0.3235858155877622,-0.00039644936188714606,0.0015857974475485842
olufsen_k3,lpa,olufsen,828398.61818175,1104531.490909,-276132.87272725,-0.25,rpa_split,0.5000564072609038,0.5,5.640726090383463e-05,0.00011281452180766927,-0.00045125808723067706
olufsen_k3,lpa,olufsen,828398.61818175,1104531.490909,-276132.87272725,-0.25,lpa_split,0.49994359273909617,0.5,-5.640726090383463e-05,-0.00011281452180766927,0.00045125808723067706
olufsen_k3,lpa,olufsen,920442.9090908333,1104531.490909,-184088.58181816665,-0.16666666666666666,mpa_systolic,3942.007144084804,3942.837664265465,-0.8305201806606419,-0.0002106402168640551,0.0012638413011843307
olufsen_k3,lpa,olufsen,920442.9090908333,1104531.490909,-184088.58181816665,-0.16666666666666666,mpa_diastolic,4.556874830694482,4.536308204188096,0.020566626506385965,0.004533780682581942,-0.02720268409549165
olufsen_k3,lpa,olufsen,920442.9090908333,1104531.490909,-184088.58181816665,-0.16666666666666666,mpa_mean,815.9810593710438,816.2097021608391,-0.22864278979534447,-0.00028012750790640446,0.0016807650474384267
olufsen_k3,lpa,olufsen,920442.9090908333,1104531.490909,-184088.58181816665,-0.16666666666666666,rpa_split,0.4999648778516656,0.5,-3.512214833439886e-05,-7.024429666879772e-05,0.00042146578001278634
olufsen_k3,lpa,olufsen,920442.9090908333,1104531.490909,-184088.58181816665,-0.16666666666666666,lpa_split,0.5000351221483343,0.5,3.512214833434335e-05,7.02442966686867e-05,-0.0004214657800121202
olufsen_k3,lpa,olufsen,1012487.1999999166,1104531.490909,-92044.29090908333,-0.08333333333333333,mpa_systolic,3942.4043371882367,3942.837664265465,-0.4333270772281139,-0.00010990233789116475,0.001318828054693977
olufsen_k3,lpa,olufsen,1012487.1999999166,1104531.490909,-92044.29090908333,-0.08333333333333333,mpa_diastolic,4.539804848892042,4.536308204188096,0.0034966447039463944,0.0007708128607130698,-0.009249754328556839
olufsen_k3,lpa,olufsen,1012487.1999999166,1104531.490909,-92044.29090908333,-0.08333333333333333,mpa_mean,816.0837992611017,816.2097021608391,-0.12590289973741164,-0.00015425312809207663,0.0018510375371049196
olufsen_k3,lpa,olufsen,1012487.1999999166,1104531.490909,-92044.29090908333,-0.08333333333333333,rpa_split,0.49991835174187715,0.5,-8.164825812284615e-05,-0.0001632965162456923,0.0019595581949483076
olufsen_k3,lpa,olufsen,1012487.1999999166,1104531.490909,-92044.29090908333,-0.08333333333333333,lpa_split,0.5000816482581228,0.5,8.164825812284615e-05,0.0001632965162456923,-0.0019595581949483076
olufsen_k3,lpa,olufsen,1104531.490909,1104531.490909,0.0,0.0,mpa_systolic,3942.837664265465,3942.837664265465,0.0,0.0,0.0
olufsen_k3,lpa,olufsen,1104531.490909,1104531.490909,0.0,0.0,mpa_diastolic,4.536308204188096,4.536308204188096,0.0,0.0,0.0
olufsen_k3,lpa,olufsen,1104531.490909,1104531.490909,0.0,0.0,mpa_mean,816.2097021608391,816.2097021608391,0.0,0.0,0.0
olufsen_k3,lpa,olufsen,1104531.490909,1104531.490909,0.0,0.0,rpa_split,0.5,0.5,0.0,0.0,0.0
olufsen_k3,lpa,olufsen,1104531.490909,1104531.490909,0.0,0.0,lpa_split,0.5,0.5,0.0,0.0,0.0
olufsen_k3,lpa,olufsen,1196575.7818180833,1104531.490909,92044.29090908333,0.08333333333333333,mpa_systolic,3943.221501942282,3942.837664265465,0.38383767681716563,9.735061635835141e-05,0.001168207396300217
olufsen_k3,lpa,olufsen,1196575.7818180833,1104531.490909,92044.29090908333,0.08333333333333333,mpa_diastolic,4.537048342462692,4.536308204188096,0.0007401382745966245,0.00016315872759996777,0.0019579047311996133
olufsen_k3,lpa,olufsen,1196575.7818180833,1104531.490909,92044.29090908333,0.08333333333333333,mpa_mean,816.3249144147245,816.2097021608391,0.1152122538853746,0.00014115521241705518,0.0016938625490046622
olufsen_k3,lpa,olufsen,1196575.7818180833,1104531.490909,92044.29090908333,0.08333333333333333,rpa_split,0.5001092356039463,0.5,0.00010923560394626719,0.00021847120789253438,0.0026216544947104126
olufsen_k3,lpa,olufsen,1196575.7818180833,1104531.490909,92044.29090908333,0.08333333333333333,lpa_split,0.49989076439605373,0.5,-0.00010923560394626719,-0.00021847120789253438,-0.0026216544947104126
olufsen_k3,lpa,olufsen,1288620.0727271666,1104531.490909,184088.58181816665,0.16666666666666666,mpa_systolic,3943.5233690339223,3942.837664265465,0.6857047684575264,0.00017391148884271157,0.0010434689330562695
olufsen_k3,lpa,olufsen,1288620.0727271666,1104531.490909,184088.58181816665,0.16666666666666666,mpa_diastolic,4.538619081234011,4.536308204188096,0.0023108770459154826,0.0005094179984909296,0.0030565079909455773
olufsen_k3,lpa,olufsen,1288620.0727271666,1104531.490909,184088.58181816665,0.16666666666666666,mpa_mean,816.4163125264784,816.2097021608391,0.20661036563922153,0.000253133925132524,0.0015188035507951439
olufsen_k3,lpa,olufsen,1288620.0727271666,1104531.490909,184088.58181816665,0.16666666666666666,rpa_split,0.5002060195650908,0.5,0.0002060195650908092,0.0004120391301816184,0.0024722347810897105
olufsen_k3,lpa,olufsen,1288620.0727271666,1104531.490909,184088.58181816665,0.16666666666666666,lpa_split,0.4997939804349092,0.5,-0.0002060195650908092,-0.0004120391301816184,-0.0024722347810897105
olufsen_k3,lpa,olufsen,1380664.36363625,1104531.490909,276132.87272725,0.25,mpa_systolic,3943.7525669763254,3942.837664265465,0.9149027108605878,0.00023204168894714832,0.0009281667557885933
olufsen_k3,lpa,olufsen,1380664.36363625,1104531.490909,276132.87272725,0.25,mpa_diastolic,4.54041854517201,4.536308204188096,0.004110340983913829,0.0009060982629264482,0.003624393051705793
olufsen_k3,lpa,olufsen,1380664.36363625,1104531.490909,276132.87272725,0.25,mpa_mean,816.4859854852581,816.2097021608391,0.2762833244189551,0.0003384955161492454,0.0013539820645969815
olufsen_k3,lpa,olufsen,1380664.36363625,1104531.490909,276132.87272725,0.25,rpa_split,0.5002855093410377,0.5,0.0002855093410376597,0.0005710186820753194,0.0022840747283012774
olufsen_k3,lpa,olufsen,1380664.36363625,1104531.490909,276132.87272725,0.25,lpa_split,0.49971449065896234,0.5,-0.0002855093410376597,-0.0005710186820753194,-0.0022840747283012774
olufsen_k3,lpa,olufsen,1472708.6545453332,1104531.490909,368177.1636363333,0.3333333333333333,mpa_systolic,3943.9385783235966,3942.837664265465,1.1009140581318206,0.00027921871298673326,0.0008376561389601998
olufsen_k3,lpa,olufsen,1472708.6545453332,1104531.490909,368177.1636363333,0.3333333333333333,mpa_diastolic,4.542200292057033,4.536308204188096,0.005892087868937246,0.0012988729168572457,0.0038966187505717373
olufsen_k3,lpa,olufsen,1472708.6545453332,1104531.490909,368177.1636363333,0.3333333333333333,mpa_mean,816.5426662778129,816.2097021608391,0.33296411697381245,0.0004079394254838199,0.0012238182764514598
olufsen_k3,lpa,olufsen,1472708.6545453332,1104531.490909,368177.1636363333,0.3333333333333333,rpa_split,0.5003534569749731,0.5,0.000353456974973132,0.000706913949946264,0.002120741849838792
olufsen_k3,lpa,olufsen,1472708.6545453332,1104531.490909,368177.1636363333,0.3333333333333333,lpa_split,0.49964654302502687,0.5,-0.000353456974973132,-0.000706913949946264,-0.002120741849838792
olufsen_k3,lpa,olufsen,1564752.9454544166,1104531.490909,460221.45454541664,0.4166666666666667,mpa_systolic,3944.114909863163,3942.837664265465,1.277245597698311,0.0003239407012046632,0.0007774576828911916
olufsen_k3,lpa,olufsen,1564752.9454544166,1104531.490909,460221.45454541664,0.4166666666666667,mpa_diastolic,4.5439604550167285,4.536308204188096,0.007652250828632745,0.0016868895331159136,0.004048534879478193
olufsen_k3,lpa,olufsen,1564752.9454544166,1104531.490909,460221.45454541664,0.4166666666666667,mpa_mean,816.5964767662398,816.2097021608391,0.3867746054006602,0.00047386670898019284,0.0011372801015524627
olufsen_k3,lpa,olufsen,1564752.9454544166,1104531.490909,460221.45454541664,0.4166666666666667,rpa_split,0.5004178491082218,0.5,0.00041784910822184607,0.0008356982164436921,0.002005675719464861
olufsen_k3,lpa,olufsen,1564752.9454544166,1104531.490909,460221.45454541664,0.4166666666666667,lpa_split,0.49958215089177815,0.5,-0.00041784910822184607,-0.0008356982164436921,-0.002005675719464861
olufsen_k3,lpa,olufsen,1656797.2363635,1104531.490909,552265.7454545,0.5,mpa_systolic,3944.306400436981,3942.837664265465,1.4687361715164116,0.00037250739101632056,0.0007450147820326411
olufsen_k3,lpa,olufsen,1656797.2363635,1104531.490909,552265.7454545,0.5,mpa_diastolic,4.545730345310348,4.536308204188096,0.00942214112225237,0.002077050477644681,0.004154100955289362
olufsen_k3,lpa,olufsen,1656797.2363635,1104531.490909,552265.7454545,0.5,mpa_mean,816.6549393333487,816.2097021608391,0.4452371725095645,0.0005454936045612305,0.001090987209122461
olufsen_k3,lpa,olufsen,1656797.2363635,1104531.490909,552265.7454545,0.5,rpa_split,0.5004847766196311,0.5,0.00048477661963108876,0.0009695532392621775,0.001939106478524355
olufsen_k3,lpa,olufsen,1656797.2363635,1104531.490909,552265.7454545,0.5,lpa_split,0.4995152233803689,0.5,-0.00048477661963108876,-0.0009695532392621775,-0.001939106478524355
olufsen_k3,rpa,olufsen,552265.7454545,1104531.490909,-552265.7454545,-0.5,mpa_systolic,3940.28665022859,3942.837664265465,-2.551014036874676,-0.0006469995100216534,0.0012939990200433067
olufsen_k3,rpa,olufsen,552265.7454545,1104531.490909,-552265.7454545,-0.5,mpa_diastolic,4.5747858326343875,4.536308204188096,0.03847762844629177,0.008482145990602607,-0.016964291981205214
olufsen_k3,rpa,olufsen,552265.7454545,1104531.490909,-552265.7454545,-0.5,mpa_mean,815.4908404267078,816.2097021608391,-0.7188617341313375,-0.0008807316700943618,0.0017614633401887235
olufsen_k3,rpa,olufsen,552265.7454545,1104531.490909,-552265.7454545,-0.5,rpa_split,0.500309496923895,0.5,0.00030949692389503625,0.0006189938477900725,-0.001237987695580145
olufsen_k3,rpa,olufsen,552265.7454545,1104531.490909,-552265.7454545,-0.5,lpa_split,0.49969050307610496,0.5,-0.00030949692389503625,-0.0006189938477900725,0.001237987695580145
olufsen_k3,rpa,olufsen,644310.0363635833,1104531.490909,-460221.45454541664,-0.4166666666666667,mpa_systolic,3940.8402739416483,3942.837664265465,-1.9973903238164894,-0.0005065870050697599,0.0012158088121674237
olufsen_k3,rpa,olufsen,644310.0363635833,1104531.490909,-460221.45454541664,-0.4166666666666667,mpa_diastolic,4.5777439339159045,4.536308204188096,0.041435729727808734,0.009134240413725342,-0.02192217699294082
olufsen_k3,rpa,olufsen,644310.0363635833,1104531.490909,-460221.45454541664,-0.4166666666666667,mpa_mean,815.6562182077026,816.2097021608391,-0.5534839531364923,-0.0006781148909051132,0.0016274757381722715
olufsen_k3,rpa,olufsen,644310.0363635833,1104531.490909,-460221.45454541664,-0.4166666666666667,rpa_split,0.5001521440879223,0.5,0.00015214408792230127,0.00030428817584460255,-0.0007302916220270461
olufsen_k3,rpa,olufsen,644310.0363635833,1104531.490909,-460221.45454541664,-0.4166666666666667,lpa_split,0.4998478559120777,0.5,-0.00015214408792230127,-0.00030428817584460255,0.0007302916220270461
olufsen_k3,rpa,olufsen,736354.3272726666,1104531.490909,-368177.1636363333,-0.3333333333333333,mpa_systolic,3941.226662327114,3942.837664265465,-1.6110019383509098,-0.0004085894666553646,0.0012257683999660938
olufsen_k3,rpa,olufsen,736354.3272726666,1104531.490909,-368177.1636363333,-0.3333333333333333,mpa_diastolic,4.582469104979378,4.536308204188096,0.04616090079128199,0.010175874017701102,-0.030527622053103307
olufsen_k3,rpa,olufsen,736354.3272726666,1104531.490909,-368177.1636363333,-0.3333333333333333,mpa_mean,815.7736367990199,816.2097021608391,-0.43606536181926003,-0.0005342565282730867,0.0016027695848192603
olufsen_k3,rpa,olufsen,736354.3272726666,1104531.490909,-368177.1636363333,-0.3333333333333333,rpa_split,0.5000125241130635,0.5,1.252411306351675e-05,2.50482261270335e-05,-7.51446783811005e-05
olufsen_k3,rpa,olufsen,736354.3272726666,1104531.490909,-368177.1636363333,-0.3333333333333333,lpa_split,0.4999874758869365,0.5,-1.252411306351675e-05,-2.50482261270335e-05,7.51446783811005e-05
olufsen_k3,rpa,olufsen,828398.61818175,1104531.490909,-276132.87272725,-0.25,mpa_systolic,3941.619874530964,3942.837664265465,-1.2177897345009114,-0.00030886124111523136,0.0012354449644609254
olufsen_k3,rpa,olufsen,828398.61818175,1104531.490909,-276132.87272725,-0.25,mpa_diastolic,4.578665584506207,4.536308204188096,0.042357380318111204,0.00933741236519274,-0.03734964946077096
olufsen_k3,rpa,olufsen,828398.61818175,1104531.490909,-276132.87272725,-0.25,mpa_mean,815.8861163452514,816.2097021608391,-0.3235858155877622,-0.00039644936188714606,0.0015857974475485842
olufsen_k3,rpa,olufsen,828398.61818175,1104531.490909,-276132.87272725,-0.25,rpa_split,0.4999435927390962,0.5,-5.640726090377912e-05,-0.00011281452180755824,0.000451258087230233
olufsen_k3,rpa,olufsen,828398.61818175,1104531.490909,-276132.87272725,-0.25,lpa_split,0.5000564072609037,0.5,5.640726090372361e-05,0.00011281452180744722,-0.0004512580872297889
olufsen_k3,rpa,olufsen,920442.9090908333,1104531.490909,-184088.58181816665,-0.16666666666666666,mpa_systolic,3942.007144084804,3942.837664265465,-0.8305201806606419,-0.0002106402168640551,0.0012638413011843307
olufsen_k3,rpa,olufsen,920442.9090908333,1104531.490909,-184088.58181816665,-0.16666666666666666,mpa_diastolic,4.556874830694482,4.536308204188096,0.020566626506385965,0.004533780682581942,-0.02720268409549165
olufsen_k3,rpa,olufsen,920442.9090908333,1104531.490909,-184088.58181816665,-0.16666666666666666,mpa_mean,815.9810593710438,816.2097021608391,-0.22864278979534447,-0.00028012750790640446,0.0016807650474384267
olufsen_k3,rpa,olufsen,920442.9090908333,1104531.490909,-184088.58181816665,-0.16666666666666666,rpa_split,0.5000351221483343,0.5,3.512214833434335e-05,7.02442966686867e-05,-0.0004214657800121202
olufsen_k3,rpa,olufsen,920442.9090908333,1104531.490909,-184088.58181816665,-0.16666666666666666,lpa_split,0.49996487785166566,0.5,-3.512214833434335e-05,-7.02442966686867e-05,0.0004214657800121202
olufsen_k3,rpa,olufsen,1012487.1999999166,1104531.490909,-92044.29090908333,-0.08333333333333333,mpa_systolic,3942.4043371882367,3942.837664265465,-0.4333270772281139,-0.00010990233789116475,0.001318828054693977
olufsen_k3,rpa,olufsen,1012487.1999999166,1104531.490909,-92044.29090908333,-0.08333333333333333,mpa_diastolic,4.539804848892044,4.536308204188096,0.0034966447039481707,0.0007708128607134614,-0.009249754328561538
olufsen_k3,rpa,olufsen,1012487.1999999166,1104531.490909,-92044.29090908333,-0.08333333333333333,mpa_mean,816.0837992611015,816.2097021608391,-0.12590289973763902,-0.00015425312809235522,0.0018510375371082626
olufsen_k3,rpa,olufsen,1012487.1999999166,1104531.490909,-92044.29090908333,-0.08333333333333333,rpa_split,0.5000816482581227,0.5,8.164825812273513e-05,0.00016329651624547026,-0.001959558194945643
olufsen_k3,rpa,olufsen,1012487.1999999166,1104531.490909,-92044.29090908333,-0.08333333333333333,lpa_split,0.49991835174187726,0.5,-8.164825812273513e-05,-0.00016329651624547026,0.001959558194945643
olufsen_k3,rpa,olufsen,1104531.490909,1104531.490909,0.0,0.0,mpa_systolic,3942.837664265465,3942.837664265465,0.0,0.0,0.0
olufsen_k3,rpa,olufsen,1104531.490909,1104531.490909,0.0,0.0,mpa_diastolic,4.536308204188096,4.536308204188096,0.0,0.0,0.0
olufsen_k3,rpa,olufsen,1104531.490909,1104531.490909,0.0,0.0,mpa_mean,816.2097021608391,816.2097021608391,0.0,0.0,0.0
olufsen_k3,rpa,olufsen,1104531.490909,1104531.490909,0.0,0.0,rpa_split,0.5,0.5,0.0,0.0,0.0
olufsen_k3,rpa,olufsen,1104531.490909,1104531.490909,0.0,0.0,lpa_split,0.5,0.5,0.0,0.0,0.0
olufsen_k3,rpa,olufsen,1196575.7818180833,1104531.490909,92044.29090908333,0.08333333333333333,mpa_systolic,3943.221501942282,3942.837664265465,0.38383767681716563,9.735061635835141e-05,0.001168207396300217
olufsen_k3,rpa,olufsen,1196575.7818180833,1104531.490909,92044.29090908333,0.08333333333333333,mpa_diastolic,4.537048342462692,4.536308204188096,0.0007401382745966245,0.00016315872759996777,0.0019579047311996133
olufsen_k3,rpa,olufsen,1196575.7818180833,1104531.490909,92044.29090908333,0.08333333333333333,mpa_mean,816.3249144147245,816.2097021608391,0.1152122538853746,0.00014115521241705518,0.0016938625490046622
olufsen_k3,rpa,olufsen,1196575.7818180833,1104531.490909,92044.29090908333,0.08333333333333333,rpa_split,0.49989076439605384,0.5,-0.00010923560394615617,-0.00021847120789231234,-0.002621654494707748
olufsen_k3,rpa,olufsen,1196575.7818180833,1104531.490909,92044.29090908333,0.08333333333333333,lpa_split,0.5001092356039462,0.5,0.00010923560394615617,0.00021847120789231234,0.002621654494707748
olufsen_k3,rpa,olufsen,1288620.0727271666,1104531.490909,184088.58181816665,0.16666666666666666,mpa_systolic,3943.5233690339223,3942.837664265465,0.6857047684575264,0.00017391148884271157,0.0010434689330562695
olufsen_k3,rpa,olufsen,1288620.0727271666,1104531.490909,184088.58181816665,0.16666666666666666,mpa_diastolic,4.53861908123401,4.536308204188096,0.0023108770459145944,0.0005094179984907337,0.0030565079909444025
olufsen_k3,rpa,olufsen,1288620.0727271666,1104531.490909,184088.58181816665,0.16666666666666666,mpa_mean,816.4163125264784,816.2097021608391,0.20661036563922153,0.000253133925132524,0.0015188035507951439
olufsen_k3,rpa,olufsen,1288620.0727271666,1104531.490909,184088.58181816665,0.16666666666666666,rpa_split,0.4997939804349093,0.5,-0.0002060195650906982,-0.0004120391301813964,-0.0024722347810883782
olufsen_k3,rpa,olufsen,1288620.0727271666,1104531.490909,184088.58181816665,0.16666666666666666,lpa_split,0.5002060195650907,0.5,0.0002060195650906982,0.0004120391301813964,0.0024722347810883782
olufsen_k3,rpa,olufsen,1380664.36363625,1104531.490909,276132.87272725,0.25,mpa_systolic,3943.7525669763254,3942.837664265465,0.9149027108605878,0.00023204168894714832,0.0009281667557885933
olufsen_k3,rpa,olufsen,1380664.36363625,1104531.490909,276132.87272725,0.25,mpa_diastolic,4.54041854517201,4.536308204188096,0.004110340983913829,0.0009060982629264482,0.003624393051705793
olufsen_k3,rpa,olufsen,1380664.36363625,1104531.490909,276132.87272725,0.25,mpa_mean,816.4859854852581,816.2097021608391,0.2762833244189551,0.0003384955161492454,0.0013539820645969815
olufsen_k3,rpa,olufsen,1380664.36363625,1104531.490909,276132.87272725,0.25,rpa_split,0.4997144906589624,0.5,-0.00028550934103760417,-0.0005710186820752083,-0.0022840747283008334
olufsen_k3,rpa,olufsen,1380664.36363625,1104531.490909,276132.87272725,0.25,lpa_split,0.5002855093410377,0.5,0.0002855093410376597,0.0005710186820753194,0.0022840747283012774
olufsen_k3,rpa,olufsen,1472708.6545453332,1104531.490909,368177.1636363333,0.3333333333333333,mpa_systolic,3943.9385783235966,3942.837664265465,1.1009140581318206,0.00027921871298673326,0.0008376561389601998
olufsen_k3,rpa,olufsen,1472708.6545453332,1104531.490909,368177.1636363333,0.3333333333333333,mpa_diastolic,4.542200292057033,4.536308204188096,0.005892087868937246,0.0012988729168572457,0.0038966187505717373
olufsen_k3,rpa,olufsen,1472708.6545453332,1104531.490909,368177.1636363333,0.3333333333333333,mpa_mean,816.5426662778132,816.2097021608391,0.3329641169740398,0.00040793942548409843,0.0012238182764522953
olufsen_k3,rpa,olufsen,1472708.6545453332,1104531.490909,368177.1636363333,0.3333333333333333,rpa_split,0.4996465430250268,0.5,-0.0003534569749731875,-0.000706913949946375,-0.002120741849839125
olufsen_k3,rpa,olufsen,1472708.6545453332,1104531.490909,368177.1636363333,0.3333333333333333,lpa_split,0.5003534569749732,0.5,0.000353456974973243,0.000706913949946486,0.002120741849839458
olufsen_k3,rpa,olufsen,1564752.9454544166,1104531.490909,460221.45454541664,0.4166666666666667,mpa_systolic,3944.114909863163,3942.837664265465,1.277245597698311,0.0003239407012046632,0.0007774576828911916
olufsen_k3,rpa,olufsen,1564752.9454544166,1104531.490909,460221.45454541664,0.4166666666666667,mpa_diastolic,4.543960455016728,4.536308204188096,0.007652250828631857,0.0016868895331157178,0.004048534879477723
olufsen_k3,rpa,olufsen,1564752.9454544166,1104531.490909,460221.45454541664,0.4166666666666667,mpa_mean,816.5964767662398,816.2097021608391,0.3867746054006602,0.00047386670898019284,0.0011372801015524627
olufsen_k3,rpa,olufsen,1564752.9454544166,1104531.490909,460221.45454541664,0.4166666666666667,rpa_split,0.4995821508917781,0.5,-0.0004178491082219016,-0.0008356982164438032,-0.0020056757194651274
olufsen_k3,rpa,olufsen,1564752.9454544166,1104531.490909,460221.45454541664,0.4166666666666667,lpa_split,0.5004178491082218,0.5,0.00041784910822184607,0.0008356982164436921,0.002005675719464861
olufsen_k3,rpa,olufsen,1656797.2363635,1104531.490909,552265.7454545,0.5,mpa_systolic,3944.306400436981,3942.837664265465,1.4687361715164116,0.00037250739101632056,0.0007450147820326411
olufsen_k3,rpa,olufsen,1656797.2363635,1104531.490909,552265.7454545,0.5,mpa_diastolic,4.545730345310349,4.536308204188096,0.009422141122253258,0.0020770504776448768,0.0041541009552897535
olufsen_k3,rpa,olufsen,1656797.2363635,1104531.490909,552265.7454545,0.5,mpa_mean,816.6549393333487,816.2097021608391,0.4452371725095645,0.0005454936045612305,0.001090987209122461
olufsen_k3,rpa,olufsen,1656797.2363635,1104531.490909,552265.7454545,0.5,rpa_split,0.49951522338036886,0.5,-0.00048477661963114427,-0.0009695532392622885,-0.001939106478524577
olufsen_k3,rpa,olufsen,1656797.2363635,1104531.490909,552265.7454545,0.5,lpa_split,0.5004847766196312,0.5,0.0004847766196311998,0.0009695532392623996,0.0019391064785247991
