pa, k1, k2, k3, lrr, diameter, loss, flow_split, p_mpa
lpa, 19992500.0, -30.70380829, 0.0, 41.41957157, 0.15439045, 0.09673344274501784, 0.20014889677163328, [72.0002198728307, 13.999993463138413, 39.18172106527314]
rpa, 19992500.0, -58.61992902, 0.0, 41.41957157, 0.25603551, 0.09673344274501784, 0.7998511032283667, [72.0002198728307, 13.999993463138413, 39.18172106527314]
